0 verbose cli C:\Program Files\nodejs\node.exe C:\Program Files\nodejs\node_modules\npm\bin\npm-cli.js
1 info using npm@11.17.0
2 info using node@v26.5.0
3 silly config load:file:C:\Program Files\nodejs\node_modules\npm\npmrc
4 silly config load:file:C:\Users\Admin\Downloads\project\.npmrc
5 silly config load:file:C:\Users\Admin\.npmrc
6 silly config load:file:C:\Users\Admin\AppData\Roaming\npm\etc\npmrc
7 verbose title npm ci
8 verbose argv "ci" "--cache" ".npm-cache" "--no-audit"
9 verbose logfile logs-max:10 dir:C:\Users\Admin\Downloads\project\.npm-cache\_logs\2026-07-14T21_31_37_928Z-
10 verbose logfile C:\Users\Admin\Downloads\project\.npm-cache\_logs\2026-07-14T21_31_37_928Z-debug-0.log
11 silly logfile done cleaning log files
12 silly packumentCache heap:2248146944 maxSize:562036736 maxEntrySize:281018368
13 silly packumentCache heap:2248146944 maxSize:562036736 maxEntrySize:281018368
14 silly idealTree buildDeps
15 silly reify moves {}
16 http cache yocto-queue@https://registry.npmjs.org/yocto-queue/-/yocto-queue-0.1.0.tgz 1ms (cache hit)
17 http cache zod@https://registry.npmjs.org/zod/-/zod-3.23.8.tgz 1ms (cache hit)
18 http cache yaml@https://registry.npmjs.org/yaml/-/yaml-2.5.1.tgz 1ms (cache hit)
19 http cache ws@https://registry.npmjs.org/ws/-/ws-8.18.3.tgz 0ms (cache hit)
20 http cache wrappy@https://registry.npmjs.org/wrappy/-/wrappy-1.0.2.tgz 0ms (cache hit)
21 http cache wrap-ansi-cjs@https://registry.npmjs.org/wrap-ansi/-/wrap-ansi-7.0.0.tgz 0ms (cache hit)
22 http cache word-wrap@https://registry.npmjs.org/word-wrap/-/word-wrap-1.2.5.tgz 0ms (cache hit)
23 http cache wrap-ansi@https://registry.npmjs.org/wrap-ansi/-/wrap-ansi-8.1.0.tgz 0ms (cache hit)
24 http cache which-typed-array@https://registry.npmjs.org/which-typed-array/-/which-typed-array-1.1.15.tgz 0ms (cache hit)
25 http cache which-collection@https://registry.npmjs.org/which-collection/-/which-collection-1.0.2.tgz 0ms (cache hit)
26 http cache which-builtin-type@https://registry.npmjs.org/which-builtin-type/-/which-builtin-type-1.1.4.tgz 0ms (cache hit)
27 http cache which-boxed-primitive@https://registry.npmjs.org/which-boxed-primitive/-/which-boxed-primitive-1.0.2.tgz 0ms (cache hit)
28 http cache which@https://registry.npmjs.org/which/-/which-2.0.2.tgz 0ms (cache hit)
29 http cache whatwg-url@https://registry.npmjs.org/whatwg-url/-/whatwg-url-5.0.0.tgz 0ms (cache hit)
30 http cache watchpack@https://registry.npmjs.org/watchpack/-/watchpack-2.4.0.tgz 0ms (cache hit)
31 http cache webidl-conversions@https://registry.npmjs.org/webidl-conversions/-/webidl-conversions-3.0.1.tgz 0ms (cache hit)
32 http cache victory-vendor@https://registry.npmjs.org/victory-vendor/-/victory-vendor-36.9.2.tgz 0ms (cache hit)
33 http cache util-deprecate@https://registry.npmjs.org/util-deprecate/-/util-deprecate-1.0.2.tgz 0ms (cache hit)
34 http cache vaul@https://registry.npmjs.org/vaul/-/vaul-0.9.9.tgz 0ms (cache hit)
35 http cache use-sidecar@https://registry.npmjs.org/use-sidecar/-/use-sidecar-1.1.2.tgz 0ms (cache hit)
36 http cache uri-js@https://registry.npmjs.org/uri-js/-/uri-js-4.4.1.tgz 0ms (cache hit)
37 http cache use-callback-ref@https://registry.npmjs.org/use-callback-ref/-/use-callback-ref-1.3.2.tgz 0ms (cache hit)
38 http cache update-browserslist-db@https://registry.npmjs.org/update-browserslist-db/-/update-browserslist-db-1.1.1.tgz 0ms (cache hit)
39 http cache unbox-primitive@https://registry.npmjs.org/unbox-primitive/-/unbox-primitive-1.0.2.tgz 0ms (cache hit)
40 http cache typescript@https://registry.npmjs.org/typescript/-/typescript-5.2.2.tgz 0ms (cache hit)
41 http cache typed-array-length@https://registry.npmjs.org/typed-array-length/-/typed-array-length-1.0.6.tgz 0ms (cache hit)
42 http cache typed-array-byte-offset@https://registry.npmjs.org/typed-array-byte-offset/-/typed-array-byte-offset-1.0.2.tgz 0ms (cache hit)
43 http cache typed-array-byte-length@https://registry.npmjs.org/typed-array-byte-length/-/typed-array-byte-length-1.0.1.tgz 0ms (cache hit)
44 http cache typed-array-buffer@https://registry.npmjs.org/typed-array-buffer/-/typed-array-buffer-1.0.2.tgz 0ms (cache hit)
45 http cache type-fest@https://registry.npmjs.org/type-fest/-/type-fest-0.20.2.tgz 0ms (cache hit)
46 http cache tsconfig-paths@https://registry.npmjs.org/tsconfig-paths/-/tsconfig-paths-3.15.0.tgz 0ms (cache hit)
47 http cache tslib@https://registry.npmjs.org/tslib/-/tslib-2.7.0.tgz 0ms (cache hit)
48 http cache ts-interface-checker@https://registry.npmjs.org/ts-interface-checker/-/ts-interface-checker-0.1.13.tgz 1ms (cache hit)
49 http cache type-check@https://registry.npmjs.org/type-check/-/type-check-0.4.0.tgz 0ms (cache hit)
50 http cache ts-api-utils@https://registry.npmjs.org/ts-api-utils/-/ts-api-utils-1.3.0.tgz 0ms (cache hit)
51 http cache to-regex-range@https://registry.npmjs.org/to-regex-range/-/to-regex-range-5.0.1.tgz 0ms (cache hit)
52 http cache tr46@https://registry.npmjs.org/tr46/-/tr46-0.0.3.tgz 0ms (cache hit)
53 http cache thenify-all@https://registry.npmjs.org/thenify-all/-/thenify-all-1.6.0.tgz 0ms (cache hit)
54 http cache tiny-invariant@https://registry.npmjs.org/tiny-invariant/-/tiny-invariant-1.3.3.tgz 0ms (cache hit)
55 http cache thenify@https://registry.npmjs.org/thenify/-/thenify-3.3.1.tgz 0ms (cache hit)
56 http cache text-table@https://registry.npmjs.org/text-table/-/text-table-0.2.0.tgz 0ms (cache hit)
57 http cache tapable@https://registry.npmjs.org/tapable/-/tapable-2.2.1.tgz 0ms (cache hit)
58 http cache supports-preserve-symlinks-flag@https://registry.npmjs.org/supports-preserve-symlinks-flag/-/supports-preserve-symlinks-flag-1.0.0.tgz 0ms (cache hit)
59 http cache tailwindcss-animate@https://registry.npmjs.org/tailwindcss-animate/-/tailwindcss-animate-1.0.7.tgz 0ms (cache hit)
60 http cache tailwindcss@https://registry.npmjs.org/tailwindcss/-/tailwindcss-3.3.3.tgz 0ms (cache hit)
61 http cache supports-color@https://registry.npmjs.org/supports-color/-/supports-color-7.2.0.tgz 0ms (cache hit)
62 http cache styled-jsx@https://registry.npmjs.org/styled-jsx/-/styled-jsx-5.1.1.tgz 0ms (cache hit)
63 http cache tailwind-merge@https://registry.npmjs.org/tailwind-merge/-/tailwind-merge-2.5.3.tgz 0ms (cache hit)
64 http cache strip-json-comments@https://registry.npmjs.org/strip-json-comments/-/strip-json-comments-3.1.1.tgz 0ms (cache hit)
65 http cache strip-bom@https://registry.npmjs.org/strip-bom/-/strip-bom-3.0.0.tgz 0ms (cache hit)
66 http cache strip-ansi-cjs@https://registry.npmjs.org/strip-ansi/-/strip-ansi-6.0.1.tgz 0ms (cache hit)
67 http cache strip-ansi@https://registry.npmjs.org/strip-ansi/-/strip-ansi-6.0.1.tgz 0ms (cache hit)
68 http cache string.prototype.trimstart@https://registry.npmjs.org/string.prototype.trimstart/-/string.prototype.trimstart-1.0.8.tgz 0ms (cache hit)
69 http cache string.prototype.trimend@https://registry.npmjs.org/string.prototype.trimend/-/string.prototype.trimend-1.0.8.tgz 0ms (cache hit)
70 http cache string.prototype.trim@https://registry.npmjs.org/string.prototype.trim/-/string.prototype.trim-1.2.9.tgz 0ms (cache hit)
71 http cache string.prototype.repeat@https://registry.npmjs.org/string.prototype.repeat/-/string.prototype.repeat-1.0.0.tgz 0ms (cache hit)
72 http cache string.prototype.matchall@https://registry.npmjs.org/string.prototype.matchall/-/string.prototype.matchall-4.0.11.tgz 0ms (cache hit)
73 http cache string.prototype.includes@https://registry.npmjs.org/string.prototype.includes/-/string.prototype.includes-2.0.0.tgz 0ms (cache hit)
74 http cache string-width-cjs@https://registry.npmjs.org/string-width/-/string-width-4.2.3.tgz 0ms (cache hit)
75 http cache string-width@https://registry.npmjs.org/string-width/-/string-width-5.1.2.tgz 0ms (cache hit)
76 http cache streamsearch@https://registry.npmjs.org/streamsearch/-/streamsearch-1.1.0.tgz 0ms (cache hit)
77 http cache stop-iteration-iterator@https://registry.npmjs.org/stop-iteration-iterator/-/stop-iteration-iterator-1.0.0.tgz 0ms (cache hit)
78 http cache source-map-js@https://registry.npmjs.org/source-map-js/-/source-map-js-1.2.1.tgz 0ms (cache hit)
79 http cache sonner@https://registry.npmjs.org/sonner/-/sonner-1.5.0.tgz 0ms (cache hit)
80 http cache slash@https://registry.npmjs.org/slash/-/slash-3.0.0.tgz 0ms (cache hit)
81 http cache signal-exit@https://registry.npmjs.org/signal-exit/-/signal-exit-4.1.0.tgz 0ms (cache hit)
82 http cache side-channel@https://registry.npmjs.org/side-channel/-/side-channel-1.0.6.tgz 0ms (cache hit)
83 http cache shebang-regex@https://registry.npmjs.org/shebang-regex/-/shebang-regex-3.0.0.tgz 0ms (cache hit)
84 http cache shebang-command@https://registry.npmjs.org/shebang-command/-/shebang-command-2.0.0.tgz 0ms (cache hit)
85 http cache set-function-length@https://registry.npmjs.org/set-function-length/-/set-function-length-1.2.2.tgz 0ms (cache hit)
86 http cache set-function-name@https://registry.npmjs.org/set-function-name/-/set-function-name-2.0.2.tgz 0ms (cache hit)
87 http cache safe-regex-test@https://registry.npmjs.org/safe-regex-test/-/safe-regex-test-1.0.3.tgz 0ms (cache hit)
88 http cache semver@https://registry.npmjs.org/semver/-/semver-7.6.3.tgz 0ms (cache hit)
89 http cache scheduler@https://registry.npmjs.org/scheduler/-/scheduler-0.23.2.tgz 0ms (cache hit)
90 http cache safe-array-concat@https://registry.npmjs.org/safe-array-concat/-/safe-array-concat-1.1.2.tgz 0ms (cache hit)
91 http cache run-parallel@https://registry.npmjs.org/run-parallel/-/run-parallel-1.2.0.tgz 0ms (cache hit)
92 http cache reusify@https://registry.npmjs.org/reusify/-/reusify-1.0.4.tgz 0ms (cache hit)
93 http cache rimraf@https://registry.npmjs.org/rimraf/-/rimraf-3.0.2.tgz 1ms (cache hit)
94 http cache resolve-pkg-maps@https://registry.npmjs.org/resolve-pkg-maps/-/resolve-pkg-maps-1.0.0.tgz 0ms (cache hit)
95 http cache resolve-from@https://registry.npmjs.org/resolve-from/-/resolve-from-4.0.0.tgz 0ms (cache hit)
96 http cache regexp.prototype.flags@https://registry.npmjs.org/regexp.prototype.flags/-/regexp.prototype.flags-1.5.3.tgz 0ms (cache hit)
97 http cache resolve@https://registry.npmjs.org/resolve/-/resolve-1.22.8.tgz 0ms (cache hit)
98 http cache regenerator-runtime@https://registry.npmjs.org/regenerator-runtime/-/regenerator-runtime-0.14.1.tgz 0ms (cache hit)
99 http cache recharts-scale@https://registry.npmjs.org/recharts-scale/-/recharts-scale-0.4.5.tgz 0ms (cache hit)
100 http cache reflect.getprototypeof@https://registry.npmjs.org/reflect.getprototypeof/-/reflect.getprototypeof-1.0.6.tgz 0ms (cache hit)
101 http cache readdirp@https://registry.npmjs.org/readdirp/-/readdirp-3.6.0.tgz 0ms (cache hit)
102 http cache read-cache@https://registry.npmjs.org/read-cache/-/read-cache-1.0.0.tgz 0ms (cache hit)
103 http cache react-transition-group@https://registry.npmjs.org/react-transition-group/-/react-transition-group-4.4.5.tgz 0ms (cache hit)
104 http cache recharts@https://registry.npmjs.org/recharts/-/recharts-2.12.7.tgz 0ms (cache hit)
105 http cache react-style-singleton@https://registry.npmjs.org/react-style-singleton/-/react-style-singleton-2.2.1.tgz 0ms (cache hit)
106 http cache react-smooth@https://registry.npmjs.org/react-smooth/-/react-smooth-4.0.1.tgz 0ms (cache hit)
107 http cache react-resizable-panels@https://registry.npmjs.org/react-resizable-panels/-/react-resizable-panels-2.1.4.tgz 0ms (cache hit)
108 http cache react-remove-scroll-bar@https://registry.npmjs.org/react-remove-scroll-bar/-/react-remove-scroll-bar-2.3.6.tgz 0ms (cache hit)
109 http cache react-remove-scroll@https://registry.npmjs.org/react-remove-scroll/-/react-remove-scroll-2.6.0.tgz 0ms (cache hit)
110 http cache react-is@https://registry.npmjs.org/react-is/-/react-is-16.13.1.tgz 0ms (cache hit)
111 http cache react-hook-form@https://registry.npmjs.org/react-hook-form/-/react-hook-form-7.53.0.tgz 0ms (cache hit)
112 http cache react-dom@https://registry.npmjs.org/react-dom/-/react-dom-18.2.0.tgz 0ms (cache hit)
113 http cache react-day-picker@https://registry.npmjs.org/react-day-picker/-/react-day-picker-8.10.1.tgz 0ms (cache hit)
114 http cache react@https://registry.npmjs.org/react/-/react-18.2.0.tgz 0ms (cache hit)
115 http cache punycode@https://registry.npmjs.org/punycode/-/punycode-2.3.1.tgz 0ms (cache hit)
116 http cache queue-microtask@https://registry.npmjs.org/queue-microtask/-/queue-microtask-1.2.3.tgz 0ms (cache hit)
117 http cache prop-types@https://registry.npmjs.org/prop-types/-/prop-types-15.8.1.tgz 0ms (cache hit)
118 http cache prelude-ls@https://registry.npmjs.org/prelude-ls/-/prelude-ls-1.2.1.tgz 0ms (cache hit)
119 http cache postcss-selector-parser@https://registry.npmjs.org/postcss-selector-parser/-/postcss-selector-parser-6.1.2.tgz 0ms (cache hit)
120 http cache postcss-nested@https://registry.npmjs.org/postcss-nested/-/postcss-nested-6.2.0.tgz 0ms (cache hit)
121 http cache postcss-value-parser@https://registry.npmjs.org/postcss-value-parser/-/postcss-value-parser-4.2.0.tgz 0ms (cache hit)
122 http cache postcss-load-config@https://registry.npmjs.org/postcss-load-config/-/postcss-load-config-4.0.2.tgz 0ms (cache hit)
123 http cache postcss-js@https://registry.npmjs.org/postcss-js/-/postcss-js-4.0.1.tgz 0ms (cache hit)
124 http cache postcss-import@https://registry.npmjs.org/postcss-import/-/postcss-import-15.1.0.tgz 0ms (cache hit)
125 http cache postcss@https://registry.npmjs.org/postcss/-/postcss-8.4.30.tgz 0ms (cache hit)
126 http cache possible-typed-array-names@https://registry.npmjs.org/possible-typed-array-names/-/possible-typed-array-names-1.0.0.tgz 0ms (cache hit)
127 http cache pirates@https://registry.npmjs.org/pirates/-/pirates-4.0.6.tgz 0ms (cache hit)
128 http cache pify@https://registry.npmjs.org/pify/-/pify-2.3.0.tgz 0ms (cache hit)
129 http cache picomatch@https://registry.npmjs.org/picomatch/-/picomatch-2.3.1.tgz 0ms (cache hit)
130 http cache picocolors@https://registry.npmjs.org/picocolors/-/picocolors-1.1.0.tgz 1ms (cache hit)
131 http cache path-type@https://registry.npmjs.org/path-type/-/path-type-4.0.0.tgz 0ms (cache hit)
132 http cache path-parse@https://registry.npmjs.org/path-parse/-/path-parse-1.0.7.tgz 0ms (cache hit)
133 http cache path-scurry@https://registry.npmjs.org/path-scurry/-/path-scurry-1.11.1.tgz 0ms (cache hit)
134 http cache path-key@https://registry.npmjs.org/path-key/-/path-key-3.1.1.tgz 0ms (cache hit)
135 http cache path-exists@https://registry.npmjs.org/path-exists/-/path-exists-4.0.0.tgz 0ms (cache hit)
136 http cache path-is-absolute@https://registry.npmjs.org/path-is-absolute/-/path-is-absolute-1.0.1.tgz 0ms (cache hit)
137 http cache parent-module@https://registry.npmjs.org/parent-module/-/parent-module-1.0.1.tgz 0ms (cache hit)
138 http cache package-json-from-dist@https://registry.npmjs.org/package-json-from-dist/-/package-json-from-dist-1.0.1.tgz 0ms (cache hit)
139 http cache p-locate@https://registry.npmjs.org/p-locate/-/p-locate-5.0.0.tgz 0ms (cache hit)
140 http cache p-limit@https://registry.npmjs.org/p-limit/-/p-limit-3.1.0.tgz 0ms (cache hit)
141 http cache optionator@https://registry.npmjs.org/optionator/-/optionator-0.9.4.tgz 0ms (cache hit)
142 http cache once@https://registry.npmjs.org/once/-/once-1.4.0.tgz 0ms (cache hit)
143 http cache object.values@https://registry.npmjs.org/object.values/-/object.values-1.2.0.tgz 0ms (cache hit)
144 http cache object.fromentries@https://registry.npmjs.org/object.fromentries/-/object.fromentries-2.0.8.tgz 1ms (cache hit)
145 http cache object.groupby@https://registry.npmjs.org/object.groupby/-/object.groupby-1.0.3.tgz 0ms (cache hit)
146 http cache object.entries@https://registry.npmjs.org/object.entries/-/object.entries-1.1.8.tgz 0ms (cache hit)
147 http cache object.assign@https://registry.npmjs.org/object.assign/-/object.assign-4.1.5.tgz 0ms (cache hit)
148 http cache object-is@https://registry.npmjs.org/object-is/-/object-is-1.1.6.tgz 0ms (cache hit)
149 http cache object-keys@https://registry.npmjs.org/object-keys/-/object-keys-1.1.1.tgz 0ms (cache hit)
150 http cache object-inspect@https://registry.npmjs.org/object-inspect/-/object-inspect-1.13.2.tgz 0ms (cache hit)
151 http cache object-assign@https://registry.npmjs.org/object-assign/-/object-assign-4.1.1.tgz 0ms (cache hit)
152 http cache object-hash@https://registry.npmjs.org/object-hash/-/object-hash-3.0.0.tgz 0ms (cache hit)
153 http cache normalize-range@https://registry.npmjs.org/normalize-range/-/normalize-range-0.1.2.tgz 0ms (cache hit)
154 http cache normalize-path@https://registry.npmjs.org/normalize-path/-/normalize-path-3.0.0.tgz 0ms (cache hit)
155 http cache node-releases@https://registry.npmjs.org/node-releases/-/node-releases-2.0.18.tgz 0ms (cache hit)
156 http cache next-themes@https://registry.npmjs.org/next-themes/-/next-themes-0.3.0.tgz 0ms (cache hit)
157 http cache next@https://registry.npmjs.org/next/-/next-13.5.1.tgz 0ms (cache hit)
158 http cache natural-compare@https://registry.npmjs.org/natural-compare/-/natural-compare-1.4.0.tgz 0ms (cache hit)
159 http cache nanoid@https://registry.npmjs.org/nanoid/-/nanoid-3.3.7.tgz 0ms (cache hit)
160 http cache mz@https://registry.npmjs.org/mz/-/mz-2.7.0.tgz 0ms (cache hit)
161 http cache ms@https://registry.npmjs.org/ms/-/ms-2.1.3.tgz 0ms (cache hit)
162 http cache sucrase@https://registry.npmjs.org/sucrase/-/sucrase-3.35.0.tgz 0ms (cache hit)
163 http cache minimist@https://registry.npmjs.org/minimist/-/minimist-1.2.8.tgz 0ms (cache hit)
164 http cache minipass@https://registry.npmjs.org/minipass/-/minipass-7.1.2.tgz 0ms (cache hit)
165 http cache minimatch@https://registry.npmjs.org/minimatch/-/minimatch-3.1.2.tgz 0ms (cache hit)
166 http cache micromatch@https://registry.npmjs.org/micromatch/-/micromatch-4.0.8.tgz 0ms (cache hit)
167 http cache lucide-react@https://registry.npmjs.org/lucide-react/-/lucide-react-0.446.0.tgz 0ms (cache hit)
168 http cache lru-cache@https://registry.npmjs.org/lru-cache/-/lru-cache-10.4.3.tgz 0ms (cache hit)
169 http cache loose-envify@https://registry.npmjs.org/loose-envify/-/loose-envify-1.4.0.tgz 0ms (cache hit)
170 http cache lodash@https://registry.npmjs.org/lodash/-/lodash-4.17.21.tgz 0ms (cache hit)
171 http cache merge2@https://registry.npmjs.org/merge2/-/merge2-1.4.1.tgz 0ms (cache hit)
172 http cache lodash.merge@https://registry.npmjs.org/lodash.merge/-/lodash.merge-4.6.2.tgz 0ms (cache hit)
173 http cache locate-path@https://registry.npmjs.org/locate-path/-/locate-path-6.0.0.tgz 0ms (cache hit)
174 http cache lines-and-columns@https://registry.npmjs.org/lines-and-columns/-/lines-and-columns-1.2.4.tgz 0ms (cache hit)
175 http cache lilconfig@https://registry.npmjs.org/lilconfig/-/lilconfig-2.1.0.tgz 0ms (cache hit)
176 http cache levn@https://registry.npmjs.org/levn/-/levn-0.4.1.tgz 0ms (cache hit)
177 http cache language-tags@https://registry.npmjs.org/language-tags/-/language-tags-1.0.9.tgz 0ms (cache hit)
178 http cache keyv@https://registry.npmjs.org/keyv/-/keyv-4.5.4.tgz 0ms (cache hit)
179 http cache language-subtag-registry@https://registry.npmjs.org/language-subtag-registry/-/language-subtag-registry-0.3.23.tgz 0ms (cache hit)
180 http cache json5@https://registry.npmjs.org/json5/-/json5-1.0.2.tgz 0ms (cache hit)
181 http cache json-stable-stringify-without-jsonify@https://registry.npmjs.org/json-stable-stringify-without-jsonify/-/json-stable-stringify-without-jsonify-1.0.1.tgz 0ms (cache hit)
182 http cache json-schema-traverse@https://registry.npmjs.org/json-schema-traverse/-/json-schema-traverse-0.4.1.tgz 0ms (cache hit)
183 http cache json-buffer@https://registry.npmjs.org/json-buffer/-/json-buffer-3.0.1.tgz 0ms (cache hit)
184 http cache js-yaml@https://registry.npmjs.org/js-yaml/-/js-yaml-4.1.0.tgz 0ms (cache hit)
185 http cache jiti@https://registry.npmjs.org/jiti/-/jiti-1.21.6.tgz 0ms (cache hit)
186 http cache js-tokens@https://registry.npmjs.org/js-tokens/-/js-tokens-4.0.0.tgz 0ms (cache hit)
187 http cache jackspeak@https://registry.npmjs.org/jackspeak/-/jackspeak-3.4.3.tgz 0ms (cache hit)
188 http cache iterator.prototype@https://registry.npmjs.org/iterator.prototype/-/iterator.prototype-1.1.3.tgz 0ms (cache hit)
189 http cache isexe@https://registry.npmjs.org/isexe/-/isexe-2.0.0.tgz 0ms (cache hit)
190 http cache isarray@https://registry.npmjs.org/isarray/-/isarray-2.0.5.tgz 0ms (cache hit)
191 http cache is-weakset@https://registry.npmjs.org/is-weakset/-/is-weakset-2.0.3.tgz 0ms (cache hit)
192 http cache is-weakref@https://registry.npmjs.org/is-weakref/-/is-weakref-1.0.2.tgz 0ms (cache hit)
193 http cache is-weakmap@https://registry.npmjs.org/is-weakmap/-/is-weakmap-2.0.2.tgz 0ms (cache hit)
194 http cache is-typed-array@https://registry.npmjs.org/is-typed-array/-/is-typed-array-1.1.13.tgz 0ms (cache hit)
195 http cache is-symbol@https://registry.npmjs.org/is-symbol/-/is-symbol-1.0.4.tgz 0ms (cache hit)
196 http cache is-string@https://registry.npmjs.org/is-string/-/is-string-1.0.7.tgz 0ms (cache hit)
197 http cache is-shared-array-buffer@https://registry.npmjs.org/is-shared-array-buffer/-/is-shared-array-buffer-1.0.3.tgz 0ms (cache hit)
198 http cache is-set@https://registry.npmjs.org/is-set/-/is-set-2.0.3.tgz 0ms (cache hit)
199 http cache is-regex@https://registry.npmjs.org/is-regex/-/is-regex-1.1.4.tgz 0ms (cache hit)
200 http cache is-path-inside@https://registry.npmjs.org/is-path-inside/-/is-path-inside-3.0.3.tgz 0ms (cache hit)
201 http cache is-number-object@https://registry.npmjs.org/is-number-object/-/is-number-object-1.0.7.tgz 0ms (cache hit)
202 http cache is-number@https://registry.npmjs.org/is-number/-/is-number-7.0.0.tgz 0ms (cache hit)
203 http cache is-negative-zero@https://registry.npmjs.org/is-negative-zero/-/is-negative-zero-2.0.3.tgz 0ms (cache hit)
204 http cache is-map@https://registry.npmjs.org/is-map/-/is-map-2.0.3.tgz 0ms (cache hit)
205 http cache is-glob@https://registry.npmjs.org/is-glob/-/is-glob-4.0.3.tgz 0ms (cache hit)
206 http cache is-fullwidth-code-point@https://registry.npmjs.org/is-fullwidth-code-point/-/is-fullwidth-code-point-3.0.0.tgz 0ms (cache hit)
207 http cache is-generator-function@https://registry.npmjs.org/is-generator-function/-/is-generator-function-1.0.10.tgz 0ms (cache hit)
208 http cache is-finalizationregistry@https://registry.npmjs.org/is-finalizationregistry/-/is-finalizationregistry-1.0.2.tgz 0ms (cache hit)
209 http cache is-date-object@https://registry.npmjs.org/is-date-object/-/is-date-object-1.0.5.tgz 0ms (cache hit)
210 http cache jsx-ast-utils@https://registry.npmjs.org/jsx-ast-utils/-/jsx-ast-utils-3.3.5.tgz 0ms (cache hit)
211 http cache is-extglob@https://registry.npmjs.org/is-extglob/-/is-extglob-2.1.1.tgz 0ms (cache hit)
212 http cache is-data-view@https://registry.npmjs.org/is-data-view/-/is-data-view-1.0.1.tgz 0ms (cache hit)
213 http cache is-core-module@https://registry.npmjs.org/is-core-module/-/is-core-module-2.15.1.tgz 0ms (cache hit)
214 http cache is-callable@https://registry.npmjs.org/is-callable/-/is-callable-1.2.7.tgz 0ms (cache hit)
215 http cache is-boolean-object@https://registry.npmjs.org/is-boolean-object/-/is-boolean-object-1.1.2.tgz 0ms (cache hit)
216 http cache is-bun-module@https://registry.npmjs.org/is-bun-module/-/is-bun-module-1.2.1.tgz 0ms (cache hit)
217 http cache is-bigint@https://registry.npmjs.org/is-bigint/-/is-bigint-1.0.4.tgz 0ms (cache hit)
218 http cache is-async-function@https://registry.npmjs.org/is-async-function/-/is-async-function-2.0.0.tgz 0ms (cache hit)
219 http cache is-array-buffer@https://registry.npmjs.org/is-array-buffer/-/is-array-buffer-3.0.4.tgz 0ms (cache hit)
220 http cache is-binary-path@https://registry.npmjs.org/is-binary-path/-/is-binary-path-2.1.0.tgz 0ms (cache hit)
221 http cache is-arguments@https://registry.npmjs.org/is-arguments/-/is-arguments-1.1.1.tgz 0ms (cache hit)
222 http cache invariant@https://registry.npmjs.org/invariant/-/invariant-2.2.4.tgz 0ms (cache hit)
223 http cache internal-slot@https://registry.npmjs.org/internal-slot/-/internal-slot-1.0.7.tgz 0ms (cache hit)
224 http cache internmap@https://registry.npmjs.org/internmap/-/internmap-2.0.3.tgz 0ms (cache hit)
225 http cache inflight@https://registry.npmjs.org/inflight/-/inflight-1.0.6.tgz 0ms (cache hit)
226 http cache input-otp@https://registry.npmjs.org/input-otp/-/input-otp-1.2.4.tgz 0ms (cache hit)
227 http cache imurmurhash@https://registry.npmjs.org/imurmurhash/-/imurmurhash-0.1.4.tgz 0ms (cache hit)
228 http cache import-fresh@https://registry.npmjs.org/import-fresh/-/import-fresh-3.3.0.tgz 0ms (cache hit)
229 http cache ignore@https://registry.npmjs.org/ignore/-/ignore-5.3.2.tgz 0ms (cache hit)
230 http cache hasown@https://registry.npmjs.org/hasown/-/hasown-2.0.2.tgz 0ms (cache hit)
231 http cache has-symbols@https://registry.npmjs.org/has-symbols/-/has-symbols-1.0.3.tgz 0ms (cache hit)
232 http cache has-tostringtag@https://registry.npmjs.org/has-tostringtag/-/has-tostringtag-1.0.2.tgz 0ms (cache hit)
233 http cache has-proto@https://registry.npmjs.org/has-proto/-/has-proto-1.0.3.tgz 0ms (cache hit)
234 http cache inherits@https://registry.npmjs.org/inherits/-/inherits-2.0.4.tgz 0ms (cache hit)
235 http cache has-flag@https://registry.npmjs.org/has-flag/-/has-flag-4.0.0.tgz 0ms (cache hit)
236 http cache has-bigints@https://registry.npmjs.org/has-bigints/-/has-bigints-1.0.2.tgz 0ms (cache hit)
237 http cache graceful-fs@https://registry.npmjs.org/graceful-fs/-/graceful-fs-4.2.11.tgz 0ms (cache hit)
238 http cache has-property-descriptors@https://registry.npmjs.org/has-property-descriptors/-/has-property-descriptors-1.0.2.tgz 0ms (cache hit)
239 http cache graphemer@https://registry.npmjs.org/graphemer/-/graphemer-1.4.0.tgz 0ms (cache hit)
240 http cache gopd@https://registry.npmjs.org/gopd/-/gopd-1.0.1.tgz 0ms (cache hit)
241 http cache globby@https://registry.npmjs.org/globby/-/globby-11.1.0.tgz 0ms (cache hit)
242 http cache globals@https://registry.npmjs.org/globals/-/globals-13.24.0.tgz 0ms (cache hit)
243 http cache glob-to-regexp@https://registry.npmjs.org/glob-to-regexp/-/glob-to-regexp-0.4.1.tgz 0ms (cache hit)
244 http cache glob-parent@https://registry.npmjs.org/glob-parent/-/glob-parent-6.0.2.tgz 0ms (cache hit)
245 http cache get-symbol-description@https://registry.npmjs.org/get-symbol-description/-/get-symbol-description-1.0.2.tgz 0ms (cache hit)
246 http cache get-nonce@https://registry.npmjs.org/get-nonce/-/get-nonce-1.0.1.tgz 0ms (cache hit)
247 http cache globalthis@https://registry.npmjs.org/globalthis/-/globalthis-1.0.4.tgz 0ms (cache hit)
248 http cache get-intrinsic@https://registry.npmjs.org/get-intrinsic/-/get-intrinsic-1.2.4.tgz 0ms (cache hit)
249 http cache functions-have-names@https://registry.npmjs.org/functions-have-names/-/functions-have-names-1.2.3.tgz 0ms (cache hit)
250 http cache function.prototype.name@https://registry.npmjs.org/function.prototype.name/-/function.prototype.name-1.1.6.tgz 0ms (cache hit)
251 http cache fs.realpath@https://registry.npmjs.org/fs.realpath/-/fs.realpath-1.0.0.tgz 0ms (cache hit)
252 http cache function-bind@https://registry.npmjs.org/function-bind/-/function-bind-1.1.2.tgz 0ms (cache hit)
253 http cache get-tsconfig@https://registry.npmjs.org/get-tsconfig/-/get-tsconfig-4.8.1.tgz 0ms (cache hit)
254 http cache fraction.js@https://registry.npmjs.org/fraction.js/-/fraction.js-4.3.7.tgz 0ms (cache hit)
255 http cache foreground-child@https://registry.npmjs.org/foreground-child/-/foreground-child-3.3.0.tgz 0ms (cache hit)
256 http cache flatted@https://registry.npmjs.org/flatted/-/flatted-3.3.1.tgz 0ms (cache hit)
257 http cache for-each@https://registry.npmjs.org/for-each/-/for-each-0.3.3.tgz 0ms (cache hit)
258 http cache flat-cache@https://registry.npmjs.org/flat-cache/-/flat-cache-3.2.0.tgz 0ms (cache hit)
259 http cache glob@https://registry.npmjs.org/glob/-/glob-7.1.7.tgz 0ms (cache hit)
260 http cache find-up@https://registry.npmjs.org/find-up/-/find-up-5.0.0.tgz 0ms (cache hit)
261 http cache fill-range@https://registry.npmjs.org/fill-range/-/fill-range-7.1.1.tgz 0ms (cache hit)
262 http cache fast-json-stable-stringify@https://registry.npmjs.org/fast-json-stable-stringify/-/fast-json-stable-stringify-2.1.0.tgz 0ms (cache hit)
263 http cache fast-glob@https://registry.npmjs.org/fast-glob/-/fast-glob-3.3.2.tgz 0ms (cache hit)
264 http cache fast-deep-equal@https://registry.npmjs.org/fast-deep-equal/-/fast-deep-equal-3.1.3.tgz 0ms (cache hit)
265 http cache fast-equals@https://registry.npmjs.org/fast-equals/-/fast-equals-5.0.1.tgz 0ms (cache hit)
266 http cache file-entry-cache@https://registry.npmjs.org/file-entry-cache/-/file-entry-cache-6.0.1.tgz 0ms (cache hit)
267 http cache eventemitter3@https://registry.npmjs.org/eventemitter3/-/eventemitter3-4.0.7.tgz 0ms (cache hit)
268 http cache esutils@https://registry.npmjs.org/esutils/-/esutils-2.0.3.tgz 0ms (cache hit)
269 http cache esrecurse@https://registry.npmjs.org/esrecurse/-/esrecurse-4.3.0.tgz 0ms (cache hit)
270 http cache fastq@https://registry.npmjs.org/fastq/-/fastq-1.17.1.tgz 0ms (cache hit)
271 http cache estraverse@https://registry.npmjs.org/estraverse/-/estraverse-5.3.0.tgz 0ms (cache hit)
272 http cache esquery@https://registry.npmjs.org/esquery/-/esquery-1.6.0.tgz 0ms (cache hit)
273 http cache eslint-visitor-keys@https://registry.npmjs.org/eslint-visitor-keys/-/eslint-visitor-keys-3.4.3.tgz 1ms (cache hit)
274 http cache eslint-plugin-react-hooks@https://registry.npmjs.org/eslint-plugin-react-hooks/-/eslint-plugin-react-hooks-4.6.2.tgz 0ms (cache hit)
275 http cache eslint-scope@https://registry.npmjs.org/eslint-scope/-/eslint-scope-7.2.2.tgz 0ms (cache hit)
276 http cache eslint-plugin-react@https://registry.npmjs.org/eslint-plugin-react/-/eslint-plugin-react-7.37.1.tgz 0ms (cache hit)
277 http cache eslint-plugin-jsx-a11y@https://registry.npmjs.org/eslint-plugin-jsx-a11y/-/eslint-plugin-jsx-a11y-6.10.0.tgz 0ms (cache hit)
278 http cache eslint-plugin-import@https://registry.npmjs.org/eslint-plugin-import/-/eslint-plugin-import-2.31.0.tgz 0ms (cache hit)
279 http cache espree@https://registry.npmjs.org/espree/-/espree-9.6.1.tgz 0ms (cache hit)
280 http cache eslint-import-resolver-node@https://registry.npmjs.org/eslint-import-resolver-node/-/eslint-import-resolver-node-0.3.9.tgz 0ms (cache hit)
281 http cache eslint-module-utils@https://registry.npmjs.org/eslint-module-utils/-/eslint-module-utils-2.12.0.tgz 0ms (cache hit)
282 http cache eslint@https://registry.npmjs.org/eslint/-/eslint-8.49.0.tgz 0ms (cache hit)
283 http cache escalade@https://registry.npmjs.org/escalade/-/escalade-3.2.0.tgz 0ms (cache hit)
284 http cache escape-string-regexp@https://registry.npmjs.org/escape-string-regexp/-/escape-string-regexp-4.0.0.tgz 0ms (cache hit)
285 http cache eslint-config-next@https://registry.npmjs.org/eslint-config-next/-/eslint-config-next-13.5.1.tgz 0ms (cache hit)
286 http cache fast-levenshtein@https://registry.npmjs.org/fast-levenshtein/-/fast-levenshtein-2.0.6.tgz 0ms (cache hit)
287 http cache es-to-primitive@https://registry.npmjs.org/es-to-primitive/-/es-to-primitive-1.2.1.tgz 0ms (cache hit)
288 http cache es-shim-unscopables@https://registry.npmjs.org/es-shim-unscopables/-/es-shim-unscopables-1.0.2.tgz 0ms (cache hit)
289 http cache es-iterator-helpers@https://registry.npmjs.org/es-iterator-helpers/-/es-iterator-helpers-1.1.0.tgz 0ms (cache hit)
290 http cache es-object-atoms@https://registry.npmjs.org/es-object-atoms/-/es-object-atoms-1.0.0.tgz 0ms (cache hit)
291 http cache es-get-iterator@https://registry.npmjs.org/es-get-iterator/-/es-get-iterator-1.1.3.tgz 0ms (cache hit)
292 http cache es-errors@https://registry.npmjs.org/es-errors/-/es-errors-1.3.0.tgz 0ms (cache hit)
293 http cache es-define-property@https://registry.npmjs.org/es-define-property/-/es-define-property-1.0.0.tgz 0ms (cache hit)
294 http cache es-abstract@https://registry.npmjs.org/es-abstract/-/es-abstract-1.23.3.tgz 0ms (cache hit)
295 http cache embla-carousel-reactive-utils@https://registry.npmjs.org/embla-carousel-reactive-utils/-/embla-carousel-reactive-utils-8.3.0.tgz 0ms (cache hit)
296 http cache enhanced-resolve@https://registry.npmjs.org/enhanced-resolve/-/enhanced-resolve-5.17.1.tgz 0ms (cache hit)
297 http cache embla-carousel@https://registry.npmjs.org/embla-carousel/-/embla-carousel-8.3.0.tgz 0ms (cache hit)
298 http cache emoji-regex@https://registry.npmjs.org/emoji-regex/-/emoji-regex-9.2.2.tgz 0ms (cache hit)
299 http cache electron-to-chromium@https://registry.npmjs.org/electron-to-chromium/-/electron-to-chromium-1.5.34.tgz 0ms (cache hit)
300 http cache dom-helpers@https://registry.npmjs.org/dom-helpers/-/dom-helpers-5.2.1.tgz 0ms (cache hit)
301 http cache eastasianwidth@https://registry.npmjs.org/eastasianwidth/-/eastasianwidth-0.2.0.tgz 0ms (cache hit)
302 http cache doctrine@https://registry.npmjs.org/doctrine/-/doctrine-3.0.0.tgz 0ms (cache hit)
303 http cache dir-glob@https://registry.npmjs.org/dir-glob/-/dir-glob-3.0.1.tgz 0ms (cache hit)
304 http cache dlv@https://registry.npmjs.org/dlv/-/dlv-1.1.3.tgz 0ms (cache hit)
305 http cache didyoumean@https://registry.npmjs.org/didyoumean/-/didyoumean-1.2.2.tgz 0ms (cache hit)
306 http cache detect-node-es@https://registry.npmjs.org/detect-node-es/-/detect-node-es-1.1.0.tgz 0ms (cache hit)
307 http cache define-data-property@https://registry.npmjs.org/define-data-property/-/define-data-property-1.1.4.tgz 0ms (cache hit)
308 http cache deep-equal@https://registry.npmjs.org/deep-equal/-/deep-equal-2.2.3.tgz 0ms (cache hit)
309 http cache deep-is@https://registry.npmjs.org/deep-is/-/deep-is-0.1.4.tgz 0ms (cache hit)
310 http cache define-properties@https://registry.npmjs.org/define-properties/-/define-properties-1.2.1.tgz 0ms (cache hit)
311 http cache decimal.js-light@https://registry.npmjs.org/decimal.js-light/-/decimal.js-light-2.5.1.tgz 0ms (cache hit)
312 http cache debug@https://registry.npmjs.org/debug/-/debug-4.3.7.tgz 0ms (cache hit)
313 http cache date-fns@https://registry.npmjs.org/date-fns/-/date-fns-3.6.0.tgz 0ms (cache hit)
314 http cache data-view-byte-length@https://registry.npmjs.org/data-view-byte-length/-/data-view-byte-length-1.0.1.tgz 0ms (cache hit)
315 http cache data-view-buffer@https://registry.npmjs.org/data-view-buffer/-/data-view-buffer-1.0.1.tgz 0ms (cache hit)
316 http cache damerau-levenshtein@https://registry.npmjs.org/damerau-levenshtein/-/damerau-levenshtein-1.0.8.tgz 0ms (cache hit)
317 http cache d3-time-format@https://registry.npmjs.org/d3-time-format/-/d3-time-format-4.1.0.tgz 0ms (cache hit)
318 http cache d3-timer@https://registry.npmjs.org/d3-timer/-/d3-timer-3.0.1.tgz 0ms (cache hit)
319 http cache d3-time@https://registry.npmjs.org/d3-time/-/d3-time-3.1.0.tgz 0ms (cache hit)
320 http cache data-view-byte-offset@https://registry.npmjs.org/data-view-byte-offset/-/data-view-byte-offset-1.0.0.tgz 0ms (cache hit)
321 http cache d3-scale@https://registry.npmjs.org/d3-scale/-/d3-scale-4.0.2.tgz 0ms (cache hit)
322 http cache d3-shape@https://registry.npmjs.org/d3-shape/-/d3-shape-3.2.0.tgz 0ms (cache hit)
323 http cache d3-interpolate@https://registry.npmjs.org/d3-interpolate/-/d3-interpolate-3.0.1.tgz 0ms (cache hit)
324 http cache d3-format@https://registry.npmjs.org/d3-format/-/d3-format-3.1.0.tgz 0ms (cache hit)
325 http cache d3-ease@https://registry.npmjs.org/d3-ease/-/d3-ease-3.0.1.tgz 0ms (cache hit)
326 http cache d3-path@https://registry.npmjs.org/d3-path/-/d3-path-3.1.0.tgz 0ms (cache hit)
327 http cache d3-color@https://registry.npmjs.org/d3-color/-/d3-color-3.1.0.tgz 0ms (cache hit)
328 http cache d3-array@https://registry.npmjs.org/d3-array/-/d3-array-3.2.4.tgz 0ms (cache hit)
329 http cache csstype@https://registry.npmjs.org/csstype/-/csstype-3.1.3.tgz 0ms (cache hit)
330 http cache cross-spawn@https://registry.npmjs.org/cross-spawn/-/cross-spawn-7.0.3.tgz 0ms (cache hit)
331 http cache cssesc@https://registry.npmjs.org/cssesc/-/cssesc-3.0.0.tgz 0ms (cache hit)
332 http cache concat-map@https://registry.npmjs.org/concat-map/-/concat-map-0.0.1.tgz 0ms (cache hit)
333 http cache commander@https://registry.npmjs.org/commander/-/commander-4.1.1.tgz 0ms (cache hit)
334 http cache color-name@https://registry.npmjs.org/color-name/-/color-name-1.1.4.tgz 0ms (cache hit)
335 http cache color-convert@https://registry.npmjs.org/color-convert/-/color-convert-2.0.1.tgz 0ms (cache hit)
336 http cache cmdk@https://registry.npmjs.org/cmdk/-/cmdk-1.0.0.tgz 0ms (cache hit)
337 http cache clsx@https://registry.npmjs.org/clsx/-/clsx-2.1.1.tgz 0ms (cache hit)
338 http cache client-only@https://registry.npmjs.org/client-only/-/client-only-0.0.1.tgz 0ms (cache hit)
339 http cache class-variance-authority@https://registry.npmjs.org/class-variance-authority/-/class-variance-authority-0.7.0.tgz 0ms (cache hit)
340 http cache chokidar@https://registry.npmjs.org/chokidar/-/chokidar-3.6.0.tgz 0ms (cache hit)
341 http cache chalk@https://registry.npmjs.org/chalk/-/chalk-4.1.2.tgz 0ms (cache hit)
342 http cache caniuse-lite@https://registry.npmjs.org/caniuse-lite/-/caniuse-lite-1.0.30001667.tgz 0ms (cache hit)
343 http cache camelcase-css@https://registry.npmjs.org/camelcase-css/-/camelcase-css-2.0.1.tgz 0ms (cache hit)
344 http cache callsites@https://registry.npmjs.org/callsites/-/callsites-3.1.0.tgz 0ms (cache hit)
345 http cache call-bind@https://registry.npmjs.org/call-bind/-/call-bind-1.0.7.tgz 0ms (cache hit)
346 http cache busboy@https://registry.npmjs.org/busboy/-/busboy-1.6.0.tgz 0ms (cache hit)
347 http cache browserslist@https://registry.npmjs.org/browserslist/-/browserslist-4.24.0.tgz 0ms (cache hit)
348 http cache braces@https://registry.npmjs.org/braces/-/braces-3.0.3.tgz 0ms (cache hit)
349 http cache brace-expansion@https://registry.npmjs.org/brace-expansion/-/brace-expansion-1.1.11.tgz 0ms (cache hit)
350 http cache binary-extensions@https://registry.npmjs.org/binary-extensions/-/binary-extensions-2.3.0.tgz 0ms (cache hit)
351 http cache balanced-match@https://registry.npmjs.org/balanced-match/-/balanced-match-1.0.2.tgz 0ms (cache hit)
352 http cache axobject-query@https://registry.npmjs.org/axobject-query/-/axobject-query-4.1.0.tgz 0ms (cache hit)
353 http cache axe-core@https://registry.npmjs.org/axe-core/-/axe-core-4.10.0.tgz 0ms (cache hit)
354 http cache available-typed-arrays@https://registry.npmjs.org/available-typed-arrays/-/available-typed-arrays-1.0.7.tgz 0ms (cache hit)
355 http cache autoprefixer@https://registry.npmjs.org/autoprefixer/-/autoprefixer-10.4.15.tgz 0ms (cache hit)
356 http cache ast-types-flow@https://registry.npmjs.org/ast-types-flow/-/ast-types-flow-0.0.8.tgz 0ms (cache hit)
357 http cache array.prototype.flatmap@https://registry.npmjs.org/array.prototype.flatmap/-/array.prototype.flatmap-1.3.2.tgz 0ms (cache hit)
358 http cache array.prototype.tosorted@https://registry.npmjs.org/array.prototype.tosorted/-/array.prototype.tosorted-1.1.4.tgz 0ms (cache hit)
359 http cache array.prototype.flat@https://registry.npmjs.org/array.prototype.flat/-/array.prototype.flat-1.3.2.tgz 0ms (cache hit)
360 http cache array.prototype.findlastindex@https://registry.npmjs.org/array.prototype.findlastindex/-/array.prototype.findlastindex-1.2.5.tgz 0ms (cache hit)
361 http cache array.prototype.findlast@https://registry.npmjs.org/array.prototype.findlast/-/array.prototype.findlast-1.2.5.tgz 0ms (cache hit)
362 http cache array-union@https://registry.npmjs.org/array-union/-/array-union-2.1.0.tgz 0ms (cache hit)
363 http cache array-includes@https://registry.npmjs.org/array-includes/-/array-includes-3.1.8.tgz 0ms (cache hit)
364 http cache arraybuffer.prototype.slice@https://registry.npmjs.org/arraybuffer.prototype.slice/-/arraybuffer.prototype.slice-1.0.3.tgz 0ms (cache hit)
365 http cache array-buffer-byte-length@https://registry.npmjs.org/array-buffer-byte-length/-/array-buffer-byte-length-1.0.1.tgz 0ms (cache hit)
366 http cache aria-hidden@https://registry.npmjs.org/aria-hidden/-/aria-hidden-1.2.4.tgz 0ms (cache hit)
367 http cache aria-query@https://registry.npmjs.org/aria-query/-/aria-query-5.1.3.tgz 0ms (cache hit)
368 http cache argparse@https://registry.npmjs.org/argparse/-/argparse-2.0.1.tgz 0ms (cache hit)
369 http cache arg@https://registry.npmjs.org/arg/-/arg-5.0.2.tgz 0ms (cache hit)
370 http cache any-promise@https://registry.npmjs.org/any-promise/-/any-promise-1.3.0.tgz 0ms (cache hit)
371 http cache anymatch@https://registry.npmjs.org/anymatch/-/anymatch-3.1.3.tgz 0ms (cache hit)
372 http cache ansi-styles@https://registry.npmjs.org/ansi-styles/-/ansi-styles-4.3.0.tgz 0ms (cache hit)
373 http cache ansi-regex@https://registry.npmjs.org/ansi-regex/-/ansi-regex-5.0.1.tgz 0ms (cache hit)
374 http cache ajv@https://registry.npmjs.org/ajv/-/ajv-6.12.6.tgz 0ms (cache hit)
375 http cache acorn-jsx@https://registry.npmjs.org/acorn-jsx/-/acorn-jsx-5.3.2.tgz 0ms (cache hit)
376 http cache acorn@https://registry.npmjs.org/acorn/-/acorn-8.12.1.tgz 0ms (cache hit)
377 http cache @typescript-eslint/visitor-keys@https://registry.npmjs.org/@typescript-eslint/visitor-keys/-/visitor-keys-6.21.0.tgz 0ms (cache hit)
378 http cache @typescript-eslint/typescript-estree@https://registry.npmjs.org/@typescript-eslint/typescript-estree/-/typescript-estree-6.21.0.tgz 0ms (cache hit)
379 http cache es-set-tostringtag@https://registry.npmjs.org/es-set-tostringtag/-/es-set-tostringtag-2.0.3.tgz 0ms (cache hit)
380 http cache @typescript-eslint/types@https://registry.npmjs.org/@typescript-eslint/types/-/types-6.21.0.tgz 0ms (cache hit)
381 http cache @typescript-eslint/scope-manager@https://registry.npmjs.org/@typescript-eslint/scope-manager/-/scope-manager-6.21.0.tgz 0ms (cache hit)
382 http cache @typescript-eslint/parser@https://registry.npmjs.org/@typescript-eslint/parser/-/parser-6.21.0.tgz 0ms (cache hit)
383 http cache @types/ws@https://registry.npmjs.org/@types/ws/-/ws-8.18.1.tgz 0ms (cache hit)
384 http cache @types/scheduler@https://registry.npmjs.org/@types/scheduler/-/scheduler-0.23.0.tgz 0ms (cache hit)
385 http cache @types/react-dom@https://registry.npmjs.org/@types/react-dom/-/react-dom-18.2.7.tgz 0ms (cache hit)
386 http cache embla-carousel-react@https://registry.npmjs.org/embla-carousel-react/-/embla-carousel-react-8.3.0.tgz 0ms (cache hit)
387 http cache @types/prop-types@https://registry.npmjs.org/@types/prop-types/-/prop-types-15.7.13.tgz 0ms (cache hit)
388 http cache @types/phoenix@https://registry.npmjs.org/@types/phoenix/-/phoenix-1.6.6.tgz 0ms (cache hit)
389 http cache @types/node@https://registry.npmjs.org/@types/node/-/node-20.6.2.tgz 0ms (cache hit)
390 http cache @types/json5@https://registry.npmjs.org/@types/json5/-/json5-0.0.29.tgz 0ms (cache hit)
391 http cache @types/d3-time@https://registry.npmjs.org/@types/d3-time/-/d3-time-3.0.3.tgz 0ms (cache hit)
392 http cache @types/d3-timer@https://registry.npmjs.org/@types/d3-timer/-/d3-timer-3.0.2.tgz 0ms (cache hit)
393 http cache @types/d3-shape@https://registry.npmjs.org/@types/d3-shape/-/d3-shape-3.1.6.tgz 0ms (cache hit)
394 http cache @types/d3-scale@https://registry.npmjs.org/@types/d3-scale/-/d3-scale-4.0.8.tgz 0ms (cache hit)
395 http cache @types/d3-path@https://registry.npmjs.org/@types/d3-path/-/d3-path-3.1.0.tgz 0ms (cache hit)
396 http cache @types/d3-interpolate@https://registry.npmjs.org/@types/d3-interpolate/-/d3-interpolate-3.0.4.tgz 0ms (cache hit)
397 http cache @types/d3-color@https://registry.npmjs.org/@types/d3-color/-/d3-color-3.1.3.tgz 0ms (cache hit)
398 http cache @types/d3-ease@https://registry.npmjs.org/@types/d3-ease/-/d3-ease-3.0.2.tgz 0ms (cache hit)
399 http cache @swc/helpers@https://registry.npmjs.org/@swc/helpers/-/helpers-0.5.2.tgz 0ms (cache hit)
400 http cache @supabase/storage-js@https://registry.npmjs.org/@supabase/storage-js/-/storage-js-2.12.2.tgz 0ms (cache hit)
401 http cache @supabase/supabase-js@https://registry.npmjs.org/@supabase/supabase-js/-/supabase-js-2.58.0.tgz 0ms (cache hit)
402 http cache @types/d3-array@https://registry.npmjs.org/@types/d3-array/-/d3-array-3.2.1.tgz 0ms (cache hit)
403 http cache @supabase/postgrest-js@https://registry.npmjs.org/@supabase/postgrest-js/-/postgrest-js-1.21.4.tgz 0ms (cache hit)
404 http cache @supabase/realtime-js@https://registry.npmjs.org/@supabase/realtime-js/-/realtime-js-2.15.5.tgz 0ms (cache hit)
405 http cache @supabase/node-fetch@https://registry.npmjs.org/@supabase/node-fetch/-/node-fetch-2.6.15.tgz 0ms (cache hit)
406 http cache @rushstack/eslint-patch@https://registry.npmjs.org/@rushstack/eslint-patch/-/eslint-patch-1.10.4.tgz 0ms (cache hit)
407 http cache @rtsao/scc@https://registry.npmjs.org/@rtsao/scc/-/scc-1.1.0.tgz 0ms (cache hit)
408 http cache @supabase/functions-js@https://registry.npmjs.org/@supabase/functions-js/-/functions-js-2.5.0.tgz 0ms (cache hit)
409 http cache @supabase/auth-js@https://registry.npmjs.org/@supabase/auth-js/-/auth-js-2.72.0.tgz 0ms (cache hit)
410 http cache @radix-ui/rect@https://registry.npmjs.org/@radix-ui/rect/-/rect-1.1.0.tgz 0ms (cache hit)
411 http cache @radix-ui/react-visually-hidden@https://registry.npmjs.org/@radix-ui/react-visually-hidden/-/react-visually-hidden-1.1.0.tgz 0ms (cache hit)
412 http cache @radix-ui/react-use-size@https://registry.npmjs.org/@radix-ui/react-use-size/-/react-use-size-1.1.0.tgz 0ms (cache hit)
413 http cache @radix-ui/react-use-rect@https://registry.npmjs.org/@radix-ui/react-use-rect/-/react-use-rect-1.1.0.tgz 0ms (cache hit)
414 http cache @radix-ui/react-use-previous@https://registry.npmjs.org/@radix-ui/react-use-previous/-/react-use-previous-1.1.0.tgz 0ms (cache hit)
415 http cache @radix-ui/react-use-escape-keydown@https://registry.npmjs.org/@radix-ui/react-use-escape-keydown/-/react-use-escape-keydown-1.1.0.tgz 0ms (cache hit)
416 http cache @radix-ui/react-use-controllable-state@https://registry.npmjs.org/@radix-ui/react-use-controllable-state/-/react-use-controllable-state-1.1.0.tgz 0ms (cache hit)
417 http cache @radix-ui/react-use-layout-effect@https://registry.npmjs.org/@radix-ui/react-use-layout-effect/-/react-use-layout-effect-1.1.0.tgz 0ms (cache hit)
418 http cache @radix-ui/react-use-callback-ref@https://registry.npmjs.org/@radix-ui/react-use-callback-ref/-/react-use-callback-ref-1.1.0.tgz 0ms (cache hit)
419 http cache @types/react@https://registry.npmjs.org/@types/react/-/react-18.2.22.tgz 0ms (cache hit)
420 http cache @radix-ui/react-toggle-group@https://registry.npmjs.org/@radix-ui/react-toggle-group/-/react-toggle-group-1.1.0.tgz 0ms (cache hit)
421 http cache @radix-ui/react-toggle@https://registry.npmjs.org/@radix-ui/react-toggle/-/react-toggle-1.1.0.tgz 0ms (cache hit)
422 http cache @radix-ui/react-toast@https://registry.npmjs.org/@radix-ui/react-toast/-/react-toast-1.2.2.tgz 0ms (cache hit)
423 http cache @radix-ui/react-tabs@https://registry.npmjs.org/@radix-ui/react-tabs/-/react-tabs-1.1.1.tgz 0ms (cache hit)
424 http cache @radix-ui/react-slot@https://registry.npmjs.org/@radix-ui/react-slot/-/react-slot-1.1.0.tgz 0ms (cache hit)
425 http cache @radix-ui/react-slider@https://registry.npmjs.org/@radix-ui/react-slider/-/react-slider-1.2.1.tgz 0ms (cache hit)
426 http cache @radix-ui/react-switch@https://registry.npmjs.org/@radix-ui/react-switch/-/react-switch-1.1.1.tgz 0ms (cache hit)
427 http cache @radix-ui/react-separator@https://registry.npmjs.org/@radix-ui/react-separator/-/react-separator-1.1.0.tgz 0ms (cache hit)
428 http cache @radix-ui/react-select@https://registry.npmjs.org/@radix-ui/react-select/-/react-select-2.1.2.tgz 0ms (cache hit)
429 http cache @radix-ui/react-scroll-area@https://registry.npmjs.org/@radix-ui/react-scroll-area/-/react-scroll-area-1.2.0.tgz 0ms (cache hit)
430 http cache @radix-ui/react-roving-focus@https://registry.npmjs.org/@radix-ui/react-roving-focus/-/react-roving-focus-1.1.0.tgz 0ms (cache hit)
431 http cache @radix-ui/react-progress@https://registry.npmjs.org/@radix-ui/react-progress/-/react-progress-1.1.0.tgz 0ms (cache hit)
432 http cache @radix-ui/react-radio-group@https://registry.npmjs.org/@radix-ui/react-radio-group/-/react-radio-group-1.2.1.tgz 0ms (cache hit)
433 http cache @radix-ui/react-primitive@https://registry.npmjs.org/@radix-ui/react-primitive/-/react-primitive-2.0.0.tgz 0ms (cache hit)
434 http cache @radix-ui/react-popover@https://registry.npmjs.org/@radix-ui/react-popover/-/react-popover-1.1.2.tgz 0ms (cache hit)
435 http cache @radix-ui/react-presence@https://registry.npmjs.org/@radix-ui/react-presence/-/react-presence-1.1.1.tgz 0ms (cache hit)
436 http cache @radix-ui/react-navigation-menu@https://registry.npmjs.org/@radix-ui/react-navigation-menu/-/react-navigation-menu-1.2.1.tgz 0ms (cache hit)
437 http cache @radix-ui/react-portal@https://registry.npmjs.org/@radix-ui/react-portal/-/react-portal-1.1.2.tgz 0ms (cache hit)
438 http cache @radix-ui/react-popper@https://registry.npmjs.org/@radix-ui/react-popper/-/react-popper-1.2.0.tgz 0ms (cache hit)
439 http cache @radix-ui/react-menubar@https://registry.npmjs.org/@radix-ui/react-menubar/-/react-menubar-1.1.2.tgz 0ms (cache hit)
440 http cache @radix-ui/react-label@https://registry.npmjs.org/@radix-ui/react-label/-/react-label-2.1.0.tgz 0ms (cache hit)
441 http cache @radix-ui/react-menu@https://registry.npmjs.org/@radix-ui/react-menu/-/react-menu-2.1.2.tgz 0ms (cache hit)
442 http cache @radix-ui/react-id@https://registry.npmjs.org/@radix-ui/react-id/-/react-id-1.1.0.tgz 0ms (cache hit)
443 http cache @radix-ui/react-hover-card@https://registry.npmjs.org/@radix-ui/react-hover-card/-/react-hover-card-1.1.2.tgz 0ms (cache hit)
444 http cache @radix-ui/react-focus-scope@https://registry.npmjs.org/@radix-ui/react-focus-scope/-/react-focus-scope-1.1.0.tgz 0ms (cache hit)
445 http cache @radix-ui/react-focus-guards@https://registry.npmjs.org/@radix-ui/react-focus-guards/-/react-focus-guards-1.1.1.tgz 0ms (cache hit)
446 http cache @radix-ui/react-dropdown-menu@https://registry.npmjs.org/@radix-ui/react-dropdown-menu/-/react-dropdown-menu-2.1.2.tgz 0ms (cache hit)
447 http cache @radix-ui/react-dismissable-layer@https://registry.npmjs.org/@radix-ui/react-dismissable-layer/-/react-dismissable-layer-1.1.1.tgz 0ms (cache hit)
448 http cache @radix-ui/react-direction@https://registry.npmjs.org/@radix-ui/react-direction/-/react-direction-1.1.0.tgz 0ms (cache hit)
449 http cache @radix-ui/react-context@https://registry.npmjs.org/@radix-ui/react-context/-/react-context-1.1.1.tgz 0ms (cache hit)
450 http cache @radix-ui/react-context-menu@https://registry.npmjs.org/@radix-ui/react-context-menu/-/react-context-menu-2.2.2.tgz 0ms (cache hit)
451 http cache @radix-ui/react-dialog@https://registry.npmjs.org/@radix-ui/react-dialog/-/react-dialog-1.1.2.tgz 0ms (cache hit)
452 http cache @radix-ui/react-compose-refs@https://registry.npmjs.org/@radix-ui/react-compose-refs/-/react-compose-refs-1.1.0.tgz 0ms (cache hit)
453 http cache @radix-ui/react-collection@https://registry.npmjs.org/@radix-ui/react-collection/-/react-collection-1.1.0.tgz 0ms (cache hit)
454 http cache @radix-ui/react-tooltip@https://registry.npmjs.org/@radix-ui/react-tooltip/-/react-tooltip-1.1.3.tgz 0ms (cache hit)
455 http cache @radix-ui/react-checkbox@https://registry.npmjs.org/@radix-ui/react-checkbox/-/react-checkbox-1.1.2.tgz 0ms (cache hit)
456 http cache @radix-ui/react-avatar@https://registry.npmjs.org/@radix-ui/react-avatar/-/react-avatar-1.1.1.tgz 0ms (cache hit)
457 http cache @radix-ui/react-aspect-ratio@https://registry.npmjs.org/@radix-ui/react-aspect-ratio/-/react-aspect-ratio-1.1.0.tgz 0ms (cache hit)
458 http cache @radix-ui/react-arrow@https://registry.npmjs.org/@radix-ui/react-arrow/-/react-arrow-1.1.0.tgz 0ms (cache hit)
459 http cache @radix-ui/react-accordion@https://registry.npmjs.org/@radix-ui/react-accordion/-/react-accordion-1.2.1.tgz 0ms (cache hit)
460 http cache @radix-ui/react-alert-dialog@https://registry.npmjs.org/@radix-ui/react-alert-dialog/-/react-alert-dialog-1.1.2.tgz 0ms (cache hit)
461 http cache @radix-ui/primitive@https://registry.npmjs.org/@radix-ui/primitive/-/primitive-1.1.0.tgz 0ms (cache hit)
462 http cache @pkgjs/parseargs@https://registry.npmjs.org/@pkgjs/parseargs/-/parseargs-0.11.0.tgz 0ms (cache hit)
463 http cache @radix-ui/number@https://registry.npmjs.org/@radix-ui/number/-/number-1.1.0.tgz 0ms (cache hit)
464 http cache @nolyfill/is-core-module@https://registry.npmjs.org/@nolyfill/is-core-module/-/is-core-module-1.0.39.tgz 0ms (cache hit)
465 http cache @nodelib/fs.stat@https://registry.npmjs.org/@nodelib/fs.stat/-/fs.stat-2.0.5.tgz 0ms (cache hit)
466 http cache @nodelib/fs.walk@https://registry.npmjs.org/@nodelib/fs.walk/-/fs.walk-1.2.8.tgz 0ms (cache hit)
467 http cache @nodelib/fs.scandir@https://registry.npmjs.org/@nodelib/fs.scandir/-/fs.scandir-2.1.5.tgz 0ms (cache hit)
468 http cache @next/swc-wasm-nodejs@https://registry.npmjs.org/@next/swc-wasm-nodejs/-/swc-wasm-nodejs-13.5.1.tgz 0ms (cache hit)
469 http cache @next/eslint-plugin-next@https://registry.npmjs.org/@next/eslint-plugin-next/-/eslint-plugin-next-13.5.1.tgz 0ms (cache hit)
470 http cache @next/env@https://registry.npmjs.org/@next/env/-/env-13.5.1.tgz 0ms (cache hit)
471 http cache @netlify/plugin-nextjs@https://registry.npmjs.org/@netlify/plugin-nextjs/-/plugin-nextjs-5.15.1.tgz 0ms (cache hit)
472 http cache @jridgewell/sourcemap-codec@https://registry.npmjs.org/@jridgewell/sourcemap-codec/-/sourcemap-codec-1.5.0.tgz 0ms (cache hit)
473 http cache @jridgewell/trace-mapping@https://registry.npmjs.org/@jridgewell/trace-mapping/-/trace-mapping-0.3.25.tgz 0ms (cache hit)
474 http cache @next/swc-win32-x64-msvc@https://registry.npmjs.org/@next/swc-win32-x64-msvc/-/swc-win32-x64-msvc-13.5.1.tgz 0ms (cache hit)
475 http cache @jridgewell/set-array@https://registry.npmjs.org/@jridgewell/set-array/-/set-array-1.2.1.tgz 0ms (cache hit)
476 http cache @jridgewell/resolve-uri@https://registry.npmjs.org/@jridgewell/resolve-uri/-/resolve-uri-3.1.2.tgz 0ms (cache hit)
477 http cache @jridgewell/gen-mapping@https://registry.npmjs.org/@jridgewell/gen-mapping/-/gen-mapping-0.3.5.tgz 0ms (cache hit)
478 http cache @isaacs/cliui@https://registry.npmjs.org/@isaacs/cliui/-/cliui-8.0.2.tgz 1ms (cache hit)
479 http cache @humanwhocodes/object-schema@https://registry.npmjs.org/@humanwhocodes/object-schema/-/object-schema-2.0.3.tgz 0ms (cache hit)
480 http cache @humanwhocodes/module-importer@https://registry.npmjs.org/@humanwhocodes/module-importer/-/module-importer-1.0.1.tgz 0ms (cache hit)
481 http cache @humanwhocodes/config-array@https://registry.npmjs.org/@humanwhocodes/config-array/-/config-array-0.11.14.tgz 0ms (cache hit)
482 http cache @hookform/resolvers@https://registry.npmjs.org/@hookform/resolvers/-/resolvers-3.9.0.tgz 1ms (cache hit)
483 http cache @floating-ui/utils@https://registry.npmjs.org/@floating-ui/utils/-/utils-0.2.8.tgz 0ms (cache hit)
484 http cache @floating-ui/react-dom@https://registry.npmjs.org/@floating-ui/react-dom/-/react-dom-2.1.2.tgz 0ms (cache hit)
485 http cache @floating-ui/dom@https://registry.npmjs.org/@floating-ui/dom/-/dom-1.6.11.tgz 0ms (cache hit)
486 http cache @floating-ui/core@https://registry.npmjs.org/@floating-ui/core/-/core-1.6.8.tgz 0ms (cache hit)
487 http cache @eslint/js@https://registry.npmjs.org/@eslint/js/-/js-8.49.0.tgz 0ms (cache hit)
488 http cache @eslint/eslintrc@https://registry.npmjs.org/@eslint/eslintrc/-/eslintrc-2.1.4.tgz 0ms (cache hit)
489 http cache @eslint-community/regexpp@https://registry.npmjs.org/@eslint-community/regexpp/-/regexpp-4.11.1.tgz 0ms (cache hit)
490 http cache @eslint-community/eslint-utils@https://registry.npmjs.org/@eslint-community/eslint-utils/-/eslint-utils-4.4.0.tgz 0ms (cache hit)
491 http cache @babel/runtime@https://registry.npmjs.org/@babel/runtime/-/runtime-7.25.7.tgz 0ms (cache hit)
492 http cache @alloc/quick-lru@https://registry.npmjs.org/@alloc/quick-lru/-/quick-lru-5.2.0.tgz 0ms (cache hit)
493 http cache string-width@https://registry.npmjs.org/string-width/-/string-width-4.2.3.tgz 0ms (cache hit)
494 http cache strip-ansi@https://registry.npmjs.org/strip-ansi/-/strip-ansi-7.1.0.tgz 0ms (cache hit)
495 http cache emoji-regex@https://registry.npmjs.org/emoji-regex/-/emoji-regex-8.0.0.tgz 0ms (cache hit)
496 http cache ansi-styles@https://registry.npmjs.org/ansi-styles/-/ansi-styles-6.2.1.tgz 0ms (cache hit)
497 http cache ansi-regex@https://registry.npmjs.org/ansi-regex/-/ansi-regex-6.1.0.tgz 0ms (cache hit)
498 http cache glob@https://registry.npmjs.org/glob/-/glob-10.4.5.tgz 0ms (cache hit)
499 http cache brace-expansion@https://registry.npmjs.org/brace-expansion/-/brace-expansion-2.0.1.tgz 0ms (cache hit)
500 http cache emoji-regex@https://registry.npmjs.org/emoji-regex/-/emoji-regex-8.0.0.tgz 0ms (cache hit)
501 http cache strip-ansi@https://registry.npmjs.org/strip-ansi/-/strip-ansi-7.1.0.tgz 0ms (cache hit)
502 http cache ansi-regex@https://registry.npmjs.org/ansi-regex/-/ansi-regex-6.1.0.tgz 0ms (cache hit)
503 http cache lilconfig@https://registry.npmjs.org/lilconfig/-/lilconfig-3.1.2.tgz 0ms (cache hit)
504 http cache zod@https://registry.npmjs.org/zod/-/zod-3.21.4.tgz 0ms (cache hit)
505 http cache minimatch@https://registry.npmjs.org/minimatch/-/minimatch-9.0.5.tgz 0ms (cache hit)
506 http cache postcss@https://registry.npmjs.org/postcss/-/postcss-8.4.14.tgz 0ms (cache hit)
507 http cache glob-parent@https://registry.npmjs.org/glob-parent/-/glob-parent-5.1.2.tgz 0ms (cache hit)
508 http cache doctrine@https://registry.npmjs.org/doctrine/-/doctrine-2.1.0.tgz 0ms (cache hit)
509 http cache semver@https://registry.npmjs.org/semver/-/semver-6.3.1.tgz 0ms (cache hit)
510 http cache semver@https://registry.npmjs.org/semver/-/semver-6.3.1.tgz 0ms (cache hit)
511 http cache debug@https://registry.npmjs.org/debug/-/debug-3.2.7.tgz 0ms (cache hit)
512 http cache debug@https://registry.npmjs.org/debug/-/debug-3.2.7.tgz 0ms (cache hit)
513 http cache debug@https://registry.npmjs.org/debug/-/debug-3.2.7.tgz 0ms (cache hit)
514 http cache resolve@https://registry.npmjs.org/resolve/-/resolve-2.0.0-next.5.tgz 0ms (cache hit)
515 http cache doctrine@https://registry.npmjs.org/doctrine/-/doctrine-2.1.0.tgz 0ms (cache hit)
516 http cache react-remove-scroll@https://registry.npmjs.org/react-remove-scroll/-/react-remove-scroll-2.5.5.tgz 0ms (cache hit)
517 http cache @radix-ui/react-use-layout-effect@https://registry.npmjs.org/@radix-ui/react-use-layout-effect/-/react-use-layout-effect-1.0.1.tgz 0ms (cache hit)
518 http cache @radix-ui/react-use-escape-keydown@https://registry.npmjs.org/@radix-ui/react-use-escape-keydown/-/react-use-escape-keydown-1.0.3.tgz 0ms (cache hit)
519 http cache @radix-ui/react-use-controllable-state@https://registry.npmjs.org/@radix-ui/react-use-controllable-state/-/react-use-controllable-state-1.0.1.tgz 0ms (cache hit)
520 http cache eslint-import-resolver-typescript@https://registry.npmjs.org/eslint-import-resolver-typescript/-/eslint-import-resolver-typescript-3.6.3.tgz 0ms (cache hit)
521 http cache @radix-ui/react-use-callback-ref@https://registry.npmjs.org/@radix-ui/react-use-callback-ref/-/react-use-callback-ref-1.0.1.tgz 0ms (cache hit)
522 http cache @radix-ui/react-slot@https://registry.npmjs.org/@radix-ui/react-slot/-/react-slot-1.0.2.tgz 0ms (cache hit)
523 http cache @radix-ui/react-primitive@https://registry.npmjs.org/@radix-ui/react-primitive/-/react-primitive-1.0.3.tgz 0ms (cache hit)
524 http cache @radix-ui/react-id@https://registry.npmjs.org/@radix-ui/react-id/-/react-id-1.0.1.tgz 0ms (cache hit)
525 http cache @radix-ui/react-presence@https://registry.npmjs.org/@radix-ui/react-presence/-/react-presence-1.0.1.tgz 0ms (cache hit)
526 http cache @radix-ui/react-portal@https://registry.npmjs.org/@radix-ui/react-portal/-/react-portal-1.0.4.tgz 0ms (cache hit)
527 http cache @radix-ui/react-focus-scope@https://registry.npmjs.org/@radix-ui/react-focus-scope/-/react-focus-scope-1.0.4.tgz 0ms (cache hit)
528 http cache @radix-ui/react-dismissable-layer@https://registry.npmjs.org/@radix-ui/react-dismissable-layer/-/react-dismissable-layer-1.0.5.tgz 0ms (cache hit)
529 http cache @radix-ui/react-focus-guards@https://registry.npmjs.org/@radix-ui/react-focus-guards/-/react-focus-guards-1.0.1.tgz 0ms (cache hit)
530 http cache @radix-ui/react-dialog@https://registry.npmjs.org/@radix-ui/react-dialog/-/react-dialog-1.0.5.tgz 0ms (cache hit)
531 http cache @radix-ui/react-context@https://registry.npmjs.org/@radix-ui/react-context/-/react-context-1.0.1.tgz 0ms (cache hit)
532 http cache clsx@https://registry.npmjs.org/clsx/-/clsx-2.0.0.tgz 0ms (cache hit)
533 http cache glob-parent@https://registry.npmjs.org/glob-parent/-/glob-parent-5.1.2.tgz 0ms (cache hit)
534 http cache minimatch@https://registry.npmjs.org/minimatch/-/minimatch-9.0.3.tgz 0ms (cache hit)
535 http cache brace-expansion@https://registry.npmjs.org/brace-expansion/-/brace-expansion-2.0.1.tgz 0ms (cache hit)
536 http cache @radix-ui/react-compose-refs@https://registry.npmjs.org/@radix-ui/react-compose-refs/-/react-compose-refs-1.0.1.tgz 0ms (cache hit)
537 http cache @radix-ui/primitive@https://registry.npmjs.org/@radix-ui/primitive/-/primitive-1.0.1.tgz 0ms (cache hit)
538 http cache @radix-ui/react-context@https://registry.npmjs.org/@radix-ui/react-context/-/react-context-1.1.0.tgz 0ms (cache hit)
539 http cache @radix-ui/react-context@https://registry.npmjs.org/@radix-ui/react-context/-/react-context-1.1.0.tgz 0ms (cache hit)
540 http cache @radix-ui/react-context@https://registry.npmjs.org/@radix-ui/react-context/-/react-context-1.1.0.tgz 0ms (cache hit)
541 http cache @radix-ui/react-context@https://registry.npmjs.org/@radix-ui/react-context/-/react-context-1.1.0.tgz 0ms (cache hit)
542 http cache @radix-ui/react-context@https://registry.npmjs.org/@radix-ui/react-context/-/react-context-1.1.0.tgz 0ms (cache hit)
543 http cache strip-ansi@https://registry.npmjs.org/strip-ansi/-/strip-ansi-7.1.0.tgz 0ms (cache hit)
544 silly tarball no local data for yocto-queue@https://registry.npmjs.org/yocto-queue/-/yocto-queue-0.1.0.tgz. Extracting by manifest.
545 silly tarball no local data for zod@https://registry.npmjs.org/zod/-/zod-3.23.8.tgz. Extracting by manifest.
546 http cache ansi-regex@https://registry.npmjs.org/ansi-regex/-/ansi-regex-6.1.0.tgz 0ms (cache hit)
547 http cache @radix-ui/react-collapsible@https://registry.npmjs.org/@radix-ui/react-collapsible/-/react-collapsible-1.1.1.tgz 0ms (cache hit)
548 silly tarball no local data for yaml@https://registry.npmjs.org/yaml/-/yaml-2.5.1.tgz. Extracting by manifest.
549 silly tarball no local data for ws@https://registry.npmjs.org/ws/-/ws-8.18.3.tgz. Extracting by manifest.
550 silly tarball no local data for wrappy@https://registry.npmjs.org/wrappy/-/wrappy-1.0.2.tgz. Extracting by manifest.
551 silly tarball no local data for wrap-ansi-cjs@https://registry.npmjs.org/wrap-ansi/-/wrap-ansi-7.0.0.tgz. Extracting by manifest.
552 silly tarball no local data for word-wrap@https://registry.npmjs.org/word-wrap/-/word-wrap-1.2.5.tgz. Extracting by manifest.
553 silly tarball no local data for wrap-ansi@https://registry.npmjs.org/wrap-ansi/-/wrap-ansi-8.1.0.tgz. Extracting by manifest.
554 silly tarball no local data for which-typed-array@https://registry.npmjs.org/which-typed-array/-/which-typed-array-1.1.15.tgz. Extracting by manifest.
555 silly tarball no local data for which-collection@https://registry.npmjs.org/which-collection/-/which-collection-1.0.2.tgz. Extracting by manifest.
556 silly tarball no local data for which-builtin-type@https://registry.npmjs.org/which-builtin-type/-/which-builtin-type-1.1.4.tgz. Extracting by manifest.
557 silly tarball no local data for which-boxed-primitive@https://registry.npmjs.org/which-boxed-primitive/-/which-boxed-primitive-1.0.2.tgz. Extracting by manifest.
558 silly tarball no local data for which@https://registry.npmjs.org/which/-/which-2.0.2.tgz. Extracting by manifest.
559 silly tarball no local data for whatwg-url@https://registry.npmjs.org/whatwg-url/-/whatwg-url-5.0.0.tgz. Extracting by manifest.
560 silly tarball no local data for watchpack@https://registry.npmjs.org/watchpack/-/watchpack-2.4.0.tgz. Extracting by manifest.
561 silly tarball no local data for webidl-conversions@https://registry.npmjs.org/webidl-conversions/-/webidl-conversions-3.0.1.tgz. Extracting by manifest.
562 silly tarball no local data for victory-vendor@https://registry.npmjs.org/victory-vendor/-/victory-vendor-36.9.2.tgz. Extracting by manifest.
563 silly tarball no local data for util-deprecate@https://registry.npmjs.org/util-deprecate/-/util-deprecate-1.0.2.tgz. Extracting by manifest.
564 silly tarball no local data for vaul@https://registry.npmjs.org/vaul/-/vaul-0.9.9.tgz. Extracting by manifest.
565 silly tarball no local data for use-sidecar@https://registry.npmjs.org/use-sidecar/-/use-sidecar-1.1.2.tgz. Extracting by manifest.
566 silly tarball no local data for uri-js@https://registry.npmjs.org/uri-js/-/uri-js-4.4.1.tgz. Extracting by manifest.
567 silly tarball no local data for use-callback-ref@https://registry.npmjs.org/use-callback-ref/-/use-callback-ref-1.3.2.tgz. Extracting by manifest.
568 silly tarball no local data for update-browserslist-db@https://registry.npmjs.org/update-browserslist-db/-/update-browserslist-db-1.1.1.tgz. Extracting by manifest.
569 silly tarball no local data for unbox-primitive@https://registry.npmjs.org/unbox-primitive/-/unbox-primitive-1.0.2.tgz. Extracting by manifest.
570 silly tarball no local data for typescript@https://registry.npmjs.org/typescript/-/typescript-5.2.2.tgz. Extracting by manifest.
571 silly tarball no local data for typed-array-length@https://registry.npmjs.org/typed-array-length/-/typed-array-length-1.0.6.tgz. Extracting by manifest.
572 silly tarball no local data for typed-array-byte-offset@https://registry.npmjs.org/typed-array-byte-offset/-/typed-array-byte-offset-1.0.2.tgz. Extracting by manifest.
573 silly tarball no local data for typed-array-byte-length@https://registry.npmjs.org/typed-array-byte-length/-/typed-array-byte-length-1.0.1.tgz. Extracting by manifest.
574 silly tarball no local data for typed-array-buffer@https://registry.npmjs.org/typed-array-buffer/-/typed-array-buffer-1.0.2.tgz. Extracting by manifest.
575 silly tarball no local data for type-fest@https://registry.npmjs.org/type-fest/-/type-fest-0.20.2.tgz. Extracting by manifest.
576 silly tarball no local data for tsconfig-paths@https://registry.npmjs.org/tsconfig-paths/-/tsconfig-paths-3.15.0.tgz. Extracting by manifest.
577 silly tarball no local data for tslib@https://registry.npmjs.org/tslib/-/tslib-2.7.0.tgz. Extracting by manifest.
578 silly tarball no local data for ts-interface-checker@https://registry.npmjs.org/ts-interface-checker/-/ts-interface-checker-0.1.13.tgz. Extracting by manifest.
579 silly tarball no local data for type-check@https://registry.npmjs.org/type-check/-/type-check-0.4.0.tgz. Extracting by manifest.
580 silly tarball no local data for ts-api-utils@https://registry.npmjs.org/ts-api-utils/-/ts-api-utils-1.3.0.tgz. Extracting by manifest.
581 silly tarball no local data for to-regex-range@https://registry.npmjs.org/to-regex-range/-/to-regex-range-5.0.1.tgz. Extracting by manifest.
582 silly tarball no local data for tr46@https://registry.npmjs.org/tr46/-/tr46-0.0.3.tgz. Extracting by manifest.
583 silly tarball no local data for thenify-all@https://registry.npmjs.org/thenify-all/-/thenify-all-1.6.0.tgz. Extracting by manifest.
584 silly tarball no local data for tiny-invariant@https://registry.npmjs.org/tiny-invariant/-/tiny-invariant-1.3.3.tgz. Extracting by manifest.
585 silly tarball no local data for thenify@https://registry.npmjs.org/thenify/-/thenify-3.3.1.tgz. Extracting by manifest.
586 silly tarball no local data for text-table@https://registry.npmjs.org/text-table/-/text-table-0.2.0.tgz. Extracting by manifest.
587 silly tarball no local data for tapable@https://registry.npmjs.org/tapable/-/tapable-2.2.1.tgz. Extracting by manifest.
588 silly tarball no local data for supports-preserve-symlinks-flag@https://registry.npmjs.org/supports-preserve-symlinks-flag/-/supports-preserve-symlinks-flag-1.0.0.tgz. Extracting by manifest.
589 silly tarball no local data for tailwindcss-animate@https://registry.npmjs.org/tailwindcss-animate/-/tailwindcss-animate-1.0.7.tgz. Extracting by manifest.
590 silly tarball no local data for tailwindcss@https://registry.npmjs.org/tailwindcss/-/tailwindcss-3.3.3.tgz. Extracting by manifest.
591 silly tarball no local data for supports-color@https://registry.npmjs.org/supports-color/-/supports-color-7.2.0.tgz. Extracting by manifest.
592 silly tarball no local data for styled-jsx@https://registry.npmjs.org/styled-jsx/-/styled-jsx-5.1.1.tgz. Extracting by manifest.
593 silly tarball no local data for tailwind-merge@https://registry.npmjs.org/tailwind-merge/-/tailwind-merge-2.5.3.tgz. Extracting by manifest.
594 silly tarball no local data for strip-json-comments@https://registry.npmjs.org/strip-json-comments/-/strip-json-comments-3.1.1.tgz. Extracting by manifest.
595 silly tarball no local data for strip-bom@https://registry.npmjs.org/strip-bom/-/strip-bom-3.0.0.tgz. Extracting by manifest.
596 silly tarball no local data for strip-ansi-cjs@https://registry.npmjs.org/strip-ansi/-/strip-ansi-6.0.1.tgz. Extracting by manifest.
597 silly tarball no local data for strip-ansi@https://registry.npmjs.org/strip-ansi/-/strip-ansi-6.0.1.tgz. Extracting by manifest.
598 silly tarball no local data for string.prototype.trimstart@https://registry.npmjs.org/string.prototype.trimstart/-/string.prototype.trimstart-1.0.8.tgz. Extracting by manifest.
599 silly tarball no local data for string.prototype.trimend@https://registry.npmjs.org/string.prototype.trimend/-/string.prototype.trimend-1.0.8.tgz. Extracting by manifest.
600 silly tarball no local data for string.prototype.trim@https://registry.npmjs.org/string.prototype.trim/-/string.prototype.trim-1.2.9.tgz. Extracting by manifest.
601 silly tarball no local data for string.prototype.repeat@https://registry.npmjs.org/string.prototype.repeat/-/string.prototype.repeat-1.0.0.tgz. Extracting by manifest.
602 silly tarball no local data for string.prototype.matchall@https://registry.npmjs.org/string.prototype.matchall/-/string.prototype.matchall-4.0.11.tgz. Extracting by manifest.
603 silly tarball no local data for string.prototype.includes@https://registry.npmjs.org/string.prototype.includes/-/string.prototype.includes-2.0.0.tgz. Extracting by manifest.
604 silly tarball no local data for string-width-cjs@https://registry.npmjs.org/string-width/-/string-width-4.2.3.tgz. Extracting by manifest.
605 silly tarball no local data for string-width@https://registry.npmjs.org/string-width/-/string-width-5.1.2.tgz. Extracting by manifest.
606 silly tarball no local data for streamsearch@https://registry.npmjs.org/streamsearch/-/streamsearch-1.1.0.tgz. Extracting by manifest.
607 silly tarball no local data for stop-iteration-iterator@https://registry.npmjs.org/stop-iteration-iterator/-/stop-iteration-iterator-1.0.0.tgz. Extracting by manifest.
608 silly tarball no local data for source-map-js@https://registry.npmjs.org/source-map-js/-/source-map-js-1.2.1.tgz. Extracting by manifest.
609 silly tarball no local data for sonner@https://registry.npmjs.org/sonner/-/sonner-1.5.0.tgz. Extracting by manifest.
610 silly tarball no local data for slash@https://registry.npmjs.org/slash/-/slash-3.0.0.tgz. Extracting by manifest.
611 silly tarball no local data for signal-exit@https://registry.npmjs.org/signal-exit/-/signal-exit-4.1.0.tgz. Extracting by manifest.
612 silly tarball no local data for side-channel@https://registry.npmjs.org/side-channel/-/side-channel-1.0.6.tgz. Extracting by manifest.
613 silly tarball no local data for shebang-regex@https://registry.npmjs.org/shebang-regex/-/shebang-regex-3.0.0.tgz. Extracting by manifest.
614 silly tarball no local data for shebang-command@https://registry.npmjs.org/shebang-command/-/shebang-command-2.0.0.tgz. Extracting by manifest.
615 silly tarball no local data for set-function-length@https://registry.npmjs.org/set-function-length/-/set-function-length-1.2.2.tgz. Extracting by manifest.
616 silly tarball no local data for set-function-name@https://registry.npmjs.org/set-function-name/-/set-function-name-2.0.2.tgz. Extracting by manifest.
617 silly tarball no local data for safe-regex-test@https://registry.npmjs.org/safe-regex-test/-/safe-regex-test-1.0.3.tgz. Extracting by manifest.
618 silly tarball no local data for semver@https://registry.npmjs.org/semver/-/semver-7.6.3.tgz. Extracting by manifest.
619 silly tarball no local data for scheduler@https://registry.npmjs.org/scheduler/-/scheduler-0.23.2.tgz. Extracting by manifest.
620 silly tarball no local data for safe-array-concat@https://registry.npmjs.org/safe-array-concat/-/safe-array-concat-1.1.2.tgz. Extracting by manifest.
621 silly tarball no local data for run-parallel@https://registry.npmjs.org/run-parallel/-/run-parallel-1.2.0.tgz. Extracting by manifest.
622 silly tarball no local data for reusify@https://registry.npmjs.org/reusify/-/reusify-1.0.4.tgz. Extracting by manifest.
623 silly tarball no local data for rimraf@https://registry.npmjs.org/rimraf/-/rimraf-3.0.2.tgz. Extracting by manifest.
624 silly tarball no local data for resolve-pkg-maps@https://registry.npmjs.org/resolve-pkg-maps/-/resolve-pkg-maps-1.0.0.tgz. Extracting by manifest.
625 silly tarball no local data for resolve-from@https://registry.npmjs.org/resolve-from/-/resolve-from-4.0.0.tgz. Extracting by manifest.
626 silly tarball no local data for regexp.prototype.flags@https://registry.npmjs.org/regexp.prototype.flags/-/regexp.prototype.flags-1.5.3.tgz. Extracting by manifest.
627 silly tarball no local data for resolve@https://registry.npmjs.org/resolve/-/resolve-1.22.8.tgz. Extracting by manifest.
628 silly tarball no local data for regenerator-runtime@https://registry.npmjs.org/regenerator-runtime/-/regenerator-runtime-0.14.1.tgz. Extracting by manifest.
629 silly tarball no local data for recharts-scale@https://registry.npmjs.org/recharts-scale/-/recharts-scale-0.4.5.tgz. Extracting by manifest.
630 silly tarball no local data for reflect.getprototypeof@https://registry.npmjs.org/reflect.getprototypeof/-/reflect.getprototypeof-1.0.6.tgz. Extracting by manifest.
631 silly tarball no local data for readdirp@https://registry.npmjs.org/readdirp/-/readdirp-3.6.0.tgz. Extracting by manifest.
632 silly tarball no local data for read-cache@https://registry.npmjs.org/read-cache/-/read-cache-1.0.0.tgz. Extracting by manifest.
633 silly tarball no local data for react-transition-group@https://registry.npmjs.org/react-transition-group/-/react-transition-group-4.4.5.tgz. Extracting by manifest.
634 silly tarball no local data for recharts@https://registry.npmjs.org/recharts/-/recharts-2.12.7.tgz. Extracting by manifest.
635 silly tarball no local data for react-style-singleton@https://registry.npmjs.org/react-style-singleton/-/react-style-singleton-2.2.1.tgz. Extracting by manifest.
636 silly tarball no local data for react-smooth@https://registry.npmjs.org/react-smooth/-/react-smooth-4.0.1.tgz. Extracting by manifest.
637 silly tarball no local data for react-resizable-panels@https://registry.npmjs.org/react-resizable-panels/-/react-resizable-panels-2.1.4.tgz. Extracting by manifest.
638 silly tarball no local data for react-remove-scroll-bar@https://registry.npmjs.org/react-remove-scroll-bar/-/react-remove-scroll-bar-2.3.6.tgz. Extracting by manifest.
639 silly tarball no local data for react-remove-scroll@https://registry.npmjs.org/react-remove-scroll/-/react-remove-scroll-2.6.0.tgz. Extracting by manifest.
640 silly tarball no local data for react-is@https://registry.npmjs.org/react-is/-/react-is-16.13.1.tgz. Extracting by manifest.
641 silly tarball no local data for react-hook-form@https://registry.npmjs.org/react-hook-form/-/react-hook-form-7.53.0.tgz. Extracting by manifest.
642 silly tarball no local data for react-dom@https://registry.npmjs.org/react-dom/-/react-dom-18.2.0.tgz. Extracting by manifest.
643 silly tarball no local data for react-day-picker@https://registry.npmjs.org/react-day-picker/-/react-day-picker-8.10.1.tgz. Extracting by manifest.
644 silly tarball no local data for react@https://registry.npmjs.org/react/-/react-18.2.0.tgz. Extracting by manifest.
645 silly tarball no local data for punycode@https://registry.npmjs.org/punycode/-/punycode-2.3.1.tgz. Extracting by manifest.
646 silly tarball no local data for queue-microtask@https://registry.npmjs.org/queue-microtask/-/queue-microtask-1.2.3.tgz. Extracting by manifest.
647 silly tarball no local data for prop-types@https://registry.npmjs.org/prop-types/-/prop-types-15.8.1.tgz. Extracting by manifest.
648 silly tarball no local data for prelude-ls@https://registry.npmjs.org/prelude-ls/-/prelude-ls-1.2.1.tgz. Extracting by manifest.
649 silly tarball no local data for postcss-selector-parser@https://registry.npmjs.org/postcss-selector-parser/-/postcss-selector-parser-6.1.2.tgz. Extracting by manifest.
650 silly tarball no local data for postcss-nested@https://registry.npmjs.org/postcss-nested/-/postcss-nested-6.2.0.tgz. Extracting by manifest.
651 silly tarball no local data for postcss-value-parser@https://registry.npmjs.org/postcss-value-parser/-/postcss-value-parser-4.2.0.tgz. Extracting by manifest.
652 silly tarball no local data for postcss-load-config@https://registry.npmjs.org/postcss-load-config/-/postcss-load-config-4.0.2.tgz. Extracting by manifest.
653 silly tarball no local data for postcss-js@https://registry.npmjs.org/postcss-js/-/postcss-js-4.0.1.tgz. Extracting by manifest.
654 silly tarball no local data for postcss-import@https://registry.npmjs.org/postcss-import/-/postcss-import-15.1.0.tgz. Extracting by manifest.
655 silly tarball no local data for postcss@https://registry.npmjs.org/postcss/-/postcss-8.4.30.tgz. Extracting by manifest.
656 silly tarball no local data for possible-typed-array-names@https://registry.npmjs.org/possible-typed-array-names/-/possible-typed-array-names-1.0.0.tgz. Extracting by manifest.
657 silly tarball no local data for pirates@https://registry.npmjs.org/pirates/-/pirates-4.0.6.tgz. Extracting by manifest.
658 silly tarball no local data for pify@https://registry.npmjs.org/pify/-/pify-2.3.0.tgz. Extracting by manifest.
659 silly tarball no local data for picomatch@https://registry.npmjs.org/picomatch/-/picomatch-2.3.1.tgz. Extracting by manifest.
660 silly tarball no local data for picocolors@https://registry.npmjs.org/picocolors/-/picocolors-1.1.0.tgz. Extracting by manifest.
661 silly tarball no local data for path-type@https://registry.npmjs.org/path-type/-/path-type-4.0.0.tgz. Extracting by manifest.
662 silly tarball no local data for path-parse@https://registry.npmjs.org/path-parse/-/path-parse-1.0.7.tgz. Extracting by manifest.
663 silly tarball no local data for path-scurry@https://registry.npmjs.org/path-scurry/-/path-scurry-1.11.1.tgz. Extracting by manifest.
664 silly tarball no local data for path-key@https://registry.npmjs.org/path-key/-/path-key-3.1.1.tgz. Extracting by manifest.
665 silly tarball no local data for path-exists@https://registry.npmjs.org/path-exists/-/path-exists-4.0.0.tgz. Extracting by manifest.
666 silly tarball no local data for path-is-absolute@https://registry.npmjs.org/path-is-absolute/-/path-is-absolute-1.0.1.tgz. Extracting by manifest.
667 silly tarball no local data for parent-module@https://registry.npmjs.org/parent-module/-/parent-module-1.0.1.tgz. Extracting by manifest.
668 silly tarball no local data for package-json-from-dist@https://registry.npmjs.org/package-json-from-dist/-/package-json-from-dist-1.0.1.tgz. Extracting by manifest.
669 silly tarball no local data for p-locate@https://registry.npmjs.org/p-locate/-/p-locate-5.0.0.tgz. Extracting by manifest.
670 silly tarball no local data for p-limit@https://registry.npmjs.org/p-limit/-/p-limit-3.1.0.tgz. Extracting by manifest.
671 silly tarball no local data for optionator@https://registry.npmjs.org/optionator/-/optionator-0.9.4.tgz. Extracting by manifest.
672 silly tarball no local data for once@https://registry.npmjs.org/once/-/once-1.4.0.tgz. Extracting by manifest.
673 silly tarball no local data for object.values@https://registry.npmjs.org/object.values/-/object.values-1.2.0.tgz. Extracting by manifest.
674 silly tarball no local data for object.fromentries@https://registry.npmjs.org/object.fromentries/-/object.fromentries-2.0.8.tgz. Extracting by manifest.
675 silly tarball no local data for object.groupby@https://registry.npmjs.org/object.groupby/-/object.groupby-1.0.3.tgz. Extracting by manifest.
676 silly tarball no local data for object.entries@https://registry.npmjs.org/object.entries/-/object.entries-1.1.8.tgz. Extracting by manifest.
677 silly tarball no local data for object.assign@https://registry.npmjs.org/object.assign/-/object.assign-4.1.5.tgz. Extracting by manifest.
678 silly tarball no local data for object-is@https://registry.npmjs.org/object-is/-/object-is-1.1.6.tgz. Extracting by manifest.
679 silly tarball no local data for object-keys@https://registry.npmjs.org/object-keys/-/object-keys-1.1.1.tgz. Extracting by manifest.
680 silly tarball no local data for object-inspect@https://registry.npmjs.org/object-inspect/-/object-inspect-1.13.2.tgz. Extracting by manifest.
681 silly tarball no local data for object-assign@https://registry.npmjs.org/object-assign/-/object-assign-4.1.1.tgz. Extracting by manifest.
682 silly tarball no local data for object-hash@https://registry.npmjs.org/object-hash/-/object-hash-3.0.0.tgz. Extracting by manifest.
683 silly tarball no local data for normalize-range@https://registry.npmjs.org/normalize-range/-/normalize-range-0.1.2.tgz. Extracting by manifest.
684 silly tarball no local data for normalize-path@https://registry.npmjs.org/normalize-path/-/normalize-path-3.0.0.tgz. Extracting by manifest.
685 silly tarball no local data for node-releases@https://registry.npmjs.org/node-releases/-/node-releases-2.0.18.tgz. Extracting by manifest.
686 silly tarball no local data for next-themes@https://registry.npmjs.org/next-themes/-/next-themes-0.3.0.tgz. Extracting by manifest.
687 silly tarball no local data for next@https://registry.npmjs.org/next/-/next-13.5.1.tgz. Extracting by manifest.
688 silly tarball no local data for natural-compare@https://registry.npmjs.org/natural-compare/-/natural-compare-1.4.0.tgz. Extracting by manifest.
689 silly tarball no local data for nanoid@https://registry.npmjs.org/nanoid/-/nanoid-3.3.7.tgz. Extracting by manifest.
690 silly tarball no local data for mz@https://registry.npmjs.org/mz/-/mz-2.7.0.tgz. Extracting by manifest.
691 silly tarball no local data for ms@https://registry.npmjs.org/ms/-/ms-2.1.3.tgz. Extracting by manifest.
692 silly tarball no local data for sucrase@https://registry.npmjs.org/sucrase/-/sucrase-3.35.0.tgz. Extracting by manifest.
693 silly tarball no local data for minimist@https://registry.npmjs.org/minimist/-/minimist-1.2.8.tgz. Extracting by manifest.
694 silly tarball no local data for minipass@https://registry.npmjs.org/minipass/-/minipass-7.1.2.tgz. Extracting by manifest.
695 silly tarball no local data for minimatch@https://registry.npmjs.org/minimatch/-/minimatch-3.1.2.tgz. Extracting by manifest.
696 silly tarball no local data for micromatch@https://registry.npmjs.org/micromatch/-/micromatch-4.0.8.tgz. Extracting by manifest.
697 silly tarball no local data for lucide-react@https://registry.npmjs.org/lucide-react/-/lucide-react-0.446.0.tgz. Extracting by manifest.
698 silly tarball no local data for lru-cache@https://registry.npmjs.org/lru-cache/-/lru-cache-10.4.3.tgz. Extracting by manifest.
699 silly tarball no local data for loose-envify@https://registry.npmjs.org/loose-envify/-/loose-envify-1.4.0.tgz. Extracting by manifest.
700 silly tarball no local data for lodash@https://registry.npmjs.org/lodash/-/lodash-4.17.21.tgz. Extracting by manifest.
701 silly tarball no local data for merge2@https://registry.npmjs.org/merge2/-/merge2-1.4.1.tgz. Extracting by manifest.
702 silly tarball no local data for lodash.merge@https://registry.npmjs.org/lodash.merge/-/lodash.merge-4.6.2.tgz. Extracting by manifest.
703 silly tarball no local data for locate-path@https://registry.npmjs.org/locate-path/-/locate-path-6.0.0.tgz. Extracting by manifest.
704 silly tarball no local data for lines-and-columns@https://registry.npmjs.org/lines-and-columns/-/lines-and-columns-1.2.4.tgz. Extracting by manifest.
705 silly tarball no local data for lilconfig@https://registry.npmjs.org/lilconfig/-/lilconfig-2.1.0.tgz. Extracting by manifest.
706 silly tarball no local data for levn@https://registry.npmjs.org/levn/-/levn-0.4.1.tgz. Extracting by manifest.
707 silly tarball no local data for language-tags@https://registry.npmjs.org/language-tags/-/language-tags-1.0.9.tgz. Extracting by manifest.
708 silly tarball no local data for keyv@https://registry.npmjs.org/keyv/-/keyv-4.5.4.tgz. Extracting by manifest.
709 silly tarball no local data for language-subtag-registry@https://registry.npmjs.org/language-subtag-registry/-/language-subtag-registry-0.3.23.tgz. Extracting by manifest.
710 silly tarball no local data for json5@https://registry.npmjs.org/json5/-/json5-1.0.2.tgz. Extracting by manifest.
711 silly tarball no local data for json-stable-stringify-without-jsonify@https://registry.npmjs.org/json-stable-stringify-without-jsonify/-/json-stable-stringify-without-jsonify-1.0.1.tgz. Extracting by manifest.
712 silly tarball no local data for json-schema-traverse@https://registry.npmjs.org/json-schema-traverse/-/json-schema-traverse-0.4.1.tgz. Extracting by manifest.
713 silly tarball no local data for json-buffer@https://registry.npmjs.org/json-buffer/-/json-buffer-3.0.1.tgz. Extracting by manifest.
714 silly tarball no local data for js-yaml@https://registry.npmjs.org/js-yaml/-/js-yaml-4.1.0.tgz. Extracting by manifest.
715 silly tarball no local data for jiti@https://registry.npmjs.org/jiti/-/jiti-1.21.6.tgz. Extracting by manifest.
716 silly tarball no local data for js-tokens@https://registry.npmjs.org/js-tokens/-/js-tokens-4.0.0.tgz. Extracting by manifest.
717 silly tarball no local data for jackspeak@https://registry.npmjs.org/jackspeak/-/jackspeak-3.4.3.tgz. Extracting by manifest.
718 silly tarball no local data for iterator.prototype@https://registry.npmjs.org/iterator.prototype/-/iterator.prototype-1.1.3.tgz. Extracting by manifest.
719 silly tarball no local data for isexe@https://registry.npmjs.org/isexe/-/isexe-2.0.0.tgz. Extracting by manifest.
720 silly tarball no local data for isarray@https://registry.npmjs.org/isarray/-/isarray-2.0.5.tgz. Extracting by manifest.
721 silly tarball no local data for is-weakset@https://registry.npmjs.org/is-weakset/-/is-weakset-2.0.3.tgz. Extracting by manifest.
722 silly tarball no local data for is-weakref@https://registry.npmjs.org/is-weakref/-/is-weakref-1.0.2.tgz. Extracting by manifest.
723 silly tarball no local data for is-weakmap@https://registry.npmjs.org/is-weakmap/-/is-weakmap-2.0.2.tgz. Extracting by manifest.
724 silly tarball no local data for is-typed-array@https://registry.npmjs.org/is-typed-array/-/is-typed-array-1.1.13.tgz. Extracting by manifest.
725 silly tarball no local data for is-symbol@https://registry.npmjs.org/is-symbol/-/is-symbol-1.0.4.tgz. Extracting by manifest.
726 silly tarball no local data for is-string@https://registry.npmjs.org/is-string/-/is-string-1.0.7.tgz. Extracting by manifest.
727 silly tarball no local data for is-shared-array-buffer@https://registry.npmjs.org/is-shared-array-buffer/-/is-shared-array-buffer-1.0.3.tgz. Extracting by manifest.
728 silly tarball no local data for is-set@https://registry.npmjs.org/is-set/-/is-set-2.0.3.tgz. Extracting by manifest.
729 silly tarball no local data for is-regex@https://registry.npmjs.org/is-regex/-/is-regex-1.1.4.tgz. Extracting by manifest.
730 silly tarball no local data for is-path-inside@https://registry.npmjs.org/is-path-inside/-/is-path-inside-3.0.3.tgz. Extracting by manifest.
731 silly tarball no local data for is-number-object@https://registry.npmjs.org/is-number-object/-/is-number-object-1.0.7.tgz. Extracting by manifest.
732 silly tarball no local data for is-number@https://registry.npmjs.org/is-number/-/is-number-7.0.0.tgz. Extracting by manifest.
733 silly tarball no local data for is-negative-zero@https://registry.npmjs.org/is-negative-zero/-/is-negative-zero-2.0.3.tgz. Extracting by manifest.
734 silly tarball no local data for is-map@https://registry.npmjs.org/is-map/-/is-map-2.0.3.tgz. Extracting by manifest.
735 silly tarball no local data for is-glob@https://registry.npmjs.org/is-glob/-/is-glob-4.0.3.tgz. Extracting by manifest.
736 silly tarball no local data for is-fullwidth-code-point@https://registry.npmjs.org/is-fullwidth-code-point/-/is-fullwidth-code-point-3.0.0.tgz. Extracting by manifest.
737 silly tarball no local data for is-generator-function@https://registry.npmjs.org/is-generator-function/-/is-generator-function-1.0.10.tgz. Extracting by manifest.
738 silly tarball no local data for is-finalizationregistry@https://registry.npmjs.org/is-finalizationregistry/-/is-finalizationregistry-1.0.2.tgz. Extracting by manifest.
739 silly tarball no local data for is-date-object@https://registry.npmjs.org/is-date-object/-/is-date-object-1.0.5.tgz. Extracting by manifest.
740 silly tarball no local data for jsx-ast-utils@https://registry.npmjs.org/jsx-ast-utils/-/jsx-ast-utils-3.3.5.tgz. Extracting by manifest.
741 silly tarball no local data for is-extglob@https://registry.npmjs.org/is-extglob/-/is-extglob-2.1.1.tgz. Extracting by manifest.
742 silly tarball no local data for is-data-view@https://registry.npmjs.org/is-data-view/-/is-data-view-1.0.1.tgz. Extracting by manifest.
743 silly tarball no local data for is-core-module@https://registry.npmjs.org/is-core-module/-/is-core-module-2.15.1.tgz. Extracting by manifest.
744 silly tarball no local data for is-callable@https://registry.npmjs.org/is-callable/-/is-callable-1.2.7.tgz. Extracting by manifest.
745 silly tarball no local data for is-boolean-object@https://registry.npmjs.org/is-boolean-object/-/is-boolean-object-1.1.2.tgz. Extracting by manifest.
746 silly tarball no local data for is-bun-module@https://registry.npmjs.org/is-bun-module/-/is-bun-module-1.2.1.tgz. Extracting by manifest.
747 silly tarball no local data for is-bigint@https://registry.npmjs.org/is-bigint/-/is-bigint-1.0.4.tgz. Extracting by manifest.
748 silly tarball no local data for is-async-function@https://registry.npmjs.org/is-async-function/-/is-async-function-2.0.0.tgz. Extracting by manifest.
749 silly tarball no local data for is-array-buffer@https://registry.npmjs.org/is-array-buffer/-/is-array-buffer-3.0.4.tgz. Extracting by manifest.
750 silly tarball no local data for is-binary-path@https://registry.npmjs.org/is-binary-path/-/is-binary-path-2.1.0.tgz. Extracting by manifest.
751 silly tarball no local data for is-arguments@https://registry.npmjs.org/is-arguments/-/is-arguments-1.1.1.tgz. Extracting by manifest.
752 silly tarball no local data for invariant@https://registry.npmjs.org/invariant/-/invariant-2.2.4.tgz. Extracting by manifest.
753 silly tarball no local data for internal-slot@https://registry.npmjs.org/internal-slot/-/internal-slot-1.0.7.tgz. Extracting by manifest.
754 silly tarball no local data for internmap@https://registry.npmjs.org/internmap/-/internmap-2.0.3.tgz. Extracting by manifest.
755 silly tarball no local data for inflight@https://registry.npmjs.org/inflight/-/inflight-1.0.6.tgz. Extracting by manifest.
756 silly tarball no local data for input-otp@https://registry.npmjs.org/input-otp/-/input-otp-1.2.4.tgz. Extracting by manifest.
757 silly tarball no local data for imurmurhash@https://registry.npmjs.org/imurmurhash/-/imurmurhash-0.1.4.tgz. Extracting by manifest.
758 silly tarball no local data for import-fresh@https://registry.npmjs.org/import-fresh/-/import-fresh-3.3.0.tgz. Extracting by manifest.
759 silly tarball no local data for ignore@https://registry.npmjs.org/ignore/-/ignore-5.3.2.tgz. Extracting by manifest.
760 silly tarball no local data for hasown@https://registry.npmjs.org/hasown/-/hasown-2.0.2.tgz. Extracting by manifest.
761 silly tarball no local data for has-symbols@https://registry.npmjs.org/has-symbols/-/has-symbols-1.0.3.tgz. Extracting by manifest.
762 silly tarball no local data for has-tostringtag@https://registry.npmjs.org/has-tostringtag/-/has-tostringtag-1.0.2.tgz. Extracting by manifest.
763 silly tarball no local data for has-proto@https://registry.npmjs.org/has-proto/-/has-proto-1.0.3.tgz. Extracting by manifest.
764 silly tarball no local data for inherits@https://registry.npmjs.org/inherits/-/inherits-2.0.4.tgz. Extracting by manifest.
765 silly tarball no local data for has-flag@https://registry.npmjs.org/has-flag/-/has-flag-4.0.0.tgz. Extracting by manifest.
766 silly tarball no local data for has-bigints@https://registry.npmjs.org/has-bigints/-/has-bigints-1.0.2.tgz. Extracting by manifest.
767 silly tarball no local data for graceful-fs@https://registry.npmjs.org/graceful-fs/-/graceful-fs-4.2.11.tgz. Extracting by manifest.
768 silly tarball no local data for has-property-descriptors@https://registry.npmjs.org/has-property-descriptors/-/has-property-descriptors-1.0.2.tgz. Extracting by manifest.
769 silly tarball no local data for graphemer@https://registry.npmjs.org/graphemer/-/graphemer-1.4.0.tgz. Extracting by manifest.
770 silly tarball no local data for gopd@https://registry.npmjs.org/gopd/-/gopd-1.0.1.tgz. Extracting by manifest.
771 silly tarball no local data for globby@https://registry.npmjs.org/globby/-/globby-11.1.0.tgz. Extracting by manifest.
772 silly tarball no local data for globals@https://registry.npmjs.org/globals/-/globals-13.24.0.tgz. Extracting by manifest.
773 silly tarball no local data for glob-to-regexp@https://registry.npmjs.org/glob-to-regexp/-/glob-to-regexp-0.4.1.tgz. Extracting by manifest.
774 silly tarball no local data for glob-parent@https://registry.npmjs.org/glob-parent/-/glob-parent-6.0.2.tgz. Extracting by manifest.
775 silly tarball no local data for get-symbol-description@https://registry.npmjs.org/get-symbol-description/-/get-symbol-description-1.0.2.tgz. Extracting by manifest.
776 silly tarball no local data for get-nonce@https://registry.npmjs.org/get-nonce/-/get-nonce-1.0.1.tgz. Extracting by manifest.
777 silly tarball no local data for globalthis@https://registry.npmjs.org/globalthis/-/globalthis-1.0.4.tgz. Extracting by manifest.
778 silly tarball no local data for get-intrinsic@https://registry.npmjs.org/get-intrinsic/-/get-intrinsic-1.2.4.tgz. Extracting by manifest.
779 silly tarball no local data for functions-have-names@https://registry.npmjs.org/functions-have-names/-/functions-have-names-1.2.3.tgz. Extracting by manifest.
780 silly tarball no local data for function.prototype.name@https://registry.npmjs.org/function.prototype.name/-/function.prototype.name-1.1.6.tgz. Extracting by manifest.
781 silly tarball no local data for fs.realpath@https://registry.npmjs.org/fs.realpath/-/fs.realpath-1.0.0.tgz. Extracting by manifest.
782 silly tarball no local data for function-bind@https://registry.npmjs.org/function-bind/-/function-bind-1.1.2.tgz. Extracting by manifest.
783 silly tarball no local data for get-tsconfig@https://registry.npmjs.org/get-tsconfig/-/get-tsconfig-4.8.1.tgz. Extracting by manifest.
784 silly tarball no local data for fraction.js@https://registry.npmjs.org/fraction.js/-/fraction.js-4.3.7.tgz. Extracting by manifest.
785 silly tarball no local data for foreground-child@https://registry.npmjs.org/foreground-child/-/foreground-child-3.3.0.tgz. Extracting by manifest.
786 silly tarball no local data for flatted@https://registry.npmjs.org/flatted/-/flatted-3.3.1.tgz. Extracting by manifest.
787 silly tarball no local data for for-each@https://registry.npmjs.org/for-each/-/for-each-0.3.3.tgz. Extracting by manifest.
788 silly tarball no local data for flat-cache@https://registry.npmjs.org/flat-cache/-/flat-cache-3.2.0.tgz. Extracting by manifest.
789 silly tarball no local data for glob@https://registry.npmjs.org/glob/-/glob-7.1.7.tgz. Extracting by manifest.
790 silly tarball no local data for find-up@https://registry.npmjs.org/find-up/-/find-up-5.0.0.tgz. Extracting by manifest.
791 silly tarball no local data for fill-range@https://registry.npmjs.org/fill-range/-/fill-range-7.1.1.tgz. Extracting by manifest.
792 silly tarball no local data for fast-json-stable-stringify@https://registry.npmjs.org/fast-json-stable-stringify/-/fast-json-stable-stringify-2.1.0.tgz. Extracting by manifest.
793 silly tarball no local data for fast-glob@https://registry.npmjs.org/fast-glob/-/fast-glob-3.3.2.tgz. Extracting by manifest.
794 silly tarball no local data for fast-deep-equal@https://registry.npmjs.org/fast-deep-equal/-/fast-deep-equal-3.1.3.tgz. Extracting by manifest.
795 silly tarball no local data for fast-equals@https://registry.npmjs.org/fast-equals/-/fast-equals-5.0.1.tgz. Extracting by manifest.
796 silly tarball no local data for file-entry-cache@https://registry.npmjs.org/file-entry-cache/-/file-entry-cache-6.0.1.tgz. Extracting by manifest.
797 silly tarball no local data for eventemitter3@https://registry.npmjs.org/eventemitter3/-/eventemitter3-4.0.7.tgz. Extracting by manifest.
798 silly tarball no local data for esutils@https://registry.npmjs.org/esutils/-/esutils-2.0.3.tgz. Extracting by manifest.
799 silly tarball no local data for esrecurse@https://registry.npmjs.org/esrecurse/-/esrecurse-4.3.0.tgz. Extracting by manifest.
800 silly tarball no local data for fastq@https://registry.npmjs.org/fastq/-/fastq-1.17.1.tgz. Extracting by manifest.
801 silly tarball no local data for estraverse@https://registry.npmjs.org/estraverse/-/estraverse-5.3.0.tgz. Extracting by manifest.
802 silly tarball no local data for esquery@https://registry.npmjs.org/esquery/-/esquery-1.6.0.tgz. Extracting by manifest.
803 silly tarball no local data for eslint-visitor-keys@https://registry.npmjs.org/eslint-visitor-keys/-/eslint-visitor-keys-3.4.3.tgz. Extracting by manifest.
804 silly tarball no local data for eslint-plugin-react-hooks@https://registry.npmjs.org/eslint-plugin-react-hooks/-/eslint-plugin-react-hooks-4.6.2.tgz. Extracting by manifest.
805 silly tarball no local data for eslint-scope@https://registry.npmjs.org/eslint-scope/-/eslint-scope-7.2.2.tgz. Extracting by manifest.
806 silly tarball no local data for eslint-plugin-react@https://registry.npmjs.org/eslint-plugin-react/-/eslint-plugin-react-7.37.1.tgz. Extracting by manifest.
807 silly tarball no local data for eslint-plugin-jsx-a11y@https://registry.npmjs.org/eslint-plugin-jsx-a11y/-/eslint-plugin-jsx-a11y-6.10.0.tgz. Extracting by manifest.
808 silly tarball no local data for eslint-plugin-import@https://registry.npmjs.org/eslint-plugin-import/-/eslint-plugin-import-2.31.0.tgz. Extracting by manifest.
809 silly tarball no local data for espree@https://registry.npmjs.org/espree/-/espree-9.6.1.tgz. Extracting by manifest.
810 silly tarball no local data for eslint-import-resolver-node@https://registry.npmjs.org/eslint-import-resolver-node/-/eslint-import-resolver-node-0.3.9.tgz. Extracting by manifest.
811 silly tarball no local data for eslint-module-utils@https://registry.npmjs.org/eslint-module-utils/-/eslint-module-utils-2.12.0.tgz. Extracting by manifest.
812 silly tarball no local data for eslint@https://registry.npmjs.org/eslint/-/eslint-8.49.0.tgz. Extracting by manifest.
813 silly tarball no local data for escalade@https://registry.npmjs.org/escalade/-/escalade-3.2.0.tgz. Extracting by manifest.
814 silly tarball no local data for escape-string-regexp@https://registry.npmjs.org/escape-string-regexp/-/escape-string-regexp-4.0.0.tgz. Extracting by manifest.
815 silly tarball no local data for eslint-config-next@https://registry.npmjs.org/eslint-config-next/-/eslint-config-next-13.5.1.tgz. Extracting by manifest.
816 silly tarball no local data for fast-levenshtein@https://registry.npmjs.org/fast-levenshtein/-/fast-levenshtein-2.0.6.tgz. Extracting by manifest.
817 silly tarball no local data for es-to-primitive@https://registry.npmjs.org/es-to-primitive/-/es-to-primitive-1.2.1.tgz. Extracting by manifest.
818 silly tarball no local data for es-shim-unscopables@https://registry.npmjs.org/es-shim-unscopables/-/es-shim-unscopables-1.0.2.tgz. Extracting by manifest.
819 silly tarball no local data for es-iterator-helpers@https://registry.npmjs.org/es-iterator-helpers/-/es-iterator-helpers-1.1.0.tgz. Extracting by manifest.
820 silly tarball no local data for es-object-atoms@https://registry.npmjs.org/es-object-atoms/-/es-object-atoms-1.0.0.tgz. Extracting by manifest.
821 silly tarball no local data for es-get-iterator@https://registry.npmjs.org/es-get-iterator/-/es-get-iterator-1.1.3.tgz. Extracting by manifest.
822 silly tarball no local data for es-errors@https://registry.npmjs.org/es-errors/-/es-errors-1.3.0.tgz. Extracting by manifest.
823 silly tarball no local data for es-define-property@https://registry.npmjs.org/es-define-property/-/es-define-property-1.0.0.tgz. Extracting by manifest.
824 silly tarball no local data for es-abstract@https://registry.npmjs.org/es-abstract/-/es-abstract-1.23.3.tgz. Extracting by manifest.
825 silly tarball no local data for embla-carousel-reactive-utils@https://registry.npmjs.org/embla-carousel-reactive-utils/-/embla-carousel-reactive-utils-8.3.0.tgz. Extracting by manifest.
826 silly tarball no local data for enhanced-resolve@https://registry.npmjs.org/enhanced-resolve/-/enhanced-resolve-5.17.1.tgz. Extracting by manifest.
827 silly tarball no local data for embla-carousel@https://registry.npmjs.org/embla-carousel/-/embla-carousel-8.3.0.tgz. Extracting by manifest.
828 silly tarball no local data for emoji-regex@https://registry.npmjs.org/emoji-regex/-/emoji-regex-9.2.2.tgz. Extracting by manifest.
829 silly tarball no local data for electron-to-chromium@https://registry.npmjs.org/electron-to-chromium/-/electron-to-chromium-1.5.34.tgz. Extracting by manifest.
830 silly tarball no local data for dom-helpers@https://registry.npmjs.org/dom-helpers/-/dom-helpers-5.2.1.tgz. Extracting by manifest.
831 silly tarball no local data for eastasianwidth@https://registry.npmjs.org/eastasianwidth/-/eastasianwidth-0.2.0.tgz. Extracting by manifest.
832 silly tarball no local data for doctrine@https://registry.npmjs.org/doctrine/-/doctrine-3.0.0.tgz. Extracting by manifest.
833 silly tarball no local data for dir-glob@https://registry.npmjs.org/dir-glob/-/dir-glob-3.0.1.tgz. Extracting by manifest.
834 silly tarball no local data for dlv@https://registry.npmjs.org/dlv/-/dlv-1.1.3.tgz. Extracting by manifest.
835 silly tarball no local data for didyoumean@https://registry.npmjs.org/didyoumean/-/didyoumean-1.2.2.tgz. Extracting by manifest.
836 silly tarball no local data for detect-node-es@https://registry.npmjs.org/detect-node-es/-/detect-node-es-1.1.0.tgz. Extracting by manifest.
837 silly tarball no local data for define-data-property@https://registry.npmjs.org/define-data-property/-/define-data-property-1.1.4.tgz. Extracting by manifest.
838 silly tarball no local data for deep-equal@https://registry.npmjs.org/deep-equal/-/deep-equal-2.2.3.tgz. Extracting by manifest.
839 silly tarball no local data for deep-is@https://registry.npmjs.org/deep-is/-/deep-is-0.1.4.tgz. Extracting by manifest.
840 silly tarball no local data for define-properties@https://registry.npmjs.org/define-properties/-/define-properties-1.2.1.tgz. Extracting by manifest.
841 silly tarball no local data for decimal.js-light@https://registry.npmjs.org/decimal.js-light/-/decimal.js-light-2.5.1.tgz. Extracting by manifest.
842 silly tarball no local data for debug@https://registry.npmjs.org/debug/-/debug-4.3.7.tgz. Extracting by manifest.
843 silly tarball no local data for date-fns@https://registry.npmjs.org/date-fns/-/date-fns-3.6.0.tgz. Extracting by manifest.
844 silly tarball no local data for data-view-byte-length@https://registry.npmjs.org/data-view-byte-length/-/data-view-byte-length-1.0.1.tgz. Extracting by manifest.
845 silly tarball no local data for data-view-buffer@https://registry.npmjs.org/data-view-buffer/-/data-view-buffer-1.0.1.tgz. Extracting by manifest.
846 silly tarball no local data for damerau-levenshtein@https://registry.npmjs.org/damerau-levenshtein/-/damerau-levenshtein-1.0.8.tgz. Extracting by manifest.
847 silly tarball no local data for d3-time-format@https://registry.npmjs.org/d3-time-format/-/d3-time-format-4.1.0.tgz. Extracting by manifest.
848 silly tarball no local data for d3-timer@https://registry.npmjs.org/d3-timer/-/d3-timer-3.0.1.tgz. Extracting by manifest.
849 silly tarball no local data for d3-time@https://registry.npmjs.org/d3-time/-/d3-time-3.1.0.tgz. Extracting by manifest.
850 silly tarball no local data for data-view-byte-offset@https://registry.npmjs.org/data-view-byte-offset/-/data-view-byte-offset-1.0.0.tgz. Extracting by manifest.
851 silly tarball no local data for d3-scale@https://registry.npmjs.org/d3-scale/-/d3-scale-4.0.2.tgz. Extracting by manifest.
852 silly tarball no local data for d3-shape@https://registry.npmjs.org/d3-shape/-/d3-shape-3.2.0.tgz. Extracting by manifest.
853 silly tarball no local data for d3-interpolate@https://registry.npmjs.org/d3-interpolate/-/d3-interpolate-3.0.1.tgz. Extracting by manifest.
854 silly tarball no local data for d3-format@https://registry.npmjs.org/d3-format/-/d3-format-3.1.0.tgz. Extracting by manifest.
855 silly tarball no local data for d3-ease@https://registry.npmjs.org/d3-ease/-/d3-ease-3.0.1.tgz. Extracting by manifest.
856 silly tarball no local data for d3-path@https://registry.npmjs.org/d3-path/-/d3-path-3.1.0.tgz. Extracting by manifest.
857 silly tarball no local data for d3-color@https://registry.npmjs.org/d3-color/-/d3-color-3.1.0.tgz. Extracting by manifest.
858 silly tarball no local data for d3-array@https://registry.npmjs.org/d3-array/-/d3-array-3.2.4.tgz. Extracting by manifest.
859 silly tarball no local data for csstype@https://registry.npmjs.org/csstype/-/csstype-3.1.3.tgz. Extracting by manifest.
860 silly tarball no local data for cross-spawn@https://registry.npmjs.org/cross-spawn/-/cross-spawn-7.0.3.tgz. Extracting by manifest.
861 silly tarball no local data for cssesc@https://registry.npmjs.org/cssesc/-/cssesc-3.0.0.tgz. Extracting by manifest.
862 silly tarball no local data for concat-map@https://registry.npmjs.org/concat-map/-/concat-map-0.0.1.tgz. Extracting by manifest.
863 silly tarball no local data for commander@https://registry.npmjs.org/commander/-/commander-4.1.1.tgz. Extracting by manifest.
864 silly tarball no local data for color-name@https://registry.npmjs.org/color-name/-/color-name-1.1.4.tgz. Extracting by manifest.
865 silly tarball no local data for color-convert@https://registry.npmjs.org/color-convert/-/color-convert-2.0.1.tgz. Extracting by manifest.
866 silly tarball no local data for cmdk@https://registry.npmjs.org/cmdk/-/cmdk-1.0.0.tgz. Extracting by manifest.
867 silly tarball no local data for clsx@https://registry.npmjs.org/clsx/-/clsx-2.1.1.tgz. Extracting by manifest.
868 silly tarball no local data for client-only@https://registry.npmjs.org/client-only/-/client-only-0.0.1.tgz. Extracting by manifest.
869 silly tarball no local data for class-variance-authority@https://registry.npmjs.org/class-variance-authority/-/class-variance-authority-0.7.0.tgz. Extracting by manifest.
870 silly tarball no local data for chokidar@https://registry.npmjs.org/chokidar/-/chokidar-3.6.0.tgz. Extracting by manifest.
871 silly tarball no local data for chalk@https://registry.npmjs.org/chalk/-/chalk-4.1.2.tgz. Extracting by manifest.
872 silly tarball no local data for caniuse-lite@https://registry.npmjs.org/caniuse-lite/-/caniuse-lite-1.0.30001667.tgz. Extracting by manifest.
873 silly tarball no local data for camelcase-css@https://registry.npmjs.org/camelcase-css/-/camelcase-css-2.0.1.tgz. Extracting by manifest.
874 silly tarball no local data for callsites@https://registry.npmjs.org/callsites/-/callsites-3.1.0.tgz. Extracting by manifest.
875 silly tarball no local data for call-bind@https://registry.npmjs.org/call-bind/-/call-bind-1.0.7.tgz. Extracting by manifest.
876 silly tarball no local data for busboy@https://registry.npmjs.org/busboy/-/busboy-1.6.0.tgz. Extracting by manifest.
877 silly tarball no local data for browserslist@https://registry.npmjs.org/browserslist/-/browserslist-4.24.0.tgz. Extracting by manifest.
878 silly tarball no local data for braces@https://registry.npmjs.org/braces/-/braces-3.0.3.tgz. Extracting by manifest.
879 silly tarball no local data for brace-expansion@https://registry.npmjs.org/brace-expansion/-/brace-expansion-1.1.11.tgz. Extracting by manifest.
880 silly tarball no local data for binary-extensions@https://registry.npmjs.org/binary-extensions/-/binary-extensions-2.3.0.tgz. Extracting by manifest.
881 silly tarball no local data for balanced-match@https://registry.npmjs.org/balanced-match/-/balanced-match-1.0.2.tgz. Extracting by manifest.
882 silly tarball no local data for axobject-query@https://registry.npmjs.org/axobject-query/-/axobject-query-4.1.0.tgz. Extracting by manifest.
883 silly tarball no local data for axe-core@https://registry.npmjs.org/axe-core/-/axe-core-4.10.0.tgz. Extracting by manifest.
884 silly tarball no local data for available-typed-arrays@https://registry.npmjs.org/available-typed-arrays/-/available-typed-arrays-1.0.7.tgz. Extracting by manifest.
885 silly tarball no local data for autoprefixer@https://registry.npmjs.org/autoprefixer/-/autoprefixer-10.4.15.tgz. Extracting by manifest.
886 silly tarball no local data for ast-types-flow@https://registry.npmjs.org/ast-types-flow/-/ast-types-flow-0.0.8.tgz. Extracting by manifest.
887 silly tarball no local data for array.prototype.flatmap@https://registry.npmjs.org/array.prototype.flatmap/-/array.prototype.flatmap-1.3.2.tgz. Extracting by manifest.
888 silly tarball no local data for array.prototype.tosorted@https://registry.npmjs.org/array.prototype.tosorted/-/array.prototype.tosorted-1.1.4.tgz. Extracting by manifest.
889 silly tarball no local data for array.prototype.flat@https://registry.npmjs.org/array.prototype.flat/-/array.prototype.flat-1.3.2.tgz. Extracting by manifest.
890 silly tarball no local data for array.prototype.findlastindex@https://registry.npmjs.org/array.prototype.findlastindex/-/array.prototype.findlastindex-1.2.5.tgz. Extracting by manifest.
891 silly tarball no local data for array.prototype.findlast@https://registry.npmjs.org/array.prototype.findlast/-/array.prototype.findlast-1.2.5.tgz. Extracting by manifest.
892 silly tarball no local data for array-union@https://registry.npmjs.org/array-union/-/array-union-2.1.0.tgz. Extracting by manifest.
893 silly tarball no local data for array-includes@https://registry.npmjs.org/array-includes/-/array-includes-3.1.8.tgz. Extracting by manifest.
894 silly tarball no local data for arraybuffer.prototype.slice@https://registry.npmjs.org/arraybuffer.prototype.slice/-/arraybuffer.prototype.slice-1.0.3.tgz. Extracting by manifest.
895 silly tarball no local data for array-buffer-byte-length@https://registry.npmjs.org/array-buffer-byte-length/-/array-buffer-byte-length-1.0.1.tgz. Extracting by manifest.
896 silly tarball no local data for aria-hidden@https://registry.npmjs.org/aria-hidden/-/aria-hidden-1.2.4.tgz. Extracting by manifest.
897 silly tarball no local data for aria-query@https://registry.npmjs.org/aria-query/-/aria-query-5.1.3.tgz. Extracting by manifest.
898 silly tarball no local data for argparse@https://registry.npmjs.org/argparse/-/argparse-2.0.1.tgz. Extracting by manifest.
899 silly tarball no local data for arg@https://registry.npmjs.org/arg/-/arg-5.0.2.tgz. Extracting by manifest.
900 silly tarball no local data for any-promise@https://registry.npmjs.org/any-promise/-/any-promise-1.3.0.tgz. Extracting by manifest.
901 silly tarball no local data for anymatch@https://registry.npmjs.org/anymatch/-/anymatch-3.1.3.tgz. Extracting by manifest.
902 silly tarball no local data for ansi-styles@https://registry.npmjs.org/ansi-styles/-/ansi-styles-4.3.0.tgz. Extracting by manifest.
903 silly tarball no local data for ansi-regex@https://registry.npmjs.org/ansi-regex/-/ansi-regex-5.0.1.tgz. Extracting by manifest.
904 silly tarball no local data for ajv@https://registry.npmjs.org/ajv/-/ajv-6.12.6.tgz. Extracting by manifest.
905 silly tarball no local data for acorn-jsx@https://registry.npmjs.org/acorn-jsx/-/acorn-jsx-5.3.2.tgz. Extracting by manifest.
906 silly tarball no local data for acorn@https://registry.npmjs.org/acorn/-/acorn-8.12.1.tgz. Extracting by manifest.
907 silly tarball no local data for @typescript-eslint/visitor-keys@https://registry.npmjs.org/@typescript-eslint/visitor-keys/-/visitor-keys-6.21.0.tgz. Extracting by manifest.
908 silly tarball no local data for @typescript-eslint/typescript-estree@https://registry.npmjs.org/@typescript-eslint/typescript-estree/-/typescript-estree-6.21.0.tgz. Extracting by manifest.
909 silly tarball no local data for es-set-tostringtag@https://registry.npmjs.org/es-set-tostringtag/-/es-set-tostringtag-2.0.3.tgz. Extracting by manifest.
910 silly tarball no local data for @typescript-eslint/types@https://registry.npmjs.org/@typescript-eslint/types/-/types-6.21.0.tgz. Extracting by manifest.
911 silly tarball no local data for @typescript-eslint/scope-manager@https://registry.npmjs.org/@typescript-eslint/scope-manager/-/scope-manager-6.21.0.tgz. Extracting by manifest.
912 silly tarball no local data for @typescript-eslint/parser@https://registry.npmjs.org/@typescript-eslint/parser/-/parser-6.21.0.tgz. Extracting by manifest.
913 silly tarball no local data for @types/ws@https://registry.npmjs.org/@types/ws/-/ws-8.18.1.tgz. Extracting by manifest.
914 silly tarball no local data for @types/scheduler@https://registry.npmjs.org/@types/scheduler/-/scheduler-0.23.0.tgz. Extracting by manifest.
915 silly tarball no local data for @types/react-dom@https://registry.npmjs.org/@types/react-dom/-/react-dom-18.2.7.tgz. Extracting by manifest.
916 silly tarball no local data for embla-carousel-react@https://registry.npmjs.org/embla-carousel-react/-/embla-carousel-react-8.3.0.tgz. Extracting by manifest.
917 silly tarball no local data for @types/prop-types@https://registry.npmjs.org/@types/prop-types/-/prop-types-15.7.13.tgz. Extracting by manifest.
918 silly tarball no local data for @types/phoenix@https://registry.npmjs.org/@types/phoenix/-/phoenix-1.6.6.tgz. Extracting by manifest.
919 silly tarball no local data for @types/node@https://registry.npmjs.org/@types/node/-/node-20.6.2.tgz. Extracting by manifest.
920 silly tarball no local data for @types/json5@https://registry.npmjs.org/@types/json5/-/json5-0.0.29.tgz. Extracting by manifest.
921 silly tarball no local data for @types/d3-time@https://registry.npmjs.org/@types/d3-time/-/d3-time-3.0.3.tgz. Extracting by manifest.
922 silly tarball no local data for @types/d3-timer@https://registry.npmjs.org/@types/d3-timer/-/d3-timer-3.0.2.tgz. Extracting by manifest.
923 silly tarball no local data for @types/d3-shape@https://registry.npmjs.org/@types/d3-shape/-/d3-shape-3.1.6.tgz. Extracting by manifest.
924 silly tarball no local data for @types/d3-scale@https://registry.npmjs.org/@types/d3-scale/-/d3-scale-4.0.8.tgz. Extracting by manifest.
925 silly tarball no local data for @types/d3-path@https://registry.npmjs.org/@types/d3-path/-/d3-path-3.1.0.tgz. Extracting by manifest.
926 silly tarball no local data for @types/d3-interpolate@https://registry.npmjs.org/@types/d3-interpolate/-/d3-interpolate-3.0.4.tgz. Extracting by manifest.
927 silly tarball no local data for @types/d3-color@https://registry.npmjs.org/@types/d3-color/-/d3-color-3.1.3.tgz. Extracting by manifest.
928 silly tarball no local data for @types/d3-ease@https://registry.npmjs.org/@types/d3-ease/-/d3-ease-3.0.2.tgz. Extracting by manifest.
929 silly tarball no local data for @swc/helpers@https://registry.npmjs.org/@swc/helpers/-/helpers-0.5.2.tgz. Extracting by manifest.
930 silly tarball no local data for @supabase/storage-js@https://registry.npmjs.org/@supabase/storage-js/-/storage-js-2.12.2.tgz. Extracting by manifest.
931 silly tarball no local data for @supabase/supabase-js@https://registry.npmjs.org/@supabase/supabase-js/-/supabase-js-2.58.0.tgz. Extracting by manifest.
932 silly tarball no local data for @types/d3-array@https://registry.npmjs.org/@types/d3-array/-/d3-array-3.2.1.tgz. Extracting by manifest.
933 silly tarball no local data for @supabase/postgrest-js@https://registry.npmjs.org/@supabase/postgrest-js/-/postgrest-js-1.21.4.tgz. Extracting by manifest.
934 silly tarball no local data for @supabase/realtime-js@https://registry.npmjs.org/@supabase/realtime-js/-/realtime-js-2.15.5.tgz. Extracting by manifest.
935 silly tarball no local data for @supabase/node-fetch@https://registry.npmjs.org/@supabase/node-fetch/-/node-fetch-2.6.15.tgz. Extracting by manifest.
936 silly tarball no local data for @rushstack/eslint-patch@https://registry.npmjs.org/@rushstack/eslint-patch/-/eslint-patch-1.10.4.tgz. Extracting by manifest.
937 silly tarball no local data for @rtsao/scc@https://registry.npmjs.org/@rtsao/scc/-/scc-1.1.0.tgz. Extracting by manifest.
938 silly tarball no local data for @supabase/functions-js@https://registry.npmjs.org/@supabase/functions-js/-/functions-js-2.5.0.tgz. Extracting by manifest.
939 silly tarball no local data for @supabase/auth-js@https://registry.npmjs.org/@supabase/auth-js/-/auth-js-2.72.0.tgz. Extracting by manifest.
940 silly tarball no local data for @radix-ui/rect@https://registry.npmjs.org/@radix-ui/rect/-/rect-1.1.0.tgz. Extracting by manifest.
941 silly tarball no local data for @radix-ui/react-visually-hidden@https://registry.npmjs.org/@radix-ui/react-visually-hidden/-/react-visually-hidden-1.1.0.tgz. Extracting by manifest.
942 silly tarball no local data for @radix-ui/react-use-size@https://registry.npmjs.org/@radix-ui/react-use-size/-/react-use-size-1.1.0.tgz. Extracting by manifest.
943 silly tarball no local data for @radix-ui/react-use-rect@https://registry.npmjs.org/@radix-ui/react-use-rect/-/react-use-rect-1.1.0.tgz. Extracting by manifest.
944 silly tarball no local data for @radix-ui/react-use-previous@https://registry.npmjs.org/@radix-ui/react-use-previous/-/react-use-previous-1.1.0.tgz. Extracting by manifest.
945 silly tarball no local data for @radix-ui/react-use-escape-keydown@https://registry.npmjs.org/@radix-ui/react-use-escape-keydown/-/react-use-escape-keydown-1.1.0.tgz. Extracting by manifest.
946 silly tarball no local data for @radix-ui/react-use-controllable-state@https://registry.npmjs.org/@radix-ui/react-use-controllable-state/-/react-use-controllable-state-1.1.0.tgz. Extracting by manifest.
947 silly tarball no local data for @radix-ui/react-use-layout-effect@https://registry.npmjs.org/@radix-ui/react-use-layout-effect/-/react-use-layout-effect-1.1.0.tgz. Extracting by manifest.
948 silly tarball no local data for @radix-ui/react-use-callback-ref@https://registry.npmjs.org/@radix-ui/react-use-callback-ref/-/react-use-callback-ref-1.1.0.tgz. Extracting by manifest.
949 silly tarball no local data for @types/react@https://registry.npmjs.org/@types/react/-/react-18.2.22.tgz. Extracting by manifest.
950 silly tarball no local data for @radix-ui/react-toggle-group@https://registry.npmjs.org/@radix-ui/react-toggle-group/-/react-toggle-group-1.1.0.tgz. Extracting by manifest.
951 silly tarball no local data for @radix-ui/react-toggle@https://registry.npmjs.org/@radix-ui/react-toggle/-/react-toggle-1.1.0.tgz. Extracting by manifest.
952 silly tarball no local data for @radix-ui/react-toast@https://registry.npmjs.org/@radix-ui/react-toast/-/react-toast-1.2.2.tgz. Extracting by manifest.
953 silly tarball no local data for @radix-ui/react-tabs@https://registry.npmjs.org/@radix-ui/react-tabs/-/react-tabs-1.1.1.tgz. Extracting by manifest.
954 silly tarball no local data for @radix-ui/react-slot@https://registry.npmjs.org/@radix-ui/react-slot/-/react-slot-1.1.0.tgz. Extracting by manifest.
955 silly tarball no local data for @radix-ui/react-slider@https://registry.npmjs.org/@radix-ui/react-slider/-/react-slider-1.2.1.tgz. Extracting by manifest.
956 silly tarball no local data for @radix-ui/react-switch@https://registry.npmjs.org/@radix-ui/react-switch/-/react-switch-1.1.1.tgz. Extracting by manifest.
957 silly tarball no local data for @radix-ui/react-separator@https://registry.npmjs.org/@radix-ui/react-separator/-/react-separator-1.1.0.tgz. Extracting by manifest.
958 silly tarball no local data for @radix-ui/react-select@https://registry.npmjs.org/@radix-ui/react-select/-/react-select-2.1.2.tgz. Extracting by manifest.
959 silly tarball no local data for @radix-ui/react-scroll-area@https://registry.npmjs.org/@radix-ui/react-scroll-area/-/react-scroll-area-1.2.0.tgz. Extracting by manifest.
960 silly tarball no local data for @radix-ui/react-roving-focus@https://registry.npmjs.org/@radix-ui/react-roving-focus/-/react-roving-focus-1.1.0.tgz. Extracting by manifest.
961 silly tarball no local data for @radix-ui/react-progress@https://registry.npmjs.org/@radix-ui/react-progress/-/react-progress-1.1.0.tgz. Extracting by manifest.
962 silly tarball no local data for @radix-ui/react-radio-group@https://registry.npmjs.org/@radix-ui/react-radio-group/-/react-radio-group-1.2.1.tgz. Extracting by manifest.
963 silly tarball no local data for @radix-ui/react-primitive@https://registry.npmjs.org/@radix-ui/react-primitive/-/react-primitive-2.0.0.tgz. Extracting by manifest.
964 silly tarball no local data for @radix-ui/react-popover@https://registry.npmjs.org/@radix-ui/react-popover/-/react-popover-1.1.2.tgz. Extracting by manifest.
965 silly tarball no local data for @radix-ui/react-presence@https://registry.npmjs.org/@radix-ui/react-presence/-/react-presence-1.1.1.tgz. Extracting by manifest.
966 silly tarball no local data for @radix-ui/react-navigation-menu@https://registry.npmjs.org/@radix-ui/react-navigation-menu/-/react-navigation-menu-1.2.1.tgz. Extracting by manifest.
967 silly tarball no local data for @radix-ui/react-portal@https://registry.npmjs.org/@radix-ui/react-portal/-/react-portal-1.1.2.tgz. Extracting by manifest.
968 silly tarball no local data for @radix-ui/react-popper@https://registry.npmjs.org/@radix-ui/react-popper/-/react-popper-1.2.0.tgz. Extracting by manifest.
969 silly tarball no local data for @radix-ui/react-menubar@https://registry.npmjs.org/@radix-ui/react-menubar/-/react-menubar-1.1.2.tgz. Extracting by manifest.
970 silly tarball no local data for @radix-ui/react-label@https://registry.npmjs.org/@radix-ui/react-label/-/react-label-2.1.0.tgz. Extracting by manifest.
971 silly tarball no local data for @radix-ui/react-menu@https://registry.npmjs.org/@radix-ui/react-menu/-/react-menu-2.1.2.tgz. Extracting by manifest.
972 silly tarball no local data for @radix-ui/react-id@https://registry.npmjs.org/@radix-ui/react-id/-/react-id-1.1.0.tgz. Extracting by manifest.
973 silly tarball no local data for @radix-ui/react-hover-card@https://registry.npmjs.org/@radix-ui/react-hover-card/-/react-hover-card-1.1.2.tgz. Extracting by manifest.
974 silly tarball no local data for @radix-ui/react-focus-scope@https://registry.npmjs.org/@radix-ui/react-focus-scope/-/react-focus-scope-1.1.0.tgz. Extracting by manifest.
975 silly tarball no local data for @radix-ui/react-focus-guards@https://registry.npmjs.org/@radix-ui/react-focus-guards/-/react-focus-guards-1.1.1.tgz. Extracting by manifest.
976 silly tarball no local data for @radix-ui/react-dropdown-menu@https://registry.npmjs.org/@radix-ui/react-dropdown-menu/-/react-dropdown-menu-2.1.2.tgz. Extracting by manifest.
977 silly tarball no local data for @radix-ui/react-dismissable-layer@https://registry.npmjs.org/@radix-ui/react-dismissable-layer/-/react-dismissable-layer-1.1.1.tgz. Extracting by manifest.
978 silly tarball no local data for @radix-ui/react-direction@https://registry.npmjs.org/@radix-ui/react-direction/-/react-direction-1.1.0.tgz. Extracting by manifest.
979 silly tarball no local data for @radix-ui/react-context@https://registry.npmjs.org/@radix-ui/react-context/-/react-context-1.1.1.tgz. Extracting by manifest.
980 silly tarball no local data for @radix-ui/react-context-menu@https://registry.npmjs.org/@radix-ui/react-context-menu/-/react-context-menu-2.2.2.tgz. Extracting by manifest.
981 silly tarball no local data for @radix-ui/react-dialog@https://registry.npmjs.org/@radix-ui/react-dialog/-/react-dialog-1.1.2.tgz. Extracting by manifest.
982 silly tarball no local data for @radix-ui/react-compose-refs@https://registry.npmjs.org/@radix-ui/react-compose-refs/-/react-compose-refs-1.1.0.tgz. Extracting by manifest.
983 silly tarball no local data for @radix-ui/react-collection@https://registry.npmjs.org/@radix-ui/react-collection/-/react-collection-1.1.0.tgz. Extracting by manifest.
984 silly tarball no local data for @radix-ui/react-tooltip@https://registry.npmjs.org/@radix-ui/react-tooltip/-/react-tooltip-1.1.3.tgz. Extracting by manifest.
985 silly tarball no local data for @radix-ui/react-checkbox@https://registry.npmjs.org/@radix-ui/react-checkbox/-/react-checkbox-1.1.2.tgz. Extracting by manifest.
986 silly tarball no local data for @radix-ui/react-avatar@https://registry.npmjs.org/@radix-ui/react-avatar/-/react-avatar-1.1.1.tgz. Extracting by manifest.
987 silly tarball no local data for @radix-ui/react-aspect-ratio@https://registry.npmjs.org/@radix-ui/react-aspect-ratio/-/react-aspect-ratio-1.1.0.tgz. Extracting by manifest.
988 silly tarball no local data for @radix-ui/react-arrow@https://registry.npmjs.org/@radix-ui/react-arrow/-/react-arrow-1.1.0.tgz. Extracting by manifest.
989 silly tarball no local data for @radix-ui/react-accordion@https://registry.npmjs.org/@radix-ui/react-accordion/-/react-accordion-1.2.1.tgz. Extracting by manifest.
990 silly tarball no local data for @radix-ui/react-alert-dialog@https://registry.npmjs.org/@radix-ui/react-alert-dialog/-/react-alert-dialog-1.1.2.tgz. Extracting by manifest.
991 silly tarball no local data for @radix-ui/primitive@https://registry.npmjs.org/@radix-ui/primitive/-/primitive-1.1.0.tgz. Extracting by manifest.
992 silly tarball no local data for @pkgjs/parseargs@https://registry.npmjs.org/@pkgjs/parseargs/-/parseargs-0.11.0.tgz. Extracting by manifest.
993 silly tarball no local data for @radix-ui/number@https://registry.npmjs.org/@radix-ui/number/-/number-1.1.0.tgz. Extracting by manifest.
994 silly tarball no local data for @nolyfill/is-core-module@https://registry.npmjs.org/@nolyfill/is-core-module/-/is-core-module-1.0.39.tgz. Extracting by manifest.
995 silly tarball no local data for @nodelib/fs.stat@https://registry.npmjs.org/@nodelib/fs.stat/-/fs.stat-2.0.5.tgz. Extracting by manifest.
996 silly tarball no local data for @nodelib/fs.walk@https://registry.npmjs.org/@nodelib/fs.walk/-/fs.walk-1.2.8.tgz. Extracting by manifest.
997 silly tarball no local data for @nodelib/fs.scandir@https://registry.npmjs.org/@nodelib/fs.scandir/-/fs.scandir-2.1.5.tgz. Extracting by manifest.
998 silly tarball no local data for @next/swc-wasm-nodejs@https://registry.npmjs.org/@next/swc-wasm-nodejs/-/swc-wasm-nodejs-13.5.1.tgz. Extracting by manifest.
999 silly tarball no local data for @next/eslint-plugin-next@https://registry.npmjs.org/@next/eslint-plugin-next/-/eslint-plugin-next-13.5.1.tgz. Extracting by manifest.
1000 silly tarball no local data for @next/env@https://registry.npmjs.org/@next/env/-/env-13.5.1.tgz. Extracting by manifest.
1001 silly tarball no local data for @netlify/plugin-nextjs@https://registry.npmjs.org/@netlify/plugin-nextjs/-/plugin-nextjs-5.15.1.tgz. Extracting by manifest.
1002 silly tarball no local data for @jridgewell/sourcemap-codec@https://registry.npmjs.org/@jridgewell/sourcemap-codec/-/sourcemap-codec-1.5.0.tgz. Extracting by manifest.
1003 silly tarball no local data for @jridgewell/trace-mapping@https://registry.npmjs.org/@jridgewell/trace-mapping/-/trace-mapping-0.3.25.tgz. Extracting by manifest.
1004 silly tarball no local data for @next/swc-win32-x64-msvc@https://registry.npmjs.org/@next/swc-win32-x64-msvc/-/swc-win32-x64-msvc-13.5.1.tgz. Extracting by manifest.
1005 silly tarball no local data for @jridgewell/set-array@https://registry.npmjs.org/@jridgewell/set-array/-/set-array-1.2.1.tgz. Extracting by manifest.
1006 silly tarball no local data for @jridgewell/resolve-uri@https://registry.npmjs.org/@jridgewell/resolve-uri/-/resolve-uri-3.1.2.tgz. Extracting by manifest.
1007 silly tarball no local data for @jridgewell/gen-mapping@https://registry.npmjs.org/@jridgewell/gen-mapping/-/gen-mapping-0.3.5.tgz. Extracting by manifest.
1008 silly tarball no local data for @isaacs/cliui@https://registry.npmjs.org/@isaacs/cliui/-/cliui-8.0.2.tgz. Extracting by manifest.
1009 silly tarball no local data for @humanwhocodes/object-schema@https://registry.npmjs.org/@humanwhocodes/object-schema/-/object-schema-2.0.3.tgz. Extracting by manifest.
1010 silly tarball no local data for @humanwhocodes/module-importer@https://registry.npmjs.org/@humanwhocodes/module-importer/-/module-importer-1.0.1.tgz. Extracting by manifest.
1011 silly tarball no local data for @humanwhocodes/config-array@https://registry.npmjs.org/@humanwhocodes/config-array/-/config-array-0.11.14.tgz. Extracting by manifest.
1012 silly tarball no local data for @hookform/resolvers@https://registry.npmjs.org/@hookform/resolvers/-/resolvers-3.9.0.tgz. Extracting by manifest.
1013 silly tarball no local data for @floating-ui/utils@https://registry.npmjs.org/@floating-ui/utils/-/utils-0.2.8.tgz. Extracting by manifest.
1014 silly tarball no local data for @floating-ui/react-dom@https://registry.npmjs.org/@floating-ui/react-dom/-/react-dom-2.1.2.tgz. Extracting by manifest.
1015 silly tarball no local data for @floating-ui/dom@https://registry.npmjs.org/@floating-ui/dom/-/dom-1.6.11.tgz. Extracting by manifest.
1016 silly tarball no local data for @floating-ui/core@https://registry.npmjs.org/@floating-ui/core/-/core-1.6.8.tgz. Extracting by manifest.
1017 silly tarball no local data for @eslint/js@https://registry.npmjs.org/@eslint/js/-/js-8.49.0.tgz. Extracting by manifest.
1018 silly tarball no local data for @eslint/eslintrc@https://registry.npmjs.org/@eslint/eslintrc/-/eslintrc-2.1.4.tgz. Extracting by manifest.
1019 silly tarball no local data for @eslint-community/regexpp@https://registry.npmjs.org/@eslint-community/regexpp/-/regexpp-4.11.1.tgz. Extracting by manifest.
1020 silly tarball no local data for @eslint-community/eslint-utils@https://registry.npmjs.org/@eslint-community/eslint-utils/-/eslint-utils-4.4.0.tgz. Extracting by manifest.
1021 silly tarball no local data for @babel/runtime@https://registry.npmjs.org/@babel/runtime/-/runtime-7.25.7.tgz. Extracting by manifest.
1022 silly tarball no local data for @alloc/quick-lru@https://registry.npmjs.org/@alloc/quick-lru/-/quick-lru-5.2.0.tgz. Extracting by manifest.
1023 silly tarball no local data for string-width@https://registry.npmjs.org/string-width/-/string-width-4.2.3.tgz. Extracting by manifest.
1024 silly tarball no local data for strip-ansi@https://registry.npmjs.org/strip-ansi/-/strip-ansi-7.1.0.tgz. Extracting by manifest.
1025 silly tarball no local data for emoji-regex@https://registry.npmjs.org/emoji-regex/-/emoji-regex-8.0.0.tgz. Extracting by manifest.
1026 silly tarball no local data for ansi-styles@https://registry.npmjs.org/ansi-styles/-/ansi-styles-6.2.1.tgz. Extracting by manifest.
1027 silly tarball no local data for ansi-regex@https://registry.npmjs.org/ansi-regex/-/ansi-regex-6.1.0.tgz. Extracting by manifest.
1028 silly tarball no local data for glob@https://registry.npmjs.org/glob/-/glob-10.4.5.tgz. Extracting by manifest.
1029 silly tarball no local data for brace-expansion@https://registry.npmjs.org/brace-expansion/-/brace-expansion-2.0.1.tgz. Extracting by manifest.
1030 silly tarball no local data for emoji-regex@https://registry.npmjs.org/emoji-regex/-/emoji-regex-8.0.0.tgz. Extracting by manifest.
1031 silly tarball no local data for strip-ansi@https://registry.npmjs.org/strip-ansi/-/strip-ansi-7.1.0.tgz. Extracting by manifest.
1032 silly tarball no local data for ansi-regex@https://registry.npmjs.org/ansi-regex/-/ansi-regex-6.1.0.tgz. Extracting by manifest.
1033 silly tarball no local data for lilconfig@https://registry.npmjs.org/lilconfig/-/lilconfig-3.1.2.tgz. Extracting by manifest.
1034 silly tarball no local data for zod@https://registry.npmjs.org/zod/-/zod-3.21.4.tgz. Extracting by manifest.
1035 silly tarball no local data for minimatch@https://registry.npmjs.org/minimatch/-/minimatch-9.0.5.tgz. Extracting by manifest.
1036 silly tarball no local data for postcss@https://registry.npmjs.org/postcss/-/postcss-8.4.14.tgz. Extracting by manifest.
1037 silly tarball no local data for glob-parent@https://registry.npmjs.org/glob-parent/-/glob-parent-5.1.2.tgz. Extracting by manifest.
1038 silly tarball no local data for doctrine@https://registry.npmjs.org/doctrine/-/doctrine-2.1.0.tgz. Extracting by manifest.
1039 silly tarball no local data for semver@https://registry.npmjs.org/semver/-/semver-6.3.1.tgz. Extracting by manifest.
1040 silly tarball no local data for semver@https://registry.npmjs.org/semver/-/semver-6.3.1.tgz. Extracting by manifest.
1041 silly tarball no local data for debug@https://registry.npmjs.org/debug/-/debug-3.2.7.tgz. Extracting by manifest.
1042 silly tarball no local data for debug@https://registry.npmjs.org/debug/-/debug-3.2.7.tgz. Extracting by manifest.
1043 silly tarball no local data for debug@https://registry.npmjs.org/debug/-/debug-3.2.7.tgz. Extracting by manifest.
1044 silly tarball no local data for resolve@https://registry.npmjs.org/resolve/-/resolve-2.0.0-next.5.tgz. Extracting by manifest.
1045 silly tarball no local data for doctrine@https://registry.npmjs.org/doctrine/-/doctrine-2.1.0.tgz. Extracting by manifest.
1046 silly tarball no local data for react-remove-scroll@https://registry.npmjs.org/react-remove-scroll/-/react-remove-scroll-2.5.5.tgz. Extracting by manifest.
1047 silly tarball no local data for @radix-ui/react-use-layout-effect@https://registry.npmjs.org/@radix-ui/react-use-layout-effect/-/react-use-layout-effect-1.0.1.tgz. Extracting by manifest.
1048 silly tarball no local data for @radix-ui/react-use-escape-keydown@https://registry.npmjs.org/@radix-ui/react-use-escape-keydown/-/react-use-escape-keydown-1.0.3.tgz. Extracting by manifest.
1049 silly tarball no local data for @radix-ui/react-use-controllable-state@https://registry.npmjs.org/@radix-ui/react-use-controllable-state/-/react-use-controllable-state-1.0.1.tgz. Extracting by manifest.
1050 silly tarball no local data for eslint-import-resolver-typescript@https://registry.npmjs.org/eslint-import-resolver-typescript/-/eslint-import-resolver-typescript-3.6.3.tgz. Extracting by manifest.
1051 silly tarball no local data for @radix-ui/react-use-callback-ref@https://registry.npmjs.org/@radix-ui/react-use-callback-ref/-/react-use-callback-ref-1.0.1.tgz. Extracting by manifest.
1052 silly tarball no local data for @radix-ui/react-slot@https://registry.npmjs.org/@radix-ui/react-slot/-/react-slot-1.0.2.tgz. Extracting by manifest.
1053 silly tarball no local data for @radix-ui/react-primitive@https://registry.npmjs.org/@radix-ui/react-primitive/-/react-primitive-1.0.3.tgz. Extracting by manifest.
1054 silly tarball no local data for @radix-ui/react-id@https://registry.npmjs.org/@radix-ui/react-id/-/react-id-1.0.1.tgz. Extracting by manifest.
1055 silly tarball no local data for @radix-ui/react-presence@https://registry.npmjs.org/@radix-ui/react-presence/-/react-presence-1.0.1.tgz. Extracting by manifest.
1056 silly tarball no local data for @radix-ui/react-portal@https://registry.npmjs.org/@radix-ui/react-portal/-/react-portal-1.0.4.tgz. Extracting by manifest.
1057 silly tarball no local data for @radix-ui/react-focus-scope@https://registry.npmjs.org/@radix-ui/react-focus-scope/-/react-focus-scope-1.0.4.tgz. Extracting by manifest.
1058 silly tarball no local data for @radix-ui/react-dismissable-layer@https://registry.npmjs.org/@radix-ui/react-dismissable-layer/-/react-dismissable-layer-1.0.5.tgz. Extracting by manifest.
1059 silly tarball no local data for @radix-ui/react-focus-guards@https://registry.npmjs.org/@radix-ui/react-focus-guards/-/react-focus-guards-1.0.1.tgz. Extracting by manifest.
1060 silly tarball no local data for @radix-ui/react-dialog@https://registry.npmjs.org/@radix-ui/react-dialog/-/react-dialog-1.0.5.tgz. Extracting by manifest.
1061 silly tarball no local data for @radix-ui/react-context@https://registry.npmjs.org/@radix-ui/react-context/-/react-context-1.0.1.tgz. Extracting by manifest.
1062 silly tarball no local data for clsx@https://registry.npmjs.org/clsx/-/clsx-2.0.0.tgz. Extracting by manifest.
1063 silly tarball no local data for glob-parent@https://registry.npmjs.org/glob-parent/-/glob-parent-5.1.2.tgz. Extracting by manifest.
1064 silly tarball no local data for minimatch@https://registry.npmjs.org/minimatch/-/minimatch-9.0.3.tgz. Extracting by manifest.
1065 silly tarball no local data for brace-expansion@https://registry.npmjs.org/brace-expansion/-/brace-expansion-2.0.1.tgz. Extracting by manifest.
1066 silly tarball no local data for @radix-ui/react-compose-refs@https://registry.npmjs.org/@radix-ui/react-compose-refs/-/react-compose-refs-1.0.1.tgz. Extracting by manifest.
1067 silly tarball no local data for @radix-ui/primitive@https://registry.npmjs.org/@radix-ui/primitive/-/primitive-1.0.1.tgz. Extracting by manifest.
1068 silly tarball no local data for @radix-ui/react-context@https://registry.npmjs.org/@radix-ui/react-context/-/react-context-1.1.0.tgz. Extracting by manifest.
1069 silly tarball no local data for @radix-ui/react-context@https://registry.npmjs.org/@radix-ui/react-context/-/react-context-1.1.0.tgz. Extracting by manifest.
1070 silly tarball no local data for @radix-ui/react-context@https://registry.npmjs.org/@radix-ui/react-context/-/react-context-1.1.0.tgz. Extracting by manifest.
1071 silly tarball no local data for @radix-ui/react-context@https://registry.npmjs.org/@radix-ui/react-context/-/react-context-1.1.0.tgz. Extracting by manifest.
1072 silly tarball no local data for @radix-ui/react-context@https://registry.npmjs.org/@radix-ui/react-context/-/react-context-1.1.0.tgz. Extracting by manifest.
1073 silly tarball no local data for strip-ansi@https://registry.npmjs.org/strip-ansi/-/strip-ansi-7.1.0.tgz. Extracting by manifest.
1074 silly tarball no local data for ansi-regex@https://registry.npmjs.org/ansi-regex/-/ansi-regex-6.1.0.tgz. Extracting by manifest.
1075 silly tarball no local data for @radix-ui/react-collapsible@https://registry.npmjs.org/@radix-ui/react-collapsible/-/react-collapsible-1.1.1.tgz. Extracting by manifest.
1076 http fetch GET 200 https://registry.npmjs.org/wrap-ansi/-/wrap-ansi-7.0.0.tgz 1939ms (cache miss)
1077 http fetch GET 200 https://registry.npmjs.org/wrappy/-/wrappy-1.0.2.tgz 1944ms (cache miss)
1078 http fetch GET 200 https://registry.npmjs.org/yocto-queue/-/yocto-queue-0.1.0.tgz 1960ms (cache miss)
1079 http fetch GET 200 https://registry.npmjs.org/word-wrap/-/word-wrap-1.2.5.tgz 2018ms (cache miss)
1080 http fetch GET 200 https://registry.npmjs.org/which/-/which-2.0.2.tgz 2031ms (cache miss)
1081 http fetch GET 200 https://registry.npmjs.org/webidl-conversions/-/webidl-conversions-3.0.1.tgz 2115ms (cache miss)
1082 http fetch GET 200 https://registry.npmjs.org/util-deprecate/-/util-deprecate-1.0.2.tgz 2126ms (cache miss)
1083 http fetch GET 200 https://registry.npmjs.org/which-boxed-primitive/-/which-boxed-primitive-1.0.2.tgz 2185ms (cache miss)
1084 http fetch GET 200 https://registry.npmjs.org/whatwg-url/-/whatwg-url-5.0.0.tgz 2184ms (cache miss)
1085 http fetch GET 200 https://registry.npmjs.org/which-builtin-type/-/which-builtin-type-1.1.4.tgz 2249ms (cache miss)
1086 http fetch GET 200 https://registry.npmjs.org/wrap-ansi/-/wrap-ansi-8.1.0.tgz 2306ms (cache miss)
1087 http fetch GET 200 https://registry.npmjs.org/update-browserslist-db/-/update-browserslist-db-1.1.1.tgz 2556ms (cache miss)
1088 http fetch GET 200 https://registry.npmjs.org/which-typed-array/-/which-typed-array-1.1.15.tgz 2600ms (cache miss)
1089 http fetch GET 200 https://registry.npmjs.org/watchpack/-/watchpack-2.4.0.tgz 2748ms (cache miss)
1090 http fetch GET 200 https://registry.npmjs.org/to-regex-range/-/to-regex-range-5.0.1.tgz 2798ms (cache miss)
1091 http fetch GET 200 https://registry.npmjs.org/unbox-primitive/-/unbox-primitive-1.0.2.tgz 2886ms (cache miss)
1092 http fetch GET 200 https://registry.npmjs.org/thenify-all/-/thenify-all-1.6.0.tgz 2879ms (cache miss)
1093 http fetch GET 200 https://registry.npmjs.org/thenify/-/thenify-3.3.1.tgz 2949ms (cache miss)
1094 http fetch GET 200 https://registry.npmjs.org/supports-color/-/supports-color-7.2.0.tgz 2948ms (cache miss)
1095 http fetch GET 200 https://registry.npmjs.org/tailwindcss-animate/-/tailwindcss-animate-1.0.7.tgz 2984ms (cache miss)
1096 http fetch GET 200 https://registry.npmjs.org/strip-json-comments/-/strip-json-comments-3.1.1.tgz 2999ms (cache miss)
1097 http fetch GET 200 https://registry.npmjs.org/strip-ansi/-/strip-ansi-6.0.1.tgz 3099ms (cache miss)
1098 http fetch GET 200 https://registry.npmjs.org/strip-bom/-/strip-bom-3.0.0.tgz 3115ms (cache miss)
1099 http fetch GET 200 https://registry.npmjs.org/strip-ansi/-/strip-ansi-6.0.1.tgz 3155ms (cache miss)
1100 http fetch GET 200 https://registry.npmjs.org/string-width/-/string-width-4.2.3.tgz 3223ms (cache miss)
1101 http fetch GET 200 https://registry.npmjs.org/vaul/-/vaul-0.9.9.tgz 3267ms (cache miss)
1102 http fetch GET 200 https://registry.npmjs.org/typed-array-byte-offset/-/typed-array-byte-offset-1.0.2.tgz 3278ms (cache miss)
1103 http fetch GET 200 https://registry.npmjs.org/typed-array-byte-length/-/typed-array-byte-length-1.0.1.tgz 3280ms (cache miss)
1104 http fetch GET 200 https://registry.npmjs.org/typed-array-length/-/typed-array-length-1.0.6.tgz 3320ms (cache miss)
1105 http fetch GET 200 https://registry.npmjs.org/typed-array-buffer/-/typed-array-buffer-1.0.2.tgz 3325ms (cache miss)
1106 http fetch GET 200 https://registry.npmjs.org/string-width/-/string-width-5.1.2.tgz 3363ms (cache miss)
1107 http fetch GET 200 https://registry.npmjs.org/type-check/-/type-check-0.4.0.tgz 3399ms (cache miss)
1108 http fetch GET 200 https://registry.npmjs.org/shebang-regex/-/shebang-regex-3.0.0.tgz 3432ms (cache miss)
1109 http fetch GET 200 https://registry.npmjs.org/slash/-/slash-3.0.0.tgz 3502ms (cache miss)
1110 http fetch GET 200 https://registry.npmjs.org/shebang-command/-/shebang-command-2.0.0.tgz 3551ms (cache miss)
1111 http fetch GET 200 https://registry.npmjs.org/supports-preserve-symlinks-flag/-/supports-preserve-symlinks-flag-1.0.0.tgz 3598ms (cache miss)
1112 http fetch GET 200 https://registry.npmjs.org/ts-interface-checker/-/ts-interface-checker-0.1.13.tgz 3719ms (cache miss)
1113 http fetch GET 200 https://registry.npmjs.org/stop-iteration-iterator/-/stop-iteration-iterator-1.0.0.tgz 3932ms (cache miss)
1114 http fetch GET 200 https://registry.npmjs.org/safe-array-concat/-/safe-array-concat-1.1.2.tgz 3956ms (cache miss)
1115 http fetch GET 200 https://registry.npmjs.org/resolve-from/-/resolve-from-4.0.0.tgz 3955ms (cache miss)
1116 http fetch GET 200 https://registry.npmjs.org/tr46/-/tr46-0.0.3.tgz 4026ms (cache miss)
1117 http fetch GET 200 https://registry.npmjs.org/set-function-name/-/set-function-name-2.0.2.tgz 4014ms (cache miss)
1118 http fetch GET 200 https://registry.npmjs.org/tslib/-/tslib-2.7.0.tgz 4048ms (cache miss)
1119 http fetch GET 200 https://registry.npmjs.org/run-parallel/-/run-parallel-1.2.0.tgz 3992ms (cache miss)
1120 http fetch GET 200 https://registry.npmjs.org/regenerator-runtime/-/regenerator-runtime-0.14.1.tgz 4001ms (cache miss)
1121 http fetch GET 200 https://registry.npmjs.org/which-collection/-/which-collection-1.0.2.tgz 4089ms (cache miss)
1122 http fetch GET 200 https://registry.npmjs.org/rimraf/-/rimraf-3.0.2.tgz 4012ms (cache miss)
1123 http fetch GET 200 https://registry.npmjs.org/streamsearch/-/streamsearch-1.1.0.tgz 4058ms (cache miss)
1124 http fetch GET 200 https://registry.npmjs.org/safe-regex-test/-/safe-regex-test-1.0.3.tgz 4063ms (cache miss)
1125 warn deprecated rimraf@3.0.2: Rimraf versions prior to v4 are no longer supported
1126 http fetch GET 200 https://registry.npmjs.org/readdirp/-/readdirp-3.6.0.tgz 4039ms (cache miss)
1127 http fetch GET 200 https://registry.npmjs.org/read-cache/-/read-cache-1.0.0.tgz 4044ms (cache miss)
1128 http fetch GET 200 https://registry.npmjs.org/string.prototype.repeat/-/string.prototype.repeat-1.0.0.tgz 4154ms (cache miss)
1129 http fetch GET 200 https://registry.npmjs.org/set-function-length/-/set-function-length-1.2.2.tgz 4180ms (cache miss)
1130 http fetch GET 200 https://registry.npmjs.org/ws/-/ws-8.18.3.tgz 4290ms (cache miss)
1131 http fetch GET 200 https://registry.npmjs.org/resolve-pkg-maps/-/resolve-pkg-maps-1.0.0.tgz 4229ms (cache miss)
1132 http fetch GET 200 https://registry.npmjs.org/string.prototype.includes/-/string.prototype.includes-2.0.0.tgz 4275ms (cache miss)
1133 http fetch GET 200 https://registry.npmjs.org/side-channel/-/side-channel-1.0.6.tgz 4270ms (cache miss)
1134 http fetch GET 200 https://registry.npmjs.org/tiny-invariant/-/tiny-invariant-1.3.3.tgz 4293ms (cache miss)
1135 http fetch GET 200 https://registry.npmjs.org/string.prototype.trimstart/-/string.prototype.trimstart-1.0.8.tgz 4408ms (cache miss)
1136 http fetch GET 200 https://registry.npmjs.org/text-table/-/text-table-0.2.0.tgz 4453ms (cache miss)
1137 http fetch GET 200 https://registry.npmjs.org/string.prototype.trim/-/string.prototype.trim-1.2.9.tgz 4456ms (cache miss)
1138 http fetch GET 200 https://registry.npmjs.org/reusify/-/reusify-1.0.4.tgz 4448ms (cache miss)
1139 http fetch GET 200 https://registry.npmjs.org/string.prototype.trimend/-/string.prototype.trimend-1.0.8.tgz 4610ms (cache miss)
1140 http fetch GET 200 https://registry.npmjs.org/punycode/-/punycode-2.3.1.tgz 4550ms (cache miss)
1141 http fetch GET 200 https://registry.npmjs.org/queue-microtask/-/queue-microtask-1.2.3.tgz 4562ms (cache miss)
1142 http fetch GET 200 https://registry.npmjs.org/postcss-nested/-/postcss-nested-6.2.0.tgz 4568ms (cache miss)
1143 http fetch GET 200 https://registry.npmjs.org/string.prototype.matchall/-/string.prototype.matchall-4.0.11.tgz 4633ms (cache miss)
1144 http fetch GET 200 https://registry.npmjs.org/react-is/-/react-is-16.13.1.tgz 4611ms (cache miss)
1145 http fetch GET 200 https://registry.npmjs.org/sonner/-/sonner-1.5.0.tgz 4722ms (cache miss)
1146 http fetch GET 200 https://registry.npmjs.org/possible-typed-array-names/-/possible-typed-array-names-1.0.0.tgz 4824ms (cache miss)
1147 http fetch GET 200 https://registry.npmjs.org/pify/-/pify-2.3.0.tgz 4854ms (cache miss)
1148 http fetch GET 200 https://registry.npmjs.org/tapable/-/tapable-2.2.1.tgz 4976ms (cache miss)
1149 http fetch GET 200 https://registry.npmjs.org/path-type/-/path-type-4.0.0.tgz 4904ms (cache miss)
1150 http fetch GET 200 https://registry.npmjs.org/pirates/-/pirates-4.0.6.tgz 4941ms (cache miss)
1151 http fetch GET 200 https://registry.npmjs.org/path-key/-/path-key-3.1.1.tgz 4991ms (cache miss)
1152 http fetch GET 200 https://registry.npmjs.org/picocolors/-/picocolors-1.1.0.tgz 5021ms (cache miss)
1153 http fetch GET 200 https://registry.npmjs.org/ts-api-utils/-/ts-api-utils-1.3.0.tgz 5110ms (cache miss)
1154 http fetch GET 200 https://registry.npmjs.org/path-is-absolute/-/path-is-absolute-1.0.1.tgz 5022ms (cache miss)
1155 http fetch GET 200 https://registry.npmjs.org/path-parse/-/path-parse-1.0.7.tgz 5034ms (cache miss)
1156 http fetch GET 200 https://registry.npmjs.org/path-exists/-/path-exists-4.0.0.tgz 5042ms (cache miss)
1157 http fetch GET 200 https://registry.npmjs.org/p-locate/-/p-locate-5.0.0.tgz 5042ms (cache miss)
1158 http fetch GET 200 https://registry.npmjs.org/package-json-from-dist/-/package-json-from-dist-1.0.1.tgz 5043ms (cache miss)
1159 http fetch GET 200 https://registry.npmjs.org/reflect.getprototypeof/-/reflect.getprototypeof-1.0.6.tgz 5074ms (cache miss)
1160 http fetch GET 200 https://registry.npmjs.org/parent-module/-/parent-module-1.0.1.tgz 5048ms (cache miss)
1161 http fetch GET 200 https://registry.npmjs.org/prelude-ls/-/prelude-ls-1.2.1.tgz 5062ms (cache miss)
1162 http fetch GET 200 https://registry.npmjs.org/regexp.prototype.flags/-/regexp.prototype.flags-1.5.3.tgz 5080ms (cache miss)
1163 http fetch GET 200 https://registry.npmjs.org/postcss-js/-/postcss-js-4.0.1.tgz 5093ms (cache miss)
1164 http fetch GET 200 https://registry.npmjs.org/postcss-value-parser/-/postcss-value-parser-4.2.0.tgz 5107ms (cache miss)
1165 http fetch GET 200 https://registry.npmjs.org/p-limit/-/p-limit-3.1.0.tgz 5096ms (cache miss)
1166 http fetch GET 200 https://registry.npmjs.org/once/-/once-1.4.0.tgz 5101ms (cache miss)
1167 http fetch GET 200 https://registry.npmjs.org/prop-types/-/prop-types-15.8.1.tgz 5120ms (cache miss)
1168 http fetch GET 200 https://registry.npmjs.org/postcss-load-config/-/postcss-load-config-4.0.2.tgz 5141ms (cache miss)
1169 http fetch GET 200 https://registry.npmjs.org/source-map-js/-/source-map-js-1.2.1.tgz 5203ms (cache miss)
1170 http fetch GET 200 https://registry.npmjs.org/object.values/-/object.values-1.2.0.tgz 5132ms (cache miss)
1171 http fetch GET 200 https://registry.npmjs.org/scheduler/-/scheduler-0.23.2.tgz 5225ms (cache miss)
1172 http fetch GET 200 https://registry.npmjs.org/postcss-import/-/postcss-import-15.1.0.tgz 5346ms (cache miss)
1173 http fetch GET 200 https://registry.npmjs.org/picomatch/-/picomatch-2.3.1.tgz 5404ms (cache miss)
1174 http fetch GET 200 https://registry.npmjs.org/styled-jsx/-/styled-jsx-5.1.1.tgz 5547ms (cache miss)
1175 http fetch GET 200 https://registry.npmjs.org/recharts-scale/-/recharts-scale-0.4.5.tgz 5563ms (cache miss)
1176 http fetch GET 200 https://registry.npmjs.org/react/-/react-18.2.0.tgz 5665ms (cache miss)
1177 http fetch GET 200 https://registry.npmjs.org/object.groupby/-/object.groupby-1.0.3.tgz 5796ms (cache miss)
1178 http fetch GET 200 https://registry.npmjs.org/object-keys/-/object-keys-1.1.1.tgz 5839ms (cache miss)
1179 http fetch GET 200 https://registry.npmjs.org/object-is/-/object-is-1.1.6.tgz 5849ms (cache miss)
1180 http fetch GET 200 https://registry.npmjs.org/normalize-range/-/normalize-range-0.1.2.tgz 6068ms (cache miss)
1181 http fetch GET 200 https://registry.npmjs.org/object-hash/-/object-hash-3.0.0.tgz 6086ms (cache miss)
1182 http fetch GET 200 https://registry.npmjs.org/object-assign/-/object-assign-4.1.1.tgz 6088ms (cache miss)
1183 http fetch GET 200 https://registry.npmjs.org/path-scurry/-/path-scurry-1.11.1.tgz 6102ms (cache miss)
1184 http fetch GET 200 https://registry.npmjs.org/signal-exit/-/signal-exit-4.1.0.tgz 6201ms (cache miss)
1185 http fetch GET 200 https://registry.npmjs.org/react-remove-scroll-bar/-/react-remove-scroll-bar-2.3.6.tgz 6191ms (cache miss)
1186 http fetch GET 200 https://registry.npmjs.org/tailwind-merge/-/tailwind-merge-2.5.3.tgz 6252ms (cache miss)
1187 http fetch GET 200 https://registry.npmjs.org/react-style-singleton/-/react-style-singleton-2.2.1.tgz 6216ms (cache miss)
1188 http fetch GET 200 https://registry.npmjs.org/type-fest/-/type-fest-0.20.2.tgz 6290ms (cache miss)
1189 http fetch GET 200 https://registry.npmjs.org/react-smooth/-/react-smooth-4.0.1.tgz 6230ms (cache miss)
1190 http fetch GET 200 https://registry.npmjs.org/object.fromentries/-/object.fromentries-2.0.8.tgz 6212ms (cache miss)
1191 http fetch GET 200 https://registry.npmjs.org/object.entries/-/object.entries-1.1.8.tgz 6211ms (cache miss)
1192 http fetch GET 200 https://registry.npmjs.org/object.assign/-/object.assign-4.1.5.tgz 6267ms (cache miss)
1193 http fetch GET 200 https://registry.npmjs.org/react-transition-group/-/react-transition-group-4.4.5.tgz 6322ms (cache miss)
1194 http fetch GET 200 https://registry.npmjs.org/postcss-selector-parser/-/postcss-selector-parser-6.1.2.tgz 6384ms (cache miss)
1195 http fetch GET 200 https://registry.npmjs.org/normalize-path/-/normalize-path-3.0.0.tgz 6364ms (cache miss)
1196 http fetch GET 200 https://registry.npmjs.org/zod/-/zod-3.23.8.tgz 6548ms (cache miss)
1197 http fetch GET 200 https://registry.npmjs.org/next-themes/-/next-themes-0.3.0.tgz 6548ms (cache miss)
1198 http fetch GET 200 https://registry.npmjs.org/natural-compare/-/natural-compare-1.4.0.tgz 6612ms (cache miss)
1199 http fetch GET 200 https://registry.npmjs.org/node-releases/-/node-releases-2.0.18.tgz 6639ms (cache miss)
1200 http fetch GET 200 https://registry.npmjs.org/nanoid/-/nanoid-3.3.7.tgz 6661ms (cache miss)
1201 http fetch GET 200 https://registry.npmjs.org/semver/-/semver-7.6.3.tgz 6713ms (cache miss)
1202 http fetch GET 200 https://registry.npmjs.org/mz/-/mz-2.7.0.tgz 6675ms (cache miss)
1203 http fetch GET 200 https://registry.npmjs.org/ms/-/ms-2.1.3.tgz 6715ms (cache miss)
1204 http fetch GET 200 https://registry.npmjs.org/minimatch/-/minimatch-3.1.2.tgz 6754ms (cache miss)
1205 http fetch GET 200 https://registry.npmjs.org/use-sidecar/-/use-sidecar-1.1.2.tgz 6880ms (cache miss)
1206 http fetch GET 200 https://registry.npmjs.org/micromatch/-/micromatch-4.0.8.tgz 6760ms (cache miss)
1207 http fetch GET 200 https://registry.npmjs.org/merge2/-/merge2-1.4.1.tgz 6751ms (cache miss)
1208 http fetch GET 200 https://registry.npmjs.org/object-inspect/-/object-inspect-1.13.2.tgz 6799ms (cache miss)
1209 http fetch GET 200 https://registry.npmjs.org/loose-envify/-/loose-envify-1.4.0.tgz 6784ms (cache miss)
1210 http fetch GET 200 https://registry.npmjs.org/postcss/-/postcss-8.4.30.tgz 6969ms (cache miss)
1211 http fetch GET 200 https://registry.npmjs.org/uri-js/-/uri-js-4.4.1.tgz 7071ms (cache miss)
1212 http fetch GET 200 https://registry.npmjs.org/lodash.merge/-/lodash.merge-4.6.2.tgz 6943ms (cache miss)
1213 http fetch GET 200 https://registry.npmjs.org/locate-path/-/locate-path-6.0.0.tgz 6978ms (cache miss)
1214 http fetch GET 200 https://registry.npmjs.org/lines-and-columns/-/lines-and-columns-1.2.4.tgz 6991ms (cache miss)
1215 http fetch GET 200 https://registry.npmjs.org/levn/-/levn-0.4.1.tgz 7039ms (cache miss)
1216 http fetch GET 200 https://registry.npmjs.org/lilconfig/-/lilconfig-2.1.0.tgz 7044ms (cache miss)
1217 http fetch GET 200 https://registry.npmjs.org/language-tags/-/language-tags-1.0.9.tgz 7047ms (cache miss)
1218 http fetch GET 200 https://registry.npmjs.org/keyv/-/keyv-4.5.4.tgz 7125ms (cache miss)
1219 http fetch GET 200 https://registry.npmjs.org/json-stable-stringify-without-jsonify/-/json-stable-stringify-without-jsonify-1.0.1.tgz 7171ms (cache miss)
1220 http fetch GET 200 https://registry.npmjs.org/json-buffer/-/json-buffer-3.0.1.tgz 7180ms (cache miss)
1221 http fetch GET 200 https://registry.npmjs.org/optionator/-/optionator-0.9.4.tgz 7244ms (cache miss)
1222 http fetch GET 200 https://registry.npmjs.org/js-tokens/-/js-tokens-4.0.0.tgz 7198ms (cache miss)
1223 http fetch GET 200 https://registry.npmjs.org/iterator.prototype/-/iterator.prototype-1.1.3.tgz 7224ms (cache miss)
1224 http fetch GET 200 https://registry.npmjs.org/isexe/-/isexe-2.0.0.tgz 7239ms (cache miss)
1225 http fetch GET 200 https://registry.npmjs.org/use-callback-ref/-/use-callback-ref-1.3.2.tgz 7463ms (cache miss)
1226 http fetch GET 200 https://registry.npmjs.org/isarray/-/isarray-2.0.5.tgz 7644ms (cache miss)
1227 http fetch GET 200 https://registry.npmjs.org/is-weakref/-/is-weakref-1.0.2.tgz 7716ms (cache miss)
1228 http fetch GET 200 https://registry.npmjs.org/json5/-/json5-1.0.2.tgz 7745ms (cache miss)
1229 http fetch GET 200 https://registry.npmjs.org/is-weakmap/-/is-weakmap-2.0.2.tgz 7737ms (cache miss)
1230 http fetch GET 200 https://registry.npmjs.org/is-typed-array/-/is-typed-array-1.1.13.tgz 7737ms (cache miss)
1231 http fetch GET 200 https://registry.npmjs.org/is-string/-/is-string-1.0.7.tgz 7736ms (cache miss)
1232 http fetch GET 200 https://registry.npmjs.org/is-shared-array-buffer/-/is-shared-array-buffer-1.0.3.tgz 7738ms (cache miss)
1233 http fetch GET 200 https://registry.npmjs.org/is-weakset/-/is-weakset-2.0.3.tgz 7750ms (cache miss)
1234 http fetch GET 200 https://registry.npmjs.org/is-symbol/-/is-symbol-1.0.4.tgz 7755ms (cache miss)
1235 http fetch GET 200 https://registry.npmjs.org/minipass/-/minipass-7.1.2.tgz 7978ms (cache miss)
1236 http fetch GET 200 https://registry.npmjs.org/is-path-inside/-/is-path-inside-3.0.3.tgz 7914ms (cache miss)
1237 http fetch GET 200 https://registry.npmjs.org/is-set/-/is-set-2.0.3.tgz 7920ms (cache miss)
1238 http fetch GET 200 https://registry.npmjs.org/is-number-object/-/is-number-object-1.0.7.tgz 7931ms (cache miss)
1239 http fetch GET 200 https://registry.npmjs.org/is-number/-/is-number-7.0.0.tgz 7944ms (cache miss)
1240 http fetch GET 200 https://registry.npmjs.org/is-fullwidth-code-point/-/is-fullwidth-code-point-3.0.0.tgz 7961ms (cache miss)
1241 http fetch GET 200 https://registry.npmjs.org/is-map/-/is-map-2.0.3.tgz 7968ms (cache miss)
1242 http fetch GET 200 https://registry.npmjs.org/is-finalizationregistry/-/is-finalizationregistry-1.0.2.tgz 7967ms (cache miss)
1243 http fetch GET 200 https://registry.npmjs.org/is-glob/-/is-glob-4.0.3.tgz 7973ms (cache miss)
1244 http fetch GET 200 https://registry.npmjs.org/is-negative-zero/-/is-negative-zero-2.0.3.tgz 8019ms (cache miss)
1245 http fetch GET 200 https://registry.npmjs.org/minimist/-/minimist-1.2.8.tgz 8112ms (cache miss)
1246 http fetch GET 200 https://registry.npmjs.org/is-regex/-/is-regex-1.1.4.tgz 8067ms (cache miss)
1247 http fetch GET 200 https://registry.npmjs.org/is-date-object/-/is-date-object-1.0.5.tgz 8119ms (cache miss)
1248 http fetch GET 200 https://registry.npmjs.org/json-schema-traverse/-/json-schema-traverse-0.4.1.tgz 8162ms (cache miss)
1249 http fetch GET 200 https://registry.npmjs.org/is-generator-function/-/is-generator-function-1.0.10.tgz 8231ms (cache miss)
1250 http fetch GET 200 https://registry.npmjs.org/tsconfig-paths/-/tsconfig-paths-3.15.0.tgz 8439ms (cache miss)
1251 http fetch GET 200 https://registry.npmjs.org/lru-cache/-/lru-cache-10.4.3.tgz 8359ms (cache miss)
1252 http fetch GET 200 https://registry.npmjs.org/react-dom/-/react-dom-18.2.0.tgz 8405ms (cache miss)
1253 http fetch GET 200 https://registry.npmjs.org/react-remove-scroll/-/react-remove-scroll-2.6.0.tgz 8414ms (cache miss)
1254 http fetch GET 200 https://registry.npmjs.org/jackspeak/-/jackspeak-3.4.3.tgz 8404ms (cache miss)
1255 http fetch GET 200 https://registry.npmjs.org/language-subtag-registry/-/language-subtag-registry-0.3.23.tgz 8447ms (cache miss)
1256 http fetch GET 200 https://registry.npmjs.org/is-data-view/-/is-data-view-1.0.1.tgz 8443ms (cache miss)
1257 http fetch GET 200 https://registry.npmjs.org/is-extglob/-/is-extglob-2.1.1.tgz 8505ms (cache miss)
1258 http fetch GET 200 https://registry.npmjs.org/js-yaml/-/js-yaml-4.1.0.tgz 8540ms (cache miss)
1259 http fetch GET 200 https://registry.npmjs.org/is-core-module/-/is-core-module-2.15.1.tgz 8647ms (cache miss)
1260 http fetch GET 200 https://registry.npmjs.org/resolve/-/resolve-1.22.8.tgz 8934ms (cache miss)
1261 http fetch GET 200 https://registry.npmjs.org/jiti/-/jiti-1.21.6.tgz 8933ms (cache miss)
1262 http fetch GET 200 https://registry.npmjs.org/is-callable/-/is-callable-1.2.7.tgz 9008ms (cache miss)
1263 http fetch GET 200 https://registry.npmjs.org/is-bigint/-/is-bigint-1.0.4.tgz 9005ms (cache miss)
1264 http fetch GET 200 https://registry.npmjs.org/is-async-function/-/is-async-function-2.0.0.tgz 9004ms (cache miss)
1265 http fetch GET 200 https://registry.npmjs.org/is-bun-module/-/is-bun-module-1.2.1.tgz 9034ms (cache miss)
1266 http fetch GET 200 https://registry.npmjs.org/is-array-buffer/-/is-array-buffer-3.0.4.tgz 9030ms (cache miss)
1267 http fetch GET 200 https://registry.npmjs.org/is-arguments/-/is-arguments-1.1.1.tgz 9119ms (cache miss)
1268 http fetch GET 200 https://registry.npmjs.org/inflight/-/inflight-1.0.6.tgz 9138ms (cache miss)
1269 http fetch GET 200 https://registry.npmjs.org/invariant/-/invariant-2.2.4.tgz 9154ms (cache miss)
1270 http fetch GET 200 https://registry.npmjs.org/internal-slot/-/internal-slot-1.0.7.tgz 9154ms (cache miss)
1271 http fetch GET 200 https://registry.npmjs.org/internmap/-/internmap-2.0.3.tgz 9153ms (cache miss)
1272 warn deprecated inflight@1.0.6: This module is not supported, and leaks memory. Do not use it. Check out lru-cache if you want a good and tested way to coalesce async requests by a key value, which is much more comprehensive and powerful.
1273 http fetch GET 200 https://registry.npmjs.org/is-boolean-object/-/is-boolean-object-1.1.2.tgz 9265ms (cache miss)
1274 http fetch GET 200 https://registry.npmjs.org/import-fresh/-/import-fresh-3.3.0.tgz 9310ms (cache miss)
1275 http fetch GET 200 https://registry.npmjs.org/has-tostringtag/-/has-tostringtag-1.0.2.tgz 9306ms (cache miss)
1276 http fetch GET 200 https://registry.npmjs.org/hasown/-/hasown-2.0.2.tgz 9313ms (cache miss)
1277 http fetch GET 200 https://registry.npmjs.org/has-symbols/-/has-symbols-1.0.3.tgz 9323ms (cache miss)
1278 http fetch GET 200 https://registry.npmjs.org/ignore/-/ignore-5.3.2.tgz 9390ms (cache miss)
1279 http fetch GET 200 https://registry.npmjs.org/has-proto/-/has-proto-1.0.3.tgz 9380ms (cache miss)
1280 http fetch GET 200 https://registry.npmjs.org/inherits/-/inherits-2.0.4.tgz 9394ms (cache miss)
1281 http fetch GET 200 https://registry.npmjs.org/has-flag/-/has-flag-4.0.0.tgz 9463ms (cache miss)
1282 http fetch GET 200 https://registry.npmjs.org/has-bigints/-/has-bigints-1.0.2.tgz 9467ms (cache miss)
1283 http fetch GET 200 https://registry.npmjs.org/input-otp/-/input-otp-1.2.4.tgz 9510ms (cache miss)
1284 http fetch GET 200 https://registry.npmjs.org/has-property-descriptors/-/has-property-descriptors-1.0.2.tgz 9498ms (cache miss)
1285 http fetch GET 200 https://registry.npmjs.org/imurmurhash/-/imurmurhash-0.1.4.tgz 9538ms (cache miss)
1286 http fetch GET 200 https://registry.npmjs.org/globby/-/globby-11.1.0.tgz 9511ms (cache miss)
1287 http fetch GET 200 https://registry.npmjs.org/globals/-/globals-13.24.0.tgz 9513ms (cache miss)
1288 http fetch GET 200 https://registry.npmjs.org/get-symbol-description/-/get-symbol-description-1.0.2.tgz 9508ms (cache miss)
1289 http fetch GET 200 https://registry.npmjs.org/glob-parent/-/glob-parent-6.0.2.tgz 9513ms (cache miss)
1290 http fetch GET 200 https://registry.npmjs.org/gopd/-/gopd-1.0.1.tgz 9518ms (cache miss)
1291 http fetch GET 200 https://registry.npmjs.org/graceful-fs/-/graceful-fs-4.2.11.tgz 9526ms (cache miss)
1292 http fetch GET 200 https://registry.npmjs.org/glob-to-regexp/-/glob-to-regexp-0.4.1.tgz 9556ms (cache miss)
1293 http fetch GET 200 https://registry.npmjs.org/globalthis/-/globalthis-1.0.4.tgz 9625ms (cache miss)
1294 http fetch GET 200 https://registry.npmjs.org/fs.realpath/-/fs.realpath-1.0.0.tgz 9632ms (cache miss)
1295 http fetch GET 200 https://registry.npmjs.org/get-nonce/-/get-nonce-1.0.1.tgz 9638ms (cache miss)
1296 http fetch GET 200 https://registry.npmjs.org/get-intrinsic/-/get-intrinsic-1.2.4.tgz 9640ms (cache miss)
1297 http fetch GET 200 https://registry.npmjs.org/functions-have-names/-/functions-have-names-1.2.3.tgz 9642ms (cache miss)
1298 http fetch GET 200 https://registry.npmjs.org/function-bind/-/function-bind-1.1.2.tgz 9649ms (cache miss)
1299 http fetch GET 200 https://registry.npmjs.org/foreground-child/-/foreground-child-3.3.0.tgz 9663ms (cache miss)
1300 http fetch GET 200 https://registry.npmjs.org/for-each/-/for-each-0.3.3.tgz 9675ms (cache miss)
1301 http fetch GET 200 https://registry.npmjs.org/flatted/-/flatted-3.3.1.tgz 9677ms (cache miss)
1302 http fetch GET 200 https://registry.npmjs.org/fraction.js/-/fraction.js-4.3.7.tgz 9766ms (cache miss)
1303 http fetch GET 200 https://registry.npmjs.org/flat-cache/-/flat-cache-3.2.0.tgz 9781ms (cache miss)
1304 http fetch GET 200 https://registry.npmjs.org/get-tsconfig/-/get-tsconfig-4.8.1.tgz 9921ms (cache miss)
1305 http fetch GET 200 https://registry.npmjs.org/find-up/-/find-up-5.0.0.tgz 10027ms (cache miss)
1306 http fetch GET 200 https://registry.npmjs.org/file-entry-cache/-/file-entry-cache-6.0.1.tgz 10236ms (cache miss)
1307 http fetch GET 200 https://registry.npmjs.org/eventemitter3/-/eventemitter3-4.0.7.tgz 10245ms (cache miss)
1308 http fetch GET 200 https://registry.npmjs.org/fastq/-/fastq-1.17.1.tgz 10246ms (cache miss)
1309 http fetch GET 200 https://registry.npmjs.org/fast-json-stable-stringify/-/fast-json-stable-stringify-2.1.0.tgz 10265ms (cache miss)
1310 http fetch GET 200 https://registry.npmjs.org/fast-deep-equal/-/fast-deep-equal-3.1.3.tgz 10264ms (cache miss)
1311 http fetch GET 200 https://registry.npmjs.org/fill-range/-/fill-range-7.1.1.tgz 10269ms (cache miss)
1312 http fetch GET 200 https://registry.npmjs.org/esrecurse/-/esrecurse-4.3.0.tgz 10301ms (cache miss)
1313 http fetch GET 200 https://registry.npmjs.org/estraverse/-/estraverse-5.3.0.tgz 10300ms (cache miss)
1314 http fetch GET 200 https://registry.npmjs.org/esutils/-/esutils-2.0.3.tgz 10307ms (cache miss)
1315 http fetch GET 200 https://registry.npmjs.org/glob/-/glob-7.1.7.tgz 10334ms (cache miss)
1316 http fetch GET 200 https://registry.npmjs.org/eslint-visitor-keys/-/eslint-visitor-keys-3.4.3.tgz 10315ms (cache miss)
1317 warn deprecated glob@7.1.7: Glob versions prior to v9 are no longer supported
1318 http fetch GET 200 https://registry.npmjs.org/eslint-import-resolver-node/-/eslint-import-resolver-node-0.3.9.tgz 10320ms (cache miss)
1319 http fetch GET 200 https://registry.npmjs.org/escalade/-/escalade-3.2.0.tgz 10327ms (cache miss)
1320 http fetch GET 200 https://registry.npmjs.org/function.prototype.name/-/function.prototype.name-1.1.6.tgz 10410ms (cache miss)
1321 http fetch GET 200 https://registry.npmjs.org/eslint-plugin-react-hooks/-/eslint-plugin-react-hooks-4.6.2.tgz 10393ms (cache miss)
1322 http fetch GET 200 https://registry.npmjs.org/escape-string-regexp/-/escape-string-regexp-4.0.0.tgz 10406ms (cache miss)
1323 http fetch GET 200 https://registry.npmjs.org/espree/-/espree-9.6.1.tgz 10482ms (cache miss)
1324 http fetch GET 200 https://registry.npmjs.org/graphemer/-/graphemer-1.4.0.tgz 10561ms (cache miss)
1325 http fetch GET 200 https://registry.npmjs.org/eslint-scope/-/eslint-scope-7.2.2.tgz 10563ms (cache miss)
1326 http fetch GET 200 https://registry.npmjs.org/is-binary-path/-/is-binary-path-2.1.0.tgz 10674ms (cache miss)
1327 http fetch GET 200 https://registry.npmjs.org/eslint-config-next/-/eslint-config-next-13.5.1.tgz 10640ms (cache miss)
1328 http fetch GET 200 https://registry.npmjs.org/esquery/-/esquery-1.6.0.tgz 10860ms (cache miss)
1329 http fetch GET 200 https://registry.npmjs.org/eslint-module-utils/-/eslint-module-utils-2.12.0.tgz 10855ms (cache miss)
1330 http fetch GET 200 https://registry.npmjs.org/fast-levenshtein/-/fast-levenshtein-2.0.6.tgz 10847ms (cache miss)
1331 http fetch GET 200 https://registry.npmjs.org/es-shim-unscopables/-/es-shim-unscopables-1.0.2.tgz 10924ms (cache miss)
1332 http fetch GET 200 https://registry.npmjs.org/es-get-iterator/-/es-get-iterator-1.1.3.tgz 10939ms (cache miss)
1333 http fetch GET 200 https://registry.npmjs.org/es-errors/-/es-errors-1.3.0.tgz 11034ms (cache miss)
1334 http fetch GET 200 https://registry.npmjs.org/es-define-property/-/es-define-property-1.0.0.tgz 11047ms (cache miss)
1335 http fetch GET 200 https://registry.npmjs.org/react-resizable-panels/-/react-resizable-panels-2.1.4.tgz 11295ms (cache miss)
1336 http fetch GET 200 https://registry.npmjs.org/embla-carousel-reactive-utils/-/embla-carousel-reactive-utils-8.3.0.tgz 11230ms (cache miss)
1337 http fetch GET 200 https://registry.npmjs.org/eastasianwidth/-/eastasianwidth-0.2.0.tgz 11272ms (cache miss)
1338 http fetch GET 200 https://registry.npmjs.org/dir-glob/-/dir-glob-3.0.1.tgz 11328ms (cache miss)
1339 http fetch GET 200 https://registry.npmjs.org/dlv/-/dlv-1.1.3.tgz 11334ms (cache miss)
1340 http fetch GET 200 https://registry.npmjs.org/didyoumean/-/didyoumean-1.2.2.tgz 11361ms (cache miss)
1341 http fetch GET 200 https://registry.npmjs.org/es-object-atoms/-/es-object-atoms-1.0.0.tgz 11478ms (cache miss)
1342 http fetch GET 200 https://registry.npmjs.org/detect-node-es/-/detect-node-es-1.1.0.tgz 11532ms (cache miss)
1343 http fetch GET 200 https://registry.npmjs.org/deep-is/-/deep-is-0.1.4.tgz 11571ms (cache miss)
1344 http fetch GET 200 https://registry.npmjs.org/define-properties/-/define-properties-1.2.1.tgz 11573ms (cache miss)
1345 http fetch GET 200 https://registry.npmjs.org/data-view-byte-length/-/data-view-byte-length-1.0.1.tgz 11641ms (cache miss)
1346 http fetch GET 200 https://registry.npmjs.org/damerau-levenshtein/-/damerau-levenshtein-1.0.8.tgz 11692ms (cache miss)
1347 http fetch GET 200 https://registry.npmjs.org/d3-timer/-/d3-timer-3.0.1.tgz 11761ms (cache miss)
1348 http fetch GET 200 https://registry.npmjs.org/es-to-primitive/-/es-to-primitive-1.2.1.tgz 11845ms (cache miss)
1349 http fetch GET 200 https://registry.npmjs.org/doctrine/-/doctrine-3.0.0.tgz 11872ms (cache miss)
1350 http fetch GET 200 https://registry.npmjs.org/data-view-byte-offset/-/data-view-byte-offset-1.0.0.tgz 12030ms (cache miss)
1351 http fetch GET 200 https://registry.npmjs.org/d3-ease/-/d3-ease-3.0.1.tgz 12028ms (cache miss)
1352 http fetch GET 200 https://registry.npmjs.org/d3-format/-/d3-format-3.1.0.tgz 12035ms (cache miss)
1353 http fetch GET 200 https://registry.npmjs.org/electron-to-chromium/-/electron-to-chromium-1.5.34.tgz 12129ms (cache miss)
1354 http fetch GET 200 https://registry.npmjs.org/d3-path/-/d3-path-3.1.0.tgz 12110ms (cache miss)
1355 http fetch GET 200 https://registry.npmjs.org/debug/-/debug-4.3.7.tgz 12152ms (cache miss)
1356 http fetch GET 200 https://registry.npmjs.org/d3-color/-/d3-color-3.1.0.tgz 12146ms (cache miss)
1357 http fetch GET 200 https://registry.npmjs.org/cross-spawn/-/cross-spawn-7.0.3.tgz 12146ms (cache miss)
1358 http fetch GET 200 https://registry.npmjs.org/cssesc/-/cssesc-3.0.0.tgz 12187ms (cache miss)
1359 http fetch GET 200 https://registry.npmjs.org/concat-map/-/concat-map-0.0.1.tgz 12187ms (cache miss)
1360 http fetch GET 200 https://registry.npmjs.org/color-convert/-/color-convert-2.0.1.tgz 12198ms (cache miss)
1361 http fetch GET 200 https://registry.npmjs.org/define-data-property/-/define-data-property-1.1.4.tgz 12264ms (cache miss)
1362 http fetch GET 200 https://registry.npmjs.org/clsx/-/clsx-2.1.1.tgz 12248ms (cache miss)
1363 http fetch GET 200 https://registry.npmjs.org/color-name/-/color-name-1.1.4.tgz 12263ms (cache miss)
1364 http fetch GET 200 https://registry.npmjs.org/client-only/-/client-only-0.0.1.tgz 12266ms (cache miss)
1365 http fetch GET 200 https://registry.npmjs.org/class-variance-authority/-/class-variance-authority-0.7.0.tgz 12322ms (cache miss)
1366 http fetch GET 200 https://registry.npmjs.org/data-view-buffer/-/data-view-buffer-1.0.1.tgz 12408ms (cache miss)
1367 http fetch GET 200 https://registry.npmjs.org/emoji-regex/-/emoji-regex-9.2.2.tgz 12542ms (cache miss)
1368 http fetch GET 200 https://registry.npmjs.org/commander/-/commander-4.1.1.tgz 12613ms (cache miss)
1369 http fetch GET 200 https://registry.npmjs.org/camelcase-css/-/camelcase-css-2.0.1.tgz 12615ms (cache miss)
1370 http fetch GET 200 https://registry.npmjs.org/deep-equal/-/deep-equal-2.2.3.tgz 12684ms (cache miss)
1371 http fetch GET 200 https://registry.npmjs.org/call-bind/-/call-bind-1.0.7.tgz 12649ms (cache miss)
1372 http fetch GET 200 https://registry.npmjs.org/callsites/-/callsites-3.1.0.tgz 12654ms (cache miss)
1373 http fetch GET 200 https://registry.npmjs.org/decimal.js-light/-/decimal.js-light-2.5.1.tgz 12795ms (cache miss)
1374 http fetch GET 200 https://registry.npmjs.org/chalk/-/chalk-4.1.2.tgz 12846ms (cache miss)
1375 http fetch GET 200 https://registry.npmjs.org/braces/-/braces-3.0.3.tgz 12848ms (cache miss)
1376 http fetch GET 200 https://registry.npmjs.org/balanced-match/-/balanced-match-1.0.2.tgz 12848ms (cache miss)
1377 http fetch GET 200 https://registry.npmjs.org/brace-expansion/-/brace-expansion-1.1.11.tgz 12862ms (cache miss)
1378 http fetch GET 200 https://registry.npmjs.org/binary-extensions/-/binary-extensions-2.3.0.tgz 12907ms (cache miss)
1379 http fetch GET 200 https://registry.npmjs.org/chokidar/-/chokidar-3.6.0.tgz 12943ms (cache miss)
1380 http fetch GET 200 https://registry.npmjs.org/available-typed-arrays/-/available-typed-arrays-1.0.7.tgz 12943ms (cache miss)
1381 http fetch GET 200 https://registry.npmjs.org/array.prototype.flatmap/-/array.prototype.flatmap-1.3.2.tgz 12984ms (cache miss)
1382 http fetch GET 200 https://registry.npmjs.org/array.prototype.tosorted/-/array.prototype.tosorted-1.1.4.tgz 13084ms (cache miss)
1383 http fetch GET 200 https://registry.npmjs.org/browserslist/-/browserslist-4.24.0.tgz 13104ms (cache miss)
1384 http fetch GET 200 https://registry.npmjs.org/array.prototype.findlast/-/array.prototype.findlast-1.2.5.tgz 13141ms (cache miss)
1385 http fetch GET 200 https://registry.npmjs.org/cmdk/-/cmdk-1.0.0.tgz 13178ms (cache miss)
1386 http fetch GET 200 https://registry.npmjs.org/array.prototype.flat/-/array.prototype.flat-1.3.2.tgz 13159ms (cache miss)
1387 http fetch GET 200 https://registry.npmjs.org/d3-time/-/d3-time-3.1.0.tgz 13219ms (cache miss)
1388 http fetch GET 200 https://registry.npmjs.org/array-union/-/array-union-2.1.0.tgz 13187ms (cache miss)
1389 http fetch GET 200 https://registry.npmjs.org/array-includes/-/array-includes-3.1.8.tgz 13191ms (cache miss)
1390 http fetch GET 200 https://registry.npmjs.org/arraybuffer.prototype.slice/-/arraybuffer.prototype.slice-1.0.3.tgz 13208ms (cache miss)
1391 http fetch GET 200 https://registry.npmjs.org/csstype/-/csstype-3.1.3.tgz 13252ms (cache miss)
1392 http fetch GET 200 https://registry.npmjs.org/array.prototype.findlastindex/-/array.prototype.findlastindex-1.2.5.tgz 13302ms (cache miss)
1393 http fetch GET 200 https://registry.npmjs.org/array-buffer-byte-length/-/array-buffer-byte-length-1.0.1.tgz 13490ms (cache miss)
1394 http fetch GET 200 https://registry.npmjs.org/ast-types-flow/-/ast-types-flow-0.0.8.tgz 13507ms (cache miss)
1395 http fetch GET 200 https://registry.npmjs.org/aria-hidden/-/aria-hidden-1.2.4.tgz 13523ms (cache miss)
1396 http fetch GET 200 https://registry.npmjs.org/busboy/-/busboy-1.6.0.tgz 13635ms (cache miss)
1397 http fetch GET 200 https://registry.npmjs.org/d3-scale/-/d3-scale-4.0.2.tgz 13754ms (cache miss)
1398 http fetch GET 200 https://registry.npmjs.org/d3-interpolate/-/d3-interpolate-3.0.1.tgz 13772ms (cache miss)
1399 http fetch GET 200 https://registry.npmjs.org/arg/-/arg-5.0.2.tgz 13813ms (cache miss)
1400 http fetch GET 200 https://registry.npmjs.org/any-promise/-/any-promise-1.3.0.tgz 13967ms (cache miss)
1401 http fetch GET 200 https://registry.npmjs.org/ansi-styles/-/ansi-styles-4.3.0.tgz 14046ms (cache miss)
1402 http fetch GET 200 https://registry.npmjs.org/ansi-regex/-/ansi-regex-5.0.1.tgz 14050ms (cache miss)
1403 http fetch GET 200 https://registry.npmjs.org/anymatch/-/anymatch-3.1.3.tgz 14053ms (cache miss)
1404 http fetch GET 200 https://registry.npmjs.org/argparse/-/argparse-2.0.1.tgz 14078ms (cache miss)
1405 http fetch GET 200 https://registry.npmjs.org/fast-glob/-/fast-glob-3.3.2.tgz 14315ms (cache miss)
1406 http fetch GET 200 https://registry.npmjs.org/acorn-jsx/-/acorn-jsx-5.3.2.tgz 14220ms (cache miss)
1407 http fetch GET 200 https://registry.npmjs.org/fast-equals/-/fast-equals-5.0.1.tgz 14522ms (cache miss)
1408 http fetch GET 200 https://registry.npmjs.org/d3-time-format/-/d3-time-format-4.1.0.tgz 14513ms (cache miss)
1409 http fetch GET 200 https://registry.npmjs.org/jsx-ast-utils/-/jsx-ast-utils-3.3.5.tgz 14678ms (cache miss)
1410 http fetch GET 200 https://registry.npmjs.org/@typescript-eslint/visitor-keys/-/visitor-keys-6.21.0.tgz 14461ms (cache miss)
1411 http fetch GET 200 https://registry.npmjs.org/enhanced-resolve/-/enhanced-resolve-5.17.1.tgz 14573ms (cache miss)
1412 http fetch GET 200 https://registry.npmjs.org/es-set-tostringtag/-/es-set-tostringtag-2.0.3.tgz 14474ms (cache miss)
1413 http fetch GET 200 https://registry.npmjs.org/@types/ws/-/ws-8.18.1.tgz 14833ms (cache miss)
1414 http fetch GET 200 https://registry.npmjs.org/@typescript-eslint/parser/-/parser-6.21.0.tgz 14847ms (cache miss)
1415 http fetch GET 200 https://registry.npmjs.org/@types/prop-types/-/prop-types-15.7.13.tgz 14939ms (cache miss)
1416 http fetch GET 200 https://registry.npmjs.org/@types/react-dom/-/react-dom-18.2.7.tgz 14950ms (cache miss)
1417 http fetch GET 200 https://registry.npmjs.org/@types/scheduler/-/scheduler-0.23.0.tgz 14971ms (cache miss)
1418 http fetch GET 200 https://registry.npmjs.org/@types/phoenix/-/phoenix-1.6.6.tgz 14984ms (cache miss)
1419 http fetch GET 200 https://registry.npmjs.org/@types/json5/-/json5-0.0.29.tgz 15094ms (cache miss)
1420 http fetch GET 200 https://registry.npmjs.org/@types/d3-ease/-/d3-ease-3.0.2.tgz 15159ms (cache miss)
1421 http fetch GET 200 https://registry.npmjs.org/@types/d3-timer/-/d3-timer-3.0.2.tgz 15172ms (cache miss)
1422 http fetch GET 200 https://registry.npmjs.org/@types/d3-color/-/d3-color-3.1.3.tgz 15172ms (cache miss)
1423 http fetch GET 200 https://registry.npmjs.org/@types/d3-time/-/d3-time-3.0.3.tgz 15231ms (cache miss)
1424 http fetch GET 200 https://registry.npmjs.org/@types/d3-path/-/d3-path-3.1.0.tgz 15240ms (cache miss)
1425 http fetch GET 200 https://registry.npmjs.org/@types/d3-interpolate/-/d3-interpolate-3.0.4.tgz 15242ms (cache miss)
1426 http fetch GET 200 https://registry.npmjs.org/acorn/-/acorn-8.12.1.tgz 15274ms (cache miss)
1427 http fetch GET 200 https://registry.npmjs.org/@types/d3-scale/-/d3-scale-4.0.8.tgz 15478ms (cache miss)
1428 http fetch GET 200 https://registry.npmjs.org/@types/d3-shape/-/d3-shape-3.1.6.tgz 15504ms (cache miss)
1429 http fetch GET 200 https://registry.npmjs.org/@rtsao/scc/-/scc-1.1.0.tgz 15617ms (cache miss)
1430 http fetch GET 200 https://registry.npmjs.org/@types/d3-array/-/d3-array-3.2.1.tgz 15654ms (cache miss)
1431 http fetch GET 200 https://registry.npmjs.org/@radix-ui/rect/-/rect-1.1.0.tgz 15722ms (cache miss)
1432 http fetch GET 200 https://registry.npmjs.org/@radix-ui/react-use-rect/-/react-use-rect-1.1.0.tgz 15732ms (cache miss)
1433 http fetch GET 200 https://registry.npmjs.org/@radix-ui/react-use-escape-keydown/-/react-use-escape-keydown-1.1.0.tgz 15781ms (cache miss)
1434 http fetch GET 200 https://registry.npmjs.org/@radix-ui/react-visually-hidden/-/react-visually-hidden-1.1.0.tgz 15814ms (cache miss)
1435 http fetch GET 200 https://registry.npmjs.org/@radix-ui/react-use-callback-ref/-/react-use-callback-ref-1.1.0.tgz 15857ms (cache miss)
1436 http fetch GET 200 https://registry.npmjs.org/@radix-ui/react-use-size/-/react-use-size-1.1.0.tgz 15865ms (cache miss)
1437 http fetch GET 200 https://registry.npmjs.org/@radix-ui/react-use-layout-effect/-/react-use-layout-effect-1.1.0.tgz 15930ms (cache miss)
1438 http fetch GET 200 https://registry.npmjs.org/@radix-ui/react-use-previous/-/react-use-previous-1.1.0.tgz 15935ms (cache miss)
1439 http fetch GET 200 https://registry.npmjs.org/@radix-ui/react-use-controllable-state/-/react-use-controllable-state-1.1.0.tgz 15956ms (cache miss)
1440 http fetch GET 200 https://registry.npmjs.org/@radix-ui/react-toggle/-/react-toggle-1.1.0.tgz 16077ms (cache miss)
1441 http fetch GET 200 https://registry.npmjs.org/@radix-ui/react-toggle-group/-/react-toggle-group-1.1.0.tgz 16089ms (cache miss)
1442 http fetch GET 200 https://registry.npmjs.org/@radix-ui/react-slot/-/react-slot-1.1.0.tgz 16261ms (cache miss)
1443 http fetch GET 200 https://registry.npmjs.org/@radix-ui/react-separator/-/react-separator-1.1.0.tgz 16256ms (cache miss)
1444 http fetch GET 200 https://registry.npmjs.org/@radix-ui/react-tabs/-/react-tabs-1.1.1.tgz 16283ms (cache miss)
1445 http fetch GET 200 https://registry.npmjs.org/@radix-ui/react-switch/-/react-switch-1.1.1.tgz 16309ms (cache miss)
1446 http fetch GET 200 https://registry.npmjs.org/@supabase/node-fetch/-/node-fetch-2.6.15.tgz 16348ms (cache miss)
1447 http fetch GET 200 https://registry.npmjs.org/@radix-ui/react-radio-group/-/react-radio-group-1.2.1.tgz 16424ms (cache miss)
1448 http fetch GET 200 https://registry.npmjs.org/@radix-ui/react-progress/-/react-progress-1.1.0.tgz 16472ms (cache miss)
1449 http fetch GET 200 https://registry.npmjs.org/@radix-ui/react-primitive/-/react-primitive-2.0.0.tgz 16505ms (cache miss)
1450 http fetch GET 200 https://registry.npmjs.org/@radix-ui/react-presence/-/react-presence-1.1.1.tgz 16509ms (cache miss)
1451 http fetch GET 200 https://registry.npmjs.org/@radix-ui/react-portal/-/react-portal-1.1.2.tgz 16673ms (cache miss)
1452 http fetch GET 200 https://registry.npmjs.org/@radix-ui/react-id/-/react-id-1.1.0.tgz 16726ms (cache miss)
1453 http fetch GET 200 https://registry.npmjs.org/@radix-ui/react-label/-/react-label-2.1.0.tgz 16734ms (cache miss)
1454 http fetch GET 200 https://registry.npmjs.org/embla-carousel-react/-/embla-carousel-react-8.3.0.tgz 16855ms (cache miss)
1455 http fetch GET 200 https://registry.npmjs.org/@radix-ui/react-focus-scope/-/react-focus-scope-1.1.0.tgz 16873ms (cache miss)
1456 http fetch GET 200 https://registry.npmjs.org/@radix-ui/react-focus-guards/-/react-focus-guards-1.1.1.tgz 16963ms (cache miss)
1457 http fetch GET 200 https://registry.npmjs.org/@radix-ui/react-direction/-/react-direction-1.1.0.tgz 17165ms (cache miss)
1458 http fetch GET 200 https://registry.npmjs.org/@radix-ui/react-dropdown-menu/-/react-dropdown-menu-2.1.2.tgz 17256ms (cache miss)
1459 http fetch GET 200 https://registry.npmjs.org/@radix-ui/react-context/-/react-context-1.1.1.tgz 17339ms (cache miss)
1460 http fetch GET 200 https://registry.npmjs.org/@radix-ui/react-compose-refs/-/react-compose-refs-1.1.0.tgz 17368ms (cache miss)
1461 http fetch GET 200 https://registry.npmjs.org/@radix-ui/react-aspect-ratio/-/react-aspect-ratio-1.1.0.tgz 17427ms (cache miss)
1462 http fetch GET 200 https://registry.npmjs.org/@radix-ui/react-checkbox/-/react-checkbox-1.1.2.tgz 17499ms (cache miss)
1463 http fetch GET 200 https://registry.npmjs.org/axe-core/-/axe-core-4.10.0.tgz 17635ms (cache miss)
1464 http fetch GET 200 https://registry.npmjs.org/@radix-ui/react-arrow/-/react-arrow-1.1.0.tgz 17595ms (cache miss)
1465 http fetch GET 200 https://registry.npmjs.org/@nodelib/fs.scandir/-/fs.scandir-2.1.5.tgz 17597ms (cache miss)
1466 http fetch GET 200 https://registry.npmjs.org/@radix-ui/react-slider/-/react-slider-1.2.1.tgz 17663ms (cache miss)
1467 http fetch GET 200 https://registry.npmjs.org/@nodelib/fs.stat/-/fs.stat-2.0.5.tgz 17672ms (cache miss)
1468 http fetch GET 200 https://registry.npmjs.org/@nodelib/fs.walk/-/fs.walk-1.2.8.tgz 17675ms (cache miss)
1469 http fetch GET 200 https://registry.npmjs.org/@radix-ui/primitive/-/primitive-1.1.0.tgz 17681ms (cache miss)
1470 http fetch GET 200 https://registry.npmjs.org/@radix-ui/react-alert-dialog/-/react-alert-dialog-1.1.2.tgz 17706ms (cache miss)
1471 http fetch GET 200 https://registry.npmjs.org/@nolyfill/is-core-module/-/is-core-module-1.0.39.tgz 17705ms (cache miss)
1472 http fetch GET 200 https://registry.npmjs.org/@radix-ui/react-toast/-/react-toast-1.2.2.tgz 17788ms (cache miss)
1473 http fetch GET 200 https://registry.npmjs.org/@radix-ui/react-roving-focus/-/react-roving-focus-1.1.0.tgz 17779ms (cache miss)
1474 http fetch GET 200 https://registry.npmjs.org/@radix-ui/number/-/number-1.1.0.tgz 17750ms (cache miss)
1475 http fetch GET 200 https://registry.npmjs.org/@isaacs/cliui/-/cliui-8.0.2.tgz 17742ms (cache miss)
1476 http fetch GET 200 https://registry.npmjs.org/@next/eslint-plugin-next/-/eslint-plugin-next-13.5.1.tgz 17748ms (cache miss)
1477 http fetch GET 200 https://registry.npmjs.org/@humanwhocodes/object-schema/-/object-schema-2.0.3.tgz 17763ms (cache miss)
1478 http fetch GET 200 https://registry.npmjs.org/@jridgewell/set-array/-/set-array-1.2.1.tgz 17794ms (cache miss)
1479 http fetch GET 200 https://registry.npmjs.org/@next/env/-/env-13.5.1.tgz 17800ms (cache miss)
1480 http fetch GET 200 https://registry.npmjs.org/@jridgewell/gen-mapping/-/gen-mapping-0.3.5.tgz 17820ms (cache miss)
1481 http fetch GET 200 https://registry.npmjs.org/@humanwhocodes/module-importer/-/module-importer-1.0.1.tgz 17834ms (cache miss)
1482 http fetch GET 200 https://registry.npmjs.org/@humanwhocodes/config-array/-/config-array-0.11.14.tgz 17842ms (cache miss)
1483 http fetch GET 200 https://registry.npmjs.org/@floating-ui/utils/-/utils-0.2.8.tgz 17842ms (cache miss)
1484 http fetch GET 200 https://registry.npmjs.org/@radix-ui/react-popper/-/react-popper-1.2.0.tgz 17884ms (cache miss)
1485 http fetch GET 200 https://registry.npmjs.org/@radix-ui/react-popover/-/react-popover-1.1.2.tgz 17913ms (cache miss)
1486 warn deprecated @humanwhocodes/config-array@0.11.14: Use @eslint/config-array instead
1487 http fetch GET 200 https://registry.npmjs.org/@floating-ui/react-dom/-/react-dom-2.1.2.tgz 17890ms (cache miss)
1488 http fetch GET 200 https://registry.npmjs.org/@radix-ui/react-menubar/-/react-menubar-1.1.2.tgz 17966ms (cache miss)
1489 http fetch GET 200 https://registry.npmjs.org/@eslint/js/-/js-8.49.0.tgz 17952ms (cache miss)
1490 http fetch GET 200 https://registry.npmjs.org/@radix-ui/react-scroll-area/-/react-scroll-area-1.2.0.tgz 18005ms (cache miss)
1491 http fetch GET 200 https://registry.npmjs.org/@radix-ui/react-hover-card/-/react-hover-card-1.1.2.tgz 18039ms (cache miss)
1492 http fetch GET 200 https://registry.npmjs.org/string-width/-/string-width-4.2.3.tgz 18007ms (cache miss)
1493 http fetch GET 200 https://registry.npmjs.org/strip-ansi/-/strip-ansi-7.1.0.tgz 18014ms (cache miss)
1494 http fetch GET 200 https://registry.npmjs.org/@radix-ui/react-select/-/react-select-2.1.2.tgz 18080ms (cache miss)
1495 http fetch GET 200 https://registry.npmjs.org/@radix-ui/react-collection/-/react-collection-1.1.0.tgz 18060ms (cache miss)
1496 http fetch GET 200 https://registry.npmjs.org/@radix-ui/react-dismissable-layer/-/react-dismissable-layer-1.1.1.tgz 18064ms (cache miss)
1497 http fetch GET 200 https://registry.npmjs.org/ansi-regex/-/ansi-regex-6.1.0.tgz 18037ms (cache miss)
1498 http fetch GET 200 https://registry.npmjs.org/ansi-styles/-/ansi-styles-6.2.1.tgz 18044ms (cache miss)
1499 http fetch GET 200 https://registry.npmjs.org/@radix-ui/react-navigation-menu/-/react-navigation-menu-1.2.1.tgz 18107ms (cache miss)
1500 http fetch GET 200 https://registry.npmjs.org/@radix-ui/react-menu/-/react-menu-2.1.2.tgz 18109ms (cache miss)
1501 http fetch GET 200 https://registry.npmjs.org/@radix-ui/react-avatar/-/react-avatar-1.1.1.tgz 18109ms (cache miss)
1502 http fetch GET 200 https://registry.npmjs.org/@radix-ui/react-context-menu/-/react-context-menu-2.2.2.tgz 18148ms (cache miss)
1503 http fetch GET 200 https://registry.npmjs.org/@radix-ui/react-tooltip/-/react-tooltip-1.1.3.tgz 18154ms (cache miss)
1504 http fetch GET 200 https://registry.npmjs.org/@radix-ui/react-dialog/-/react-dialog-1.1.2.tgz 18176ms (cache miss)
1505 http fetch GET 200 https://registry.npmjs.org/@radix-ui/react-accordion/-/react-accordion-1.2.1.tgz 18184ms (cache miss)
1506 http fetch GET 200 https://registry.npmjs.org/brace-expansion/-/brace-expansion-2.0.1.tgz 18160ms (cache miss)
1507 http fetch GET 200 https://registry.npmjs.org/@jridgewell/resolve-uri/-/resolve-uri-3.1.2.tgz 18192ms (cache miss)
1508 warn deprecated @humanwhocodes/object-schema@2.0.3: Use @eslint/object-schema instead
1509 http fetch GET 200 https://registry.npmjs.org/@alloc/quick-lru/-/quick-lru-5.2.0.tgz 18194ms (cache miss)
1510 http fetch GET 200 https://registry.npmjs.org/d3-array/-/d3-array-3.2.4.tgz 18370ms (cache miss)
1511 http fetch GET 200 https://registry.npmjs.org/@types/react/-/react-18.2.22.tgz 18313ms (cache miss)
1512 http fetch GET 200 https://registry.npmjs.org/emoji-regex/-/emoji-regex-8.0.0.tgz 18275ms (cache miss)
1513 http fetch GET 200 https://registry.npmjs.org/strip-ansi/-/strip-ansi-7.1.0.tgz 18277ms (cache miss)
1514 http fetch GET 200 https://registry.npmjs.org/@typescript-eslint/types/-/types-6.21.0.tgz 18401ms (cache miss)
1515 http fetch GET 200 https://registry.npmjs.org/emoji-regex/-/emoji-regex-8.0.0.tgz 18292ms (cache miss)
1516 http fetch GET 200 https://registry.npmjs.org/ansi-regex/-/ansi-regex-6.1.0.tgz 18288ms (cache miss)
1517 http fetch GET 200 https://registry.npmjs.org/lilconfig/-/lilconfig-3.1.2.tgz 18294ms (cache miss)
1518 http fetch GET 200 https://registry.npmjs.org/@jridgewell/sourcemap-codec/-/sourcemap-codec-1.5.0.tgz 18435ms (cache miss)
1519 http fetch GET 200 https://registry.npmjs.org/@eslint-community/regexpp/-/regexpp-4.11.1.tgz 18451ms (cache miss)
1520 http fetch GET 200 https://registry.npmjs.org/@floating-ui/dom/-/dom-1.6.11.tgz 18507ms (cache miss)
1521 http fetch GET 200 https://registry.npmjs.org/@eslint-community/eslint-utils/-/eslint-utils-4.4.0.tgz 18512ms (cache miss)
1522 http fetch GET 200 https://registry.npmjs.org/@floating-ui/core/-/core-1.6.8.tgz 18529ms (cache miss)
1523 http fetch GET 200 https://registry.npmjs.org/@pkgjs/parseargs/-/parseargs-0.11.0.tgz 18831ms (cache miss)
1524 http fetch GET 200 https://registry.npmjs.org/@jridgewell/trace-mapping/-/trace-mapping-0.3.25.tgz 18928ms (cache miss)
1525 http fetch GET 200 https://registry.npmjs.org/glob-parent/-/glob-parent-5.1.2.tgz 18904ms (cache miss)
1526 http fetch GET 200 https://registry.npmjs.org/d3-shape/-/d3-shape-3.2.0.tgz 19114ms (cache miss)
1527 http fetch GET 200 https://registry.npmjs.org/react-remove-scroll/-/react-remove-scroll-2.5.5.tgz 18922ms (cache miss)
1528 http fetch GET 200 https://registry.npmjs.org/semver/-/semver-6.3.1.tgz 18999ms (cache miss)
1529 http fetch GET 200 https://registry.npmjs.org/semver/-/semver-6.3.1.tgz 19042ms (cache miss)
1530 http fetch GET 200 https://registry.npmjs.org/debug/-/debug-3.2.7.tgz 19093ms (cache miss)
1531 http fetch GET 200 https://registry.npmjs.org/debug/-/debug-3.2.7.tgz 19100ms (cache miss)
1532 http fetch GET 200 https://registry.npmjs.org/@radix-ui/react-use-controllable-state/-/react-use-controllable-state-1.0.1.tgz 19101ms (cache miss)
1533 http fetch GET 200 https://registry.npmjs.org/doctrine/-/doctrine-2.1.0.tgz 19119ms (cache miss)
1534 http fetch GET 200 https://registry.npmjs.org/debug/-/debug-3.2.7.tgz 19119ms (cache miss)
1535 http fetch GET 200 https://registry.npmjs.org/@radix-ui/react-use-callback-ref/-/react-use-callback-ref-1.0.1.tgz 19115ms (cache miss)
1536 http fetch GET 200 https://registry.npmjs.org/doctrine/-/doctrine-2.1.0.tgz 19135ms (cache miss)
1537 http fetch GET 200 https://registry.npmjs.org/@radix-ui/react-use-escape-keydown/-/react-use-escape-keydown-1.0.3.tgz 19159ms (cache miss)
1538 http fetch GET 200 https://registry.npmjs.org/@radix-ui/react-use-layout-effect/-/react-use-layout-effect-1.0.1.tgz 19183ms (cache miss)
1539 http fetch GET 200 https://registry.npmjs.org/@radix-ui/react-slot/-/react-slot-1.0.2.tgz 19194ms (cache miss)
1540 http fetch GET 200 https://registry.npmjs.org/@radix-ui/react-presence/-/react-presence-1.0.1.tgz 19245ms (cache miss)
1541 http fetch GET 200 https://registry.npmjs.org/@radix-ui/react-id/-/react-id-1.0.1.tgz 19272ms (cache miss)
1542 http fetch GET 200 https://registry.npmjs.org/@radix-ui/react-portal/-/react-portal-1.0.4.tgz 19278ms (cache miss)
1543 http fetch GET 200 https://registry.npmjs.org/@radix-ui/react-primitive/-/react-primitive-1.0.3.tgz 19300ms (cache miss)
1544 http fetch GET 200 https://registry.npmjs.org/clsx/-/clsx-2.0.0.tgz 19294ms (cache miss)
1545 http fetch GET 200 https://registry.npmjs.org/glob-parent/-/glob-parent-5.1.2.tgz 19300ms (cache miss)
1546 http fetch GET 200 https://registry.npmjs.org/eslint-import-resolver-typescript/-/eslint-import-resolver-typescript-3.6.3.tgz 19332ms (cache miss)
1547 http fetch GET 200 https://registry.npmjs.org/@radix-ui/react-focus-guards/-/react-focus-guards-1.0.1.tgz 19352ms (cache miss)
1548 http fetch GET 200 https://registry.npmjs.org/brace-expansion/-/brace-expansion-2.0.1.tgz 19346ms (cache miss)
1549 http fetch GET 200 https://registry.npmjs.org/strip-ansi/-/strip-ansi-7.1.0.tgz 19468ms (cache miss)
1550 http fetch GET 200 https://registry.npmjs.org/@radix-ui/react-context/-/react-context-1.0.1.tgz 19515ms (cache miss)
1551 http fetch GET 200 https://registry.npmjs.org/@radix-ui/react-dismissable-layer/-/react-dismissable-layer-1.0.5.tgz 19570ms (cache miss)
1552 http fetch GET 200 https://registry.npmjs.org/@radix-ui/react-focus-scope/-/react-focus-scope-1.0.4.tgz 19584ms (cache miss)
1553 http fetch GET 200 https://registry.npmjs.org/@radix-ui/react-context/-/react-context-1.1.0.tgz 19576ms (cache miss)
1554 http fetch GET 200 https://registry.npmjs.org/@radix-ui/primitive/-/primitive-1.0.1.tgz 19589ms (cache miss)
1555 http fetch GET 200 https://registry.npmjs.org/@radix-ui/react-compose-refs/-/react-compose-refs-1.0.1.tgz 19600ms (cache miss)
1556 http fetch GET 200 https://registry.npmjs.org/ansi-regex/-/ansi-regex-6.1.0.tgz 19570ms (cache miss)
1557 http fetch GET 200 https://registry.npmjs.org/@radix-ui/react-context/-/react-context-1.1.0.tgz 19606ms (cache miss)
1558 http fetch GET 200 https://registry.npmjs.org/@radix-ui/react-context/-/react-context-1.1.0.tgz 19609ms (cache miss)
1559 http fetch GET 200 https://registry.npmjs.org/@radix-ui/react-context/-/react-context-1.1.0.tgz 19610ms (cache miss)
1560 http fetch GET 200 https://registry.npmjs.org/@radix-ui/react-context/-/react-context-1.1.0.tgz 19613ms (cache miss)
1561 http fetch GET 200 https://registry.npmjs.org/@radix-ui/react-collapsible/-/react-collapsible-1.1.1.tgz 19761ms (cache miss)
1562 http fetch GET 200 https://registry.npmjs.org/@eslint/eslintrc/-/eslintrc-2.1.4.tgz 19855ms (cache miss)
1563 http fetch GET 200 https://registry.npmjs.org/@radix-ui/react-dialog/-/react-dialog-1.0.5.tgz 19903ms (cache miss)
1564 http fetch GET 200 https://registry.npmjs.org/es-iterator-helpers/-/es-iterator-helpers-1.1.0.tgz 20299ms (cache miss)
1565 http fetch GET 200 https://registry.npmjs.org/@supabase/functions-js/-/functions-js-2.5.0.tgz 20584ms (cache miss)
1566 http fetch GET 200 https://registry.npmjs.org/autoprefixer/-/autoprefixer-10.4.15.tgz 21031ms (cache miss)
1567 http fetch GET 200 https://registry.npmjs.org/postcss/-/postcss-8.4.14.tgz 20974ms (cache miss)
1568 http fetch GET 200 https://registry.npmjs.org/zod/-/zod-3.21.4.tgz 21050ms (cache miss)
1569 http fetch GET 200 https://registry.npmjs.org/minimatch/-/minimatch-9.0.5.tgz 21676ms (cache miss)
1570 http fetch GET 200 https://registry.npmjs.org/embla-carousel/-/embla-carousel-8.3.0.tgz 21954ms (cache miss)
1571 http fetch GET 200 https://registry.npmjs.org/glob/-/glob-10.4.5.tgz 22078ms (cache miss)
1572 http fetch GET 200 https://registry.npmjs.org/eslint-plugin-import/-/eslint-plugin-import-2.31.0.tgz 22361ms (cache miss)
1573 http fetch GET 200 https://registry.npmjs.org/@supabase/postgrest-js/-/postgrest-js-1.21.4.tgz 22278ms (cache miss)
1574 http fetch GET 200 https://registry.npmjs.org/yaml/-/yaml-2.5.1.tgz 23028ms (cache miss)
1575 http fetch GET 200 https://registry.npmjs.org/ajv/-/ajv-6.12.6.tgz 22797ms (cache miss)
1576 http fetch GET 200 https://registry.npmjs.org/@supabase/supabase-js/-/supabase-js-2.58.0.tgz 22931ms (cache miss)
1577 http fetch GET 200 https://registry.npmjs.org/@rushstack/eslint-patch/-/eslint-patch-1.10.4.tgz 23419ms (cache miss)
1578 http fetch GET 200 https://registry.npmjs.org/sucrase/-/sucrase-3.35.0.tgz 23784ms (cache miss)
1579 http fetch GET 200 https://registry.npmjs.org/react-day-picker/-/react-day-picker-8.10.1.tgz 23867ms (cache miss)
1580 http fetch GET 200 https://registry.npmjs.org/@types/node/-/node-20.6.2.tgz 23640ms (cache miss)
1581 http fetch GET 200 https://registry.npmjs.org/minimatch/-/minimatch-9.0.3.tgz 23608ms (cache miss)
1582 http fetch GET 200 https://registry.npmjs.org/@supabase/realtime-js/-/realtime-js-2.15.5.tgz 23997ms (cache miss)
1583 http fetch GET 200 https://registry.npmjs.org/resolve/-/resolve-2.0.0-next.5.tgz 23951ms (cache miss)
1584 http fetch GET 200 https://registry.npmjs.org/tailwindcss/-/tailwindcss-3.3.3.tgz 24673ms (cache miss)
1585 http fetch GET 200 https://registry.npmjs.org/axobject-query/-/axobject-query-4.1.0.tgz 24474ms (cache miss)
1586 http fetch GET 200 https://registry.npmjs.org/@typescript-eslint/typescript-estree/-/typescript-estree-6.21.0.tgz 24683ms (cache miss)
1587 http fetch GET 200 https://registry.npmjs.org/@supabase/storage-js/-/storage-js-2.12.2.tgz 24747ms (cache miss)
1588 http fetch GET 200 https://registry.npmjs.org/react-hook-form/-/react-hook-form-7.53.0.tgz 25773ms (cache miss)
1589 http fetch GET 200 https://registry.npmjs.org/dom-helpers/-/dom-helpers-5.2.1.tgz 26004ms (cache miss)
1590 http fetch GET 200 https://registry.npmjs.org/victory-vendor/-/victory-vendor-36.9.2.tgz 26417ms (cache miss)
1591 http fetch GET 200 https://registry.npmjs.org/recharts/-/recharts-2.12.7.tgz 26346ms (cache miss)
1592 http fetch GET 200 https://registry.npmjs.org/@supabase/auth-js/-/auth-js-2.72.0.tgz 26410ms (cache miss)
1593 http fetch GET 200 https://registry.npmjs.org/eslint-plugin-jsx-a11y/-/eslint-plugin-jsx-a11y-6.10.0.tgz 26592ms (cache miss)
1594 http fetch GET 200 https://registry.npmjs.org/aria-query/-/aria-query-5.1.3.tgz 26563ms (cache miss)
1595 http fetch GET 200 https://registry.npmjs.org/@babel/runtime/-/runtime-7.25.7.tgz 26560ms (cache miss)
1596 http fetch GET 200 https://registry.npmjs.org/typescript/-/typescript-5.2.2.tgz 27415ms (cache miss)
1597 http fetch GET 200 https://registry.npmjs.org/@swc/helpers/-/helpers-0.5.2.tgz 28090ms (cache miss)
1598 http fetch GET 200 https://registry.npmjs.org/@next/swc-wasm-nodejs/-/swc-wasm-nodejs-13.5.1.tgz 28253ms (cache miss)
1599 http fetch GET 200 https://registry.npmjs.org/eslint-plugin-react/-/eslint-plugin-react-7.37.1.tgz 28486ms (cache miss)
1600 http fetch GET 200 https://registry.npmjs.org/@netlify/plugin-nextjs/-/plugin-nextjs-5.15.1.tgz 28649ms (cache miss)
1601 http fetch GET 200 https://registry.npmjs.org/eslint/-/eslint-8.49.0.tgz 28936ms (cache miss)
1602 warn deprecated eslint@8.49.0: This version is no longer supported. Please see https://eslint.org/version-support for other options.
1603 http fetch GET 200 https://registry.npmjs.org/@hookform/resolvers/-/resolvers-3.9.0.tgz 29212ms (cache miss)
1604 http fetch GET 200 https://registry.npmjs.org/lodash/-/lodash-4.17.21.tgz 31604ms (cache miss)
1605 http fetch GET 200 https://registry.npmjs.org/@typescript-eslint/scope-manager/-/scope-manager-6.21.0.tgz 31882ms (cache miss)
1606 http fetch GET 200 https://registry.npmjs.org/caniuse-lite/-/caniuse-lite-1.0.30001667.tgz 36439ms (cache miss)
1607 http fetch GET 200 https://registry.npmjs.org/@next/swc-win32-x64-msvc/-/swc-win32-x64-msvc-13.5.1.tgz 38738ms (cache miss)
1608 http fetch GET 200 https://registry.npmjs.org/es-abstract/-/es-abstract-1.23.3.tgz 49781ms (cache miss)
1609 http fetch GET 200 https://registry.npmjs.org/lucide-react/-/lucide-react-0.446.0.tgz 69381ms (cache miss)
1610 http fetch GET 200 https://registry.npmjs.org/date-fns/-/date-fns-3.6.0.tgz 70674ms (cache miss)
1611 http fetch GET 200 https://registry.npmjs.org/next/-/next-13.5.1.tgz 81091ms (cache miss)
1612 silly ADD node_modules/zod
1613 silly ADD node_modules/yocto-queue
1614 silly ADD node_modules/yaml
1615 silly ADD node_modules/ws
1616 silly ADD node_modules/wrappy
1617 silly ADD node_modules/wrap-ansi-cjs
1618 silly ADD node_modules/wrap-ansi-cjs/node_modules/string-width
1619 silly ADD node_modules/wrap-ansi-cjs/node_modules/emoji-regex
1620 silly ADD node_modules/wrap-ansi
1621 silly ADD node_modules/wrap-ansi/node_modules/strip-ansi
1622 silly ADD node_modules/wrap-ansi/node_modules/ansi-styles
1623 silly ADD node_modules/wrap-ansi/node_modules/ansi-regex
1624 silly ADD node_modules/word-wrap
1625 silly ADD node_modules/which-typed-array
1626 silly ADD node_modules/which-collection
1627 silly ADD node_modules/which-builtin-type
1628 silly ADD node_modules/which-boxed-primitive
1629 silly ADD node_modules/which
1630 silly ADD node_modules/whatwg-url
1631 silly ADD node_modules/webidl-conversions
1632 silly ADD node_modules/watchpack
1633 silly ADD node_modules/victory-vendor
1634 silly ADD node_modules/vaul
1635 silly ADD node_modules/util-deprecate
1636 silly ADD node_modules/use-sidecar
1637 silly ADD node_modules/use-callback-ref
1638 silly ADD node_modules/uri-js
1639 silly ADD node_modules/update-browserslist-db
1640 silly ADD node_modules/unbox-primitive
1641 silly ADD node_modules/typescript
1642 silly ADD node_modules/typed-array-length
1643 silly ADD node_modules/typed-array-byte-offset
1644 silly ADD node_modules/typed-array-byte-length
1645 silly ADD node_modules/typed-array-buffer
1646 silly ADD node_modules/type-fest
1647 silly ADD node_modules/type-check
1648 silly ADD node_modules/tslib
1649 silly ADD node_modules/tsconfig-paths
1650 silly ADD node_modules/ts-interface-checker
1651 silly ADD node_modules/ts-api-utils
1652 silly ADD node_modules/tr46
1653 silly ADD node_modules/to-regex-range
1654 silly ADD node_modules/tiny-invariant
1655 silly ADD node_modules/thenify-all
1656 silly ADD node_modules/thenify
1657 silly ADD node_modules/text-table
1658 silly ADD node_modules/tapable
1659 silly ADD node_modules/tailwindcss-animate
1660 silly ADD node_modules/tailwindcss
1661 silly ADD node_modules/tailwind-merge
1662 silly ADD node_modules/supports-preserve-symlinks-flag
1663 silly ADD node_modules/supports-color
1664 silly ADD node_modules/sucrase
1665 silly ADD node_modules/sucrase/node_modules/minimatch
1666 silly ADD node_modules/sucrase/node_modules/glob
1667 silly ADD node_modules/sucrase/node_modules/brace-expansion
1668 silly ADD node_modules/styled-jsx
1669 silly ADD node_modules/strip-json-comments
1670 silly ADD node_modules/strip-bom
1671 silly ADD node_modules/strip-ansi-cjs
1672 silly ADD node_modules/strip-ansi
1673 silly ADD node_modules/string.prototype.trimstart
1674 silly ADD node_modules/string.prototype.trimend
1675 silly ADD node_modules/string.prototype.trim
1676 silly ADD node_modules/string.prototype.repeat
1677 silly ADD node_modules/string.prototype.matchall
1678 silly ADD node_modules/string.prototype.includes
1679 silly ADD node_modules/string-width-cjs
1680 silly ADD node_modules/string-width-cjs/node_modules/emoji-regex
1681 silly ADD node_modules/string-width
1682 silly ADD node_modules/string-width/node_modules/strip-ansi
1683 silly ADD node_modules/string-width/node_modules/ansi-regex
1684 silly ADD node_modules/streamsearch
1685 silly ADD node_modules/stop-iteration-iterator
1686 silly ADD node_modules/source-map-js
1687 silly ADD node_modules/sonner
1688 silly ADD node_modules/slash
1689 silly ADD node_modules/signal-exit
1690 silly ADD node_modules/side-channel
1691 silly ADD node_modules/shebang-regex
1692 silly ADD node_modules/shebang-command
1693 silly ADD node_modules/set-function-name
1694 silly ADD node_modules/set-function-length
1695 silly ADD node_modules/semver
1696 silly ADD node_modules/scheduler
1697 silly ADD node_modules/safe-regex-test
1698 silly ADD node_modules/safe-array-concat
1699 silly ADD node_modules/run-parallel
1700 silly ADD node_modules/rimraf
1701 silly ADD node_modules/reusify
1702 silly ADD node_modules/resolve-pkg-maps
1703 silly ADD node_modules/resolve-from
1704 silly ADD node_modules/resolve
1705 silly ADD node_modules/regexp.prototype.flags
1706 silly ADD node_modules/regenerator-runtime
1707 silly ADD node_modules/reflect.getprototypeof
1708 silly ADD node_modules/recharts-scale
1709 silly ADD node_modules/recharts
1710 silly ADD node_modules/readdirp
1711 silly ADD node_modules/read-cache
1712 silly ADD node_modules/react-transition-group
1713 silly ADD node_modules/react-style-singleton
1714 silly ADD node_modules/react-smooth
1715 silly ADD node_modules/react-resizable-panels
1716 silly ADD node_modules/react-remove-scroll-bar
1717 silly ADD node_modules/react-remove-scroll
1718 silly ADD node_modules/react-is
1719 silly ADD node_modules/react-hook-form
1720 silly ADD node_modules/react-dom
1721 silly ADD node_modules/react-day-picker
1722 silly ADD node_modules/react
1723 silly ADD node_modules/queue-microtask
1724 silly ADD node_modules/punycode
1725 silly ADD node_modules/prop-types
1726 silly ADD node_modules/prelude-ls
1727 silly ADD node_modules/postcss-value-parser
1728 silly ADD node_modules/postcss-selector-parser
1729 silly ADD node_modules/postcss-nested
1730 silly ADD node_modules/postcss-load-config
1731 silly ADD node_modules/postcss-load-config/node_modules/lilconfig
1732 silly ADD node_modules/postcss-js
1733 silly ADD node_modules/postcss-import
1734 silly ADD node_modules/postcss
1735 silly ADD node_modules/possible-typed-array-names
1736 silly ADD node_modules/pirates
1737 silly ADD node_modules/pify
1738 silly ADD node_modules/picomatch
1739 silly ADD node_modules/picocolors
1740 silly ADD node_modules/path-type
1741 silly ADD node_modules/path-scurry
1742 silly ADD node_modules/path-parse
1743 silly ADD node_modules/path-key
1744 silly ADD node_modules/path-is-absolute
1745 silly ADD node_modules/path-exists
1746 silly ADD node_modules/parent-module
1747 silly ADD node_modules/package-json-from-dist
1748 silly ADD node_modules/p-locate
1749 silly ADD node_modules/p-limit
1750 silly ADD node_modules/optionator
1751 silly ADD node_modules/once
1752 silly ADD node_modules/object.values
1753 silly ADD node_modules/object.groupby
1754 silly ADD node_modules/object.fromentries
1755 silly ADD node_modules/object.entries
1756 silly ADD node_modules/object.assign
1757 silly ADD node_modules/object-keys
1758 silly ADD node_modules/object-is
1759 silly ADD node_modules/object-inspect
1760 silly ADD node_modules/object-hash
1761 silly ADD node_modules/object-assign
1762 silly ADD node_modules/normalize-range
1763 silly ADD node_modules/normalize-path
1764 silly ADD node_modules/node-releases
1765 silly ADD node_modules/next-themes
1766 silly ADD node_modules/next
1767 silly ADD node_modules/next/node_modules/zod
1768 silly ADD node_modules/next/node_modules/postcss
1769 silly ADD node_modules/natural-compare
1770 silly ADD node_modules/nanoid
1771 silly ADD node_modules/mz
1772 silly ADD node_modules/ms
1773 silly ADD node_modules/minipass
1774 silly ADD node_modules/minimist
1775 silly ADD node_modules/minimatch
1776 silly ADD node_modules/micromatch
1777 silly ADD node_modules/merge2
1778 silly ADD node_modules/lucide-react
1779 silly ADD node_modules/lru-cache
1780 silly ADD node_modules/loose-envify
1781 silly ADD node_modules/lodash.merge
1782 silly ADD node_modules/lodash
1783 silly ADD node_modules/locate-path
1784 silly ADD node_modules/lines-and-columns
1785 silly ADD node_modules/lilconfig
1786 silly ADD node_modules/levn
1787 silly ADD node_modules/language-tags
1788 silly ADD node_modules/language-subtag-registry
1789 silly ADD node_modules/keyv
1790 silly ADD node_modules/jsx-ast-utils
1791 silly ADD node_modules/json5
1792 silly ADD node_modules/json-stable-stringify-without-jsonify
1793 silly ADD node_modules/json-schema-traverse
1794 silly ADD node_modules/json-buffer
1795 silly ADD node_modules/js-yaml
1796 silly ADD node_modules/js-tokens
1797 silly ADD node_modules/jiti
1798 silly ADD node_modules/jackspeak
1799 silly ADD node_modules/iterator.prototype
1800 silly ADD node_modules/isexe
1801 silly ADD node_modules/isarray
1802 silly ADD node_modules/is-weakset
1803 silly ADD node_modules/is-weakref
1804 silly ADD node_modules/is-weakmap
1805 silly ADD node_modules/is-typed-array
1806 silly ADD node_modules/is-symbol
1807 silly ADD node_modules/is-string
1808 silly ADD node_modules/is-shared-array-buffer
1809 silly ADD node_modules/is-set
1810 silly ADD node_modules/is-regex
1811 silly ADD node_modules/is-path-inside
1812 silly ADD node_modules/is-number-object
1813 silly ADD node_modules/is-number
1814 silly ADD node_modules/is-negative-zero
1815 silly ADD node_modules/is-map
1816 silly ADD node_modules/is-glob
1817 silly ADD node_modules/is-generator-function
1818 silly ADD node_modules/is-fullwidth-code-point
1819 silly ADD node_modules/is-finalizationregistry
1820 silly ADD node_modules/is-extglob
1821 silly ADD node_modules/is-date-object
1822 silly ADD node_modules/is-data-view
1823 silly ADD node_modules/is-core-module
1824 silly ADD node_modules/is-callable
1825 silly ADD node_modules/is-bun-module
1826 silly ADD node_modules/is-boolean-object
1827 silly ADD node_modules/is-binary-path
1828 silly ADD node_modules/is-bigint
1829 silly ADD node_modules/is-async-function
1830 silly ADD node_modules/is-array-buffer
1831 silly ADD node_modules/is-arguments
1832 silly ADD node_modules/invariant
1833 silly ADD node_modules/internmap
1834 silly ADD node_modules/internal-slot
1835 silly ADD node_modules/input-otp
1836 silly ADD node_modules/inherits
1837 silly ADD node_modules/inflight
1838 silly ADD node_modules/imurmurhash
1839 silly ADD node_modules/import-fresh
1840 silly ADD node_modules/ignore
1841 silly ADD node_modules/hasown
1842 silly ADD node_modules/has-tostringtag
1843 silly ADD node_modules/has-symbols
1844 silly ADD node_modules/has-proto
1845 silly ADD node_modules/has-property-descriptors
1846 silly ADD node_modules/has-flag
1847 silly ADD node_modules/has-bigints
1848 silly ADD node_modules/graphemer
1849 silly ADD node_modules/graceful-fs
1850 silly ADD node_modules/gopd
1851 silly ADD node_modules/globby
1852 silly ADD node_modules/globalthis
1853 silly ADD node_modules/globals
1854 silly ADD node_modules/glob-to-regexp
1855 silly ADD node_modules/glob-parent
1856 silly ADD node_modules/glob
1857 silly ADD node_modules/get-tsconfig
1858 silly ADD node_modules/get-symbol-description
1859 silly ADD node_modules/get-nonce
1860 silly ADD node_modules/get-intrinsic
1861 silly ADD node_modules/functions-have-names
1862 silly ADD node_modules/function.prototype.name
1863 silly ADD node_modules/function-bind
1864 silly ADD node_modules/fs.realpath
1865 silly ADD node_modules/fraction.js
1866 silly ADD node_modules/foreground-child
1867 silly ADD node_modules/for-each
1868 silly ADD node_modules/flatted
1869 silly ADD node_modules/flat-cache
1870 silly ADD node_modules/find-up
1871 silly ADD node_modules/fill-range
1872 silly ADD node_modules/file-entry-cache
1873 silly ADD node_modules/fastq
1874 silly ADD node_modules/fast-levenshtein
1875 silly ADD node_modules/fast-json-stable-stringify
1876 silly ADD node_modules/fast-glob
1877 silly ADD node_modules/fast-glob/node_modules/glob-parent
1878 silly ADD node_modules/fast-equals
1879 silly ADD node_modules/fast-deep-equal
1880 silly ADD node_modules/eventemitter3
1881 silly ADD node_modules/esutils
1882 silly ADD node_modules/estraverse
1883 silly ADD node_modules/esrecurse
1884 silly ADD node_modules/esquery
1885 silly ADD node_modules/espree
1886 silly ADD node_modules/eslint-visitor-keys
1887 silly ADD node_modules/eslint-scope
1888 silly ADD node_modules/eslint-plugin-react-hooks
1889 silly ADD node_modules/eslint-plugin-react
1890 silly ADD node_modules/eslint-plugin-react/node_modules/semver
1891 silly ADD node_modules/eslint-plugin-react/node_modules/resolve
1892 silly ADD node_modules/eslint-plugin-react/node_modules/doctrine
1893 silly ADD node_modules/eslint-plugin-jsx-a11y
1894 silly ADD node_modules/eslint-plugin-import
1895 silly ADD node_modules/eslint-plugin-import/node_modules/semver
1896 silly ADD node_modules/eslint-plugin-import/node_modules/doctrine
1897 silly ADD node_modules/eslint-plugin-import/node_modules/debug
1898 silly ADD node_modules/eslint-module-utils
1899 silly ADD node_modules/eslint-module-utils/node_modules/debug
1900 silly ADD node_modules/eslint-import-resolver-node
1901 silly ADD node_modules/eslint-import-resolver-node/node_modules/debug
1902 silly ADD node_modules/eslint-config-next
1903 silly ADD node_modules/eslint-config-next/node_modules/eslint-import-resolver-typescript
1904 silly ADD node_modules/eslint
1905 silly ADD node_modules/escape-string-regexp
1906 silly ADD node_modules/escalade
1907 silly ADD node_modules/es-to-primitive
1908 silly ADD node_modules/es-shim-unscopables
1909 silly ADD node_modules/es-set-tostringtag
1910 silly ADD node_modules/es-object-atoms
1911 silly ADD node_modules/es-iterator-helpers
1912 silly ADD node_modules/es-get-iterator
1913 silly ADD node_modules/es-errors
1914 silly ADD node_modules/es-define-property
1915 silly ADD node_modules/es-abstract
1916 silly ADD node_modules/enhanced-resolve
1917 silly ADD node_modules/emoji-regex
1918 silly ADD node_modules/embla-carousel-reactive-utils
1919 silly ADD node_modules/embla-carousel-react
1920 silly ADD node_modules/embla-carousel
1921 silly ADD node_modules/electron-to-chromium
1922 silly ADD node_modules/eastasianwidth
1923 silly ADD node_modules/dom-helpers
1924 silly ADD node_modules/doctrine
1925 silly ADD node_modules/dlv
1926 silly ADD node_modules/dir-glob
1927 silly ADD node_modules/didyoumean
1928 silly ADD node_modules/detect-node-es
1929 silly ADD node_modules/define-properties
1930 silly ADD node_modules/define-data-property
1931 silly ADD node_modules/deep-is
1932 silly ADD node_modules/deep-equal
1933 silly ADD node_modules/decimal.js-light
1934 silly ADD node_modules/debug
1935 silly ADD node_modules/date-fns
1936 silly ADD node_modules/data-view-byte-offset
1937 silly ADD node_modules/data-view-byte-length
1938 silly ADD node_modules/data-view-buffer
1939 silly ADD node_modules/damerau-levenshtein
1940 silly ADD node_modules/d3-timer
1941 silly ADD node_modules/d3-time-format
1942 silly ADD node_modules/d3-time
1943 silly ADD node_modules/d3-shape
1944 silly ADD node_modules/d3-scale
1945 silly ADD node_modules/d3-path
1946 silly ADD node_modules/d3-interpolate
1947 silly ADD node_modules/d3-format
1948 silly ADD node_modules/d3-ease
1949 silly ADD node_modules/d3-color
1950 silly ADD node_modules/d3-array
1951 silly ADD node_modules/csstype
1952 silly ADD node_modules/cssesc
1953 silly ADD node_modules/cross-spawn
1954 silly ADD node_modules/concat-map
1955 silly ADD node_modules/commander
1956 silly ADD node_modules/color-name
1957 silly ADD node_modules/color-convert
1958 silly ADD node_modules/cmdk
1959 silly ADD node_modules/cmdk/node_modules/react-remove-scroll
1960 silly ADD node_modules/cmdk/node_modules/@radix-ui/react-use-layout-effect
1961 silly ADD node_modules/cmdk/node_modules/@radix-ui/react-use-escape-keydown
1962 silly ADD node_modules/cmdk/node_modules/@radix-ui/react-use-controllable-state
1963 silly ADD node_modules/cmdk/node_modules/@radix-ui/react-use-callback-ref
1964 silly ADD node_modules/cmdk/node_modules/@radix-ui/react-slot
1965 silly ADD node_modules/cmdk/node_modules/@radix-ui/react-primitive
1966 silly ADD node_modules/cmdk/node_modules/@radix-ui/react-presence
1967 silly ADD node_modules/cmdk/node_modules/@radix-ui/react-portal
1968 silly ADD node_modules/cmdk/node_modules/@radix-ui/react-id
1969 silly ADD node_modules/cmdk/node_modules/@radix-ui/react-focus-scope
1970 silly ADD node_modules/cmdk/node_modules/@radix-ui/react-focus-guards
1971 silly ADD node_modules/cmdk/node_modules/@radix-ui/react-dismissable-layer
1972 silly ADD node_modules/cmdk/node_modules/@radix-ui/react-dialog
1973 silly ADD node_modules/cmdk/node_modules/@radix-ui/react-context
1974 silly ADD node_modules/cmdk/node_modules/@radix-ui/react-compose-refs
1975 silly ADD node_modules/cmdk/node_modules/@radix-ui/primitive
1976 silly ADD node_modules/clsx
1977 silly ADD node_modules/client-only
1978 silly ADD node_modules/class-variance-authority
1979 silly ADD node_modules/class-variance-authority/node_modules/clsx
1980 silly ADD node_modules/chokidar
1981 silly ADD node_modules/chokidar/node_modules/glob-parent
1982 silly ADD node_modules/chalk
1983 silly ADD node_modules/caniuse-lite
1984 silly ADD node_modules/camelcase-css
1985 silly ADD node_modules/callsites
1986 silly ADD node_modules/call-bind
1987 silly ADD node_modules/busboy
1988 silly ADD node_modules/browserslist
1989 silly ADD node_modules/braces
1990 silly ADD node_modules/brace-expansion
1991 silly ADD node_modules/binary-extensions
1992 silly ADD node_modules/balanced-match
1993 silly ADD node_modules/axobject-query
1994 silly ADD node_modules/axe-core
1995 silly ADD node_modules/available-typed-arrays
1996 silly ADD node_modules/autoprefixer
1997 silly ADD node_modules/ast-types-flow
1998 silly ADD node_modules/arraybuffer.prototype.slice
1999 silly ADD node_modules/array.prototype.tosorted
2000 silly ADD node_modules/array.prototype.flatmap
2001 silly ADD node_modules/array.prototype.flat
2002 silly ADD node_modules/array.prototype.findlastindex
2003 silly ADD node_modules/array.prototype.findlast
2004 silly ADD node_modules/array-union
2005 silly ADD node_modules/array-includes
2006 silly ADD node_modules/array-buffer-byte-length
2007 silly ADD node_modules/aria-query
2008 silly ADD node_modules/aria-hidden
2009 silly ADD node_modules/argparse
2010 silly ADD node_modules/arg
2011 silly ADD node_modules/anymatch
2012 silly ADD node_modules/any-promise
2013 silly ADD node_modules/ansi-styles
2014 silly ADD node_modules/ansi-regex
2015 silly ADD node_modules/ajv
2016 silly ADD node_modules/acorn-jsx
2017 silly ADD node_modules/acorn
2018 silly ADD node_modules/@typescript-eslint/visitor-keys
2019 silly ADD node_modules/@typescript-eslint/typescript-estree
2020 silly ADD node_modules/@typescript-eslint/typescript-estree/node_modules/minimatch
2021 silly ADD node_modules/@typescript-eslint/typescript-estree/node_modules/brace-expansion
2022 silly ADD node_modules/@typescript-eslint/types
2023 silly ADD node_modules/@typescript-eslint/scope-manager
2024 silly ADD node_modules/@typescript-eslint/parser
2025 silly ADD node_modules/@types/ws
2026 silly ADD node_modules/@types/scheduler
2027 silly ADD node_modules/@types/react-dom
2028 silly ADD node_modules/@types/react
2029 silly ADD node_modules/@types/prop-types
2030 silly ADD node_modules/@types/phoenix
2031 silly ADD node_modules/@types/node
2032 silly ADD node_modules/@types/json5
2033 silly ADD node_modules/@types/d3-timer
2034 silly ADD node_modules/@types/d3-time
2035 silly ADD node_modules/@types/d3-shape
2036 silly ADD node_modules/@types/d3-scale
2037 silly ADD node_modules/@types/d3-path
2038 silly ADD node_modules/@types/d3-interpolate
2039 silly ADD node_modules/@types/d3-ease
2040 silly ADD node_modules/@types/d3-color
2041 silly ADD node_modules/@types/d3-array
2042 silly ADD node_modules/@swc/helpers
2043 silly ADD node_modules/@supabase/supabase-js
2044 silly ADD node_modules/@supabase/storage-js
2045 silly ADD node_modules/@supabase/realtime-js
2046 silly ADD node_modules/@supabase/postgrest-js
2047 silly ADD node_modules/@supabase/node-fetch
2048 silly ADD node_modules/@supabase/functions-js
2049 silly ADD node_modules/@supabase/auth-js
2050 silly ADD node_modules/@rushstack/eslint-patch
2051 silly ADD node_modules/@rtsao/scc
2052 silly ADD node_modules/@radix-ui/rect
2053 silly ADD node_modules/@radix-ui/react-visually-hidden
2054 silly ADD node_modules/@radix-ui/react-use-size
2055 silly ADD node_modules/@radix-ui/react-use-rect
2056 silly ADD node_modules/@radix-ui/react-use-previous
2057 silly ADD node_modules/@radix-ui/react-use-layout-effect
2058 silly ADD node_modules/@radix-ui/react-use-escape-keydown
2059 silly ADD node_modules/@radix-ui/react-use-controllable-state
2060 silly ADD node_modules/@radix-ui/react-use-callback-ref
2061 silly ADD node_modules/@radix-ui/react-tooltip
2062 silly ADD node_modules/@radix-ui/react-toggle-group
2063 silly ADD node_modules/@radix-ui/react-toggle-group/node_modules/@radix-ui/react-context
2064 silly ADD node_modules/@radix-ui/react-toggle
2065 silly ADD node_modules/@radix-ui/react-toast
2066 silly ADD node_modules/@radix-ui/react-tabs
2067 silly ADD node_modules/@radix-ui/react-switch
2068 silly ADD node_modules/@radix-ui/react-slot
2069 silly ADD node_modules/@radix-ui/react-slider
2070 silly ADD node_modules/@radix-ui/react-separator
2071 silly ADD node_modules/@radix-ui/react-select
2072 silly ADD node_modules/@radix-ui/react-scroll-area
2073 silly ADD node_modules/@radix-ui/react-roving-focus
2074 silly ADD node_modules/@radix-ui/react-roving-focus/node_modules/@radix-ui/react-context
2075 silly ADD node_modules/@radix-ui/react-radio-group
2076 silly ADD node_modules/@radix-ui/react-progress
2077 silly ADD node_modules/@radix-ui/react-progress/node_modules/@radix-ui/react-context
2078 silly ADD node_modules/@radix-ui/react-primitive
2079 silly ADD node_modules/@radix-ui/react-presence
2080 silly ADD node_modules/@radix-ui/react-portal
2081 silly ADD node_modules/@radix-ui/react-popper
2082 silly ADD node_modules/@radix-ui/react-popper/node_modules/@radix-ui/react-context
2083 silly ADD node_modules/@radix-ui/react-popover
2084 silly ADD node_modules/@radix-ui/react-navigation-menu
2085 silly ADD node_modules/@radix-ui/react-menubar
2086 silly ADD node_modules/@radix-ui/react-menu
2087 silly ADD node_modules/@radix-ui/react-label
2088 silly ADD node_modules/@radix-ui/react-id
2089 silly ADD node_modules/@radix-ui/react-hover-card
2090 silly ADD node_modules/@radix-ui/react-focus-scope
2091 silly ADD node_modules/@radix-ui/react-focus-guards
2092 silly ADD node_modules/@radix-ui/react-dropdown-menu
2093 silly ADD node_modules/@radix-ui/react-dismissable-layer
2094 silly ADD node_modules/@radix-ui/react-direction
2095 silly ADD node_modules/@radix-ui/react-dialog
2096 silly ADD node_modules/@radix-ui/react-context-menu
2097 silly ADD node_modules/@radix-ui/react-context
2098 silly ADD node_modules/@radix-ui/react-compose-refs
2099 silly ADD node_modules/@radix-ui/react-collection
2100 silly ADD node_modules/@radix-ui/react-collection/node_modules/@radix-ui/react-context
2101 silly ADD node_modules/@radix-ui/react-collapsible
2102 silly ADD node_modules/@radix-ui/react-checkbox
2103 silly ADD node_modules/@radix-ui/react-avatar
2104 silly ADD node_modules/@radix-ui/react-aspect-ratio
2105 silly ADD node_modules/@radix-ui/react-arrow
2106 silly ADD node_modules/@radix-ui/react-alert-dialog
2107 silly ADD node_modules/@radix-ui/react-accordion
2108 silly ADD node_modules/@radix-ui/primitive
2109 silly ADD node_modules/@radix-ui/number
2110 silly ADD node_modules/@pkgjs/parseargs
2111 silly ADD node_modules/@nolyfill/is-core-module
2112 silly ADD node_modules/@nodelib/fs.walk
2113 silly ADD node_modules/@nodelib/fs.stat
2114 silly ADD node_modules/@nodelib/fs.scandir
2115 silly ADD node_modules/@next/swc-win32-x64-msvc
2116 silly ADD node_modules/@next/swc-wasm-nodejs
2117 silly ADD node_modules/@next/eslint-plugin-next
2118 silly ADD node_modules/@next/env
2119 silly ADD node_modules/@netlify/plugin-nextjs
2120 silly ADD node_modules/@jridgewell/trace-mapping
2121 silly ADD node_modules/@jridgewell/sourcemap-codec
2122 silly ADD node_modules/@jridgewell/set-array
2123 silly ADD node_modules/@jridgewell/resolve-uri
2124 silly ADD node_modules/@jridgewell/gen-mapping
2125 silly ADD node_modules/@isaacs/cliui
2126 silly ADD node_modules/@isaacs/cliui/node_modules/strip-ansi
2127 silly ADD node_modules/@isaacs/cliui/node_modules/ansi-regex
2128 silly ADD node_modules/@humanwhocodes/object-schema
2129 silly ADD node_modules/@humanwhocodes/module-importer
2130 silly ADD node_modules/@humanwhocodes/config-array
2131 silly ADD node_modules/@hookform/resolvers
2132 silly ADD node_modules/@floating-ui/utils
2133 silly ADD node_modules/@floating-ui/react-dom
2134 silly ADD node_modules/@floating-ui/dom
2135 silly ADD node_modules/@floating-ui/core
2136 silly ADD node_modules/@eslint/js
2137 silly ADD node_modules/@eslint/eslintrc
2138 silly ADD node_modules/@eslint-community/regexpp
2139 silly ADD node_modules/@eslint-community/eslint-utils
2140 silly ADD node_modules/@babel/runtime
2141 silly ADD node_modules/@alloc/quick-lru
2142 verbose cwd C:\Users\Admin\Downloads\project
2143 verbose os Windows_NT 10.0.19045
2144 verbose node v26.5.0
2145 verbose npm  v11.17.0
2146 verbose exit 0
2147 info ok
