0 verbose cli C:\Program Files\nodejs\node.exe C:\Program Files\nodejs\node_modules\npm\bin\npm-cli.js
1 info using npm@11.17.0
2 info using node@v26.5.0
3 silly config load:file:C:\Program Files\nodejs\node_modules\npm\npmrc
4 silly config load:file:C:\Users\Admin\Downloads\project\.npmrc
5 silly config load:file:C:\Users\Admin\.npmrc
6 silly config load:file:C:\Users\Admin\AppData\Roaming\npm\etc\npmrc
7 verbose title npm ci
8 verbose argv "ci" "--cache" ".npm-cache"
9 verbose logfile logs-max:10 dir:C:\Users\Admin\Downloads\project\.npm-cache\_logs\2026-07-14T21_29_59_600Z-
10 verbose logfile C:\Users\Admin\Downloads\project\.npm-cache\_logs\2026-07-14T21_29_59_600Z-debug-0.log
11 silly logfile done cleaning log files
12 silly packumentCache heap:2248146944 maxSize:562036736 maxEntrySize:281018368
13 silly packumentCache heap:2248146944 maxSize:562036736 maxEntrySize:281018368
14 silly idealTree buildDeps
15 http fetch GET https://registry.npmjs.org/npm attempt 1 failed with EACCES
16 silly reify moves {}
17 silly audit bulk request {
17 silly audit   '@alloc/quick-lru': [ '5.2.0' ],
17 silly audit   '@babel/runtime': [ '7.25.7' ],
17 silly audit   '@eslint-community/eslint-utils': [ '4.4.0' ],
17 silly audit   '@eslint-community/regexpp': [ '4.11.1' ],
17 silly audit   '@eslint/eslintrc': [ '2.1.4' ],
17 silly audit   '@eslint/js': [ '8.49.0' ],
17 silly audit   '@floating-ui/core': [ '1.6.8' ],
17 silly audit   '@floating-ui/dom': [ '1.6.11' ],
17 silly audit   '@floating-ui/react-dom': [ '2.1.2' ],
17 silly audit   '@floating-ui/utils': [ '0.2.8' ],
17 silly audit   '@hookform/resolvers': [ '3.9.0' ],
17 silly audit   '@humanwhocodes/config-array': [ '0.11.14' ],
17 silly audit   '@humanwhocodes/module-importer': [ '1.0.1' ],
17 silly audit   '@humanwhocodes/object-schema': [ '2.0.3' ],
17 silly audit   '@isaacs/cliui': [ '8.0.2' ],
17 silly audit   'ansi-regex': [ '6.1.0', '5.0.1' ],
17 silly audit   'strip-ansi': [ '7.1.0', '6.0.1' ],
17 silly audit   '@jridgewell/gen-mapping': [ '0.3.5' ],
17 silly audit   '@jridgewell/resolve-uri': [ '3.1.2' ],
17 silly audit   '@jridgewell/set-array': [ '1.2.1' ],
17 silly audit   '@jridgewell/sourcemap-codec': [ '1.5.0' ],
17 silly audit   '@jridgewell/trace-mapping': [ '0.3.25' ],
17 silly audit   '@netlify/plugin-nextjs': [ '5.15.1' ],
17 silly audit   '@next/env': [ '13.5.1' ],
17 silly audit   '@next/eslint-plugin-next': [ '13.5.1' ],
17 silly audit   '@next/swc-darwin-arm64': [ '13.5.1' ],
17 silly audit   '@next/swc-darwin-x64': [ '13.5.1' ],
17 silly audit   '@next/swc-linux-arm64-gnu': [ '13.5.1' ],
17 silly audit   '@next/swc-linux-arm64-musl': [ '13.5.1' ],
17 silly audit   '@next/swc-linux-x64-gnu': [ '13.5.1' ],
17 silly audit   '@next/swc-linux-x64-musl': [ '13.5.1' ],
17 silly audit   '@next/swc-wasm-nodejs': [ '13.5.1' ],
17 silly audit   '@next/swc-win32-arm64-msvc': [ '13.5.1' ],
17 silly audit   '@next/swc-win32-ia32-msvc': [ '13.5.1' ],
17 silly audit   '@next/swc-win32-x64-msvc': [ '13.5.1' ],
17 silly audit   '@nodelib/fs.scandir': [ '2.1.5' ],
17 silly audit   '@nodelib/fs.stat': [ '2.0.5' ],
17 silly audit   '@nodelib/fs.walk': [ '1.2.8' ],
17 silly audit   '@nolyfill/is-core-module': [ '1.0.39' ],
17 silly audit   '@pkgjs/parseargs': [ '0.11.0' ],
17 silly audit   '@radix-ui/number': [ '1.1.0' ],
17 silly audit   '@radix-ui/primitive': [ '1.1.0', '1.0.1' ],
17 silly audit   '@radix-ui/react-accordion': [ '1.2.1' ],
17 silly audit   '@radix-ui/react-alert-dialog': [ '1.1.2' ],
17 silly audit   '@radix-ui/react-arrow': [ '1.1.0' ],
17 silly audit   '@radix-ui/react-aspect-ratio': [ '1.1.0' ],
17 silly audit   '@radix-ui/react-avatar': [ '1.1.1' ],
17 silly audit   '@radix-ui/react-checkbox': [ '1.1.2' ],
17 silly audit   '@radix-ui/react-collapsible': [ '1.1.1' ],
17 silly audit   '@radix-ui/react-collection': [ '1.1.0' ],
17 silly audit   '@radix-ui/react-context': [ '1.1.0', '1.1.1', '1.0.1' ],
17 silly audit   '@radix-ui/react-compose-refs': [ '1.1.0', '1.0.1' ],
17 silly audit   '@radix-ui/react-context-menu': [ '2.2.2' ],
17 silly audit   '@radix-ui/react-dialog': [ '1.1.2', '1.0.5' ],
17 silly audit   '@radix-ui/react-direction': [ '1.1.0' ],
17 silly audit   '@radix-ui/react-dismissable-layer': [ '1.1.1', '1.0.5' ],
17 silly audit   '@radix-ui/react-dropdown-menu': [ '2.1.2' ],
17 silly audit   '@radix-ui/react-focus-guards': [ '1.1.1', '1.0.1' ],
17 silly audit   '@radix-ui/react-focus-scope': [ '1.1.0', '1.0.4' ],
17 silly audit   '@radix-ui/react-hover-card': [ '1.1.2' ],
17 silly audit   '@radix-ui/react-id': [ '1.1.0', '1.0.1' ],
17 silly audit   '@radix-ui/react-label': [ '2.1.0' ],
17 silly audit   '@radix-ui/react-menu': [ '2.1.2' ],
17 silly audit   '@radix-ui/react-menubar': [ '1.1.2' ],
17 silly audit   '@radix-ui/react-navigation-menu': [ '1.2.1' ],
17 silly audit   '@radix-ui/react-popover': [ '1.1.2' ],
17 silly audit   '@radix-ui/react-popper': [ '1.2.0' ],
17 silly audit   '@radix-ui/react-portal': [ '1.1.2', '1.0.4' ],
17 silly audit   '@radix-ui/react-presence': [ '1.1.1', '1.0.1' ],
17 silly audit   '@radix-ui/react-primitive': [ '2.0.0', '1.0.3' ],
17 silly audit   '@radix-ui/react-progress': [ '1.1.0' ],
17 silly audit   '@radix-ui/react-radio-group': [ '1.2.1' ],
17 silly audit   '@radix-ui/react-roving-focus': [ '1.1.0' ],
17 silly audit   '@radix-ui/react-scroll-area': [ '1.2.0' ],
17 silly audit   '@radix-ui/react-select': [ '2.1.2' ],
17 silly audit   '@radix-ui/react-separator': [ '1.1.0' ],
17 silly audit   '@radix-ui/react-slider': [ '1.2.1' ],
17 silly audit   '@radix-ui/react-slot': [ '1.1.0', '1.0.2' ],
17 silly audit   '@radix-ui/react-switch': [ '1.1.1' ],
17 silly audit   '@radix-ui/react-tabs': [ '1.1.1' ],
17 silly audit   '@radix-ui/react-toast': [ '1.2.2' ],
17 silly audit   '@radix-ui/react-toggle': [ '1.1.0' ],
17 silly audit   '@radix-ui/react-toggle-group': [ '1.1.0' ],
17 silly audit   '@radix-ui/react-tooltip': [ '1.1.3' ],
17 silly audit   '@radix-ui/react-use-callback-ref': [ '1.1.0', '1.0.1' ],
17 silly audit   '@radix-ui/react-use-controllable-state': [ '1.1.0', '1.0.1' ],
17 silly audit   '@radix-ui/react-use-escape-keydown': [ '1.1.0', '1.0.3' ],
17 silly audit   '@radix-ui/react-use-layout-effect': [ '1.1.0', '1.0.1' ],
17 silly audit   '@radix-ui/react-use-previous': [ '1.1.0' ],
17 silly audit   '@radix-ui/react-use-rect': [ '1.1.0' ],
17 silly audit   '@radix-ui/react-use-size': [ '1.1.0' ],
17 silly audit   '@radix-ui/react-visually-hidden': [ '1.1.0' ],
17 silly audit   '@radix-ui/rect': [ '1.1.0' ],
17 silly audit   '@rtsao/scc': [ '1.1.0' ],
17 silly audit   '@rushstack/eslint-patch': [ '1.10.4' ],
17 silly audit   '@supabase/auth-js': [ '2.72.0' ],
17 silly audit   '@supabase/functions-js': [ '2.5.0' ],
17 silly audit   '@supabase/node-fetch': [ '2.6.15' ],
17 silly audit   '@supabase/postgrest-js': [ '1.21.4' ],
17 silly audit   '@supabase/realtime-js': [ '2.15.5' ],
17 silly audit   '@supabase/storage-js': [ '2.12.2' ],
17 silly audit   '@supabase/supabase-js': [ '2.58.0' ],
17 silly audit   '@swc/helpers': [ '0.5.2' ],
17 silly audit   '@types/d3-array': [ '3.2.1' ],
17 silly audit   '@types/d3-color': [ '3.1.3' ],
17 silly audit   '@types/d3-ease': [ '3.0.2' ],
17 silly audit   '@types/d3-interpolate': [ '3.0.4' ],
17 silly audit   '@types/d3-path': [ '3.1.0' ],
17 silly audit   '@types/d3-scale': [ '4.0.8' ],
17 silly audit   '@types/d3-shape': [ '3.1.6' ],
17 silly audit   '@types/d3-time': [ '3.0.3' ],
17 silly audit   '@types/d3-timer': [ '3.0.2' ],
17 silly audit   '@types/json5': [ '0.0.29' ],
17 silly audit   '@types/node': [ '20.6.2' ],
17 silly audit   '@types/phoenix': [ '1.6.6' ],
17 silly audit   '@types/prop-types': [ '15.7.13' ],
17 silly audit   '@types/react': [ '18.2.22' ],
17 silly audit   '@types/react-dom': [ '18.2.7' ],
17 silly audit   '@types/scheduler': [ '0.23.0' ],
17 silly audit   '@types/ws': [ '8.18.1' ],
17 silly audit   '@typescript-eslint/parser': [ '6.21.0' ],
17 silly audit   '@typescript-eslint/scope-manager': [ '6.21.0' ],
17 silly audit   '@typescript-eslint/types': [ '6.21.0' ],
17 silly audit   '@typescript-eslint/typescript-estree': [ '6.21.0' ],
17 silly audit   'brace-expansion': [ '2.0.1', '1.1.11' ],
17 silly audit   minimatch: [ '9.0.3', '3.1.2', '9.0.5' ],
17 silly audit   '@typescript-eslint/visitor-keys': [ '6.21.0' ],
17 silly audit   acorn: [ '8.12.1' ],
17 silly audit   'acorn-jsx': [ '5.3.2' ],
17 silly audit   ajv: [ '6.12.6' ],
17 silly audit   'ansi-styles': [ '4.3.0', '6.2.1' ],
17 silly audit   'any-promise': [ '1.3.0' ],
17 silly audit   anymatch: [ '3.1.3' ],
17 silly audit   arg: [ '5.0.2' ],
17 silly audit   argparse: [ '2.0.1' ],
17 silly audit   'aria-hidden': [ '1.2.4' ],
17 silly audit   'aria-query': [ '5.1.3' ],
17 silly audit   'array-buffer-byte-length': [ '1.0.1' ],
17 silly audit   'array-includes': [ '3.1.8' ],
17 silly audit   'array-union': [ '2.1.0' ],
17 silly audit   'array.prototype.findlast': [ '1.2.5' ],
17 silly audit   'array.prototype.findlastindex': [ '1.2.5' ],
17 silly audit   'array.prototype.flat': [ '1.3.2' ],
17 silly audit   'array.prototype.flatmap': [ '1.3.2' ],
17 silly audit   'array.prototype.tosorted': [ '1.1.4' ],
17 silly audit   'arraybuffer.prototype.slice': [ '1.0.3' ],
17 silly audit   'ast-types-flow': [ '0.0.8' ],
17 silly audit   autoprefixer: [ '10.4.15' ],
17 silly audit   'available-typed-arrays': [ '1.0.7' ],
17 silly audit   'axe-core': [ '4.10.0' ],
17 silly audit   'axobject-query': [ '4.1.0' ],
17 silly audit   'balanced-match': [ '1.0.2' ],
17 silly audit   'binary-extensions': [ '2.3.0' ],
17 silly audit   braces: [ '3.0.3' ],
17 silly audit   browserslist: [ '4.24.0' ],
17 silly audit   busboy: [ '1.6.0' ],
17 silly audit   'call-bind': [ '1.0.7' ],
17 silly audit   callsites: [ '3.1.0' ],
17 silly audit   'camelcase-css': [ '2.0.1' ],
17 silly audit   'caniuse-lite': [ '1.0.30001667' ],
17 silly audit   chalk: [ '4.1.2' ],
17 silly audit   chokidar: [ '3.6.0' ],
17 silly audit   'glob-parent': [ '5.1.2', '6.0.2' ],
17 silly audit   'class-variance-authority': [ '0.7.0' ],
17 silly audit   clsx: [ '2.0.0', '2.1.1' ],
17 silly audit   'client-only': [ '0.0.1' ],
17 silly audit   cmdk: [ '1.0.0' ],
17 silly audit   'react-remove-scroll': [ '2.5.5', '2.6.0' ],
17 silly audit   'color-convert': [ '2.0.1' ],
17 silly audit   'color-name': [ '1.1.4' ],
17 silly audit   commander: [ '4.1.1' ],
17 silly audit   'concat-map': [ '0.0.1' ],
17 silly audit   'cross-spawn': [ '7.0.3' ],
17 silly audit   cssesc: [ '3.0.0' ],
17 silly audit   csstype: [ '3.1.3' ],
17 silly audit   'd3-array': [ '3.2.4' ],
17 silly audit   'd3-color': [ '3.1.0' ],
17 silly audit   'd3-ease': [ '3.0.1' ],
17 silly audit   'd3-format': [ '3.1.0' ],
17 silly audit   'd3-interpolate': [ '3.0.1' ],
17 silly audit   'd3-path': [ '3.1.0' ],
17 silly audit   'd3-scale': [ '4.0.2' ],
17 silly audit   'd3-shape': [ '3.2.0' ],
17 silly audit   'd3-time': [ '3.1.0' ],
17 silly audit   'd3-time-format': [ '4.1.0' ],
17 silly audit   'd3-timer': [ '3.0.1' ],
17 silly audit   'damerau-levenshtein': [ '1.0.8' ],
17 silly audit   'data-view-buffer': [ '1.0.1' ],
17 silly audit   'data-view-byte-length': [ '1.0.1' ],
17 silly audit   'data-view-byte-offset': [ '1.0.0' ],
17 silly audit   'date-fns': [ '3.6.0' ],
17 silly audit   debug: [ '4.3.7', '3.2.7' ],
17 silly audit   'decimal.js-light': [ '2.5.1' ],
17 silly audit   'deep-equal': [ '2.2.3' ],
17 silly audit   'deep-is': [ '0.1.4' ],
17 silly audit   'define-data-property': [ '1.1.4' ],
17 silly audit   'define-properties': [ '1.2.1' ],
17 silly audit   'detect-node-es': [ '1.1.0' ],
17 silly audit   didyoumean: [ '1.2.2' ],
17 silly audit   'dir-glob': [ '3.0.1' ],
17 silly audit   dlv: [ '1.1.3' ],
17 silly audit   doctrine: [ '3.0.0', '2.1.0' ],
17 silly audit   'dom-helpers': [ '5.2.1' ],
17 silly audit   eastasianwidth: [ '0.2.0' ],
17 silly audit   'electron-to-chromium': [ '1.5.34' ],
17 silly audit   'embla-carousel': [ '8.3.0' ],
17 silly audit   'embla-carousel-react': [ '8.3.0' ],
17 silly audit   'embla-carousel-reactive-utils': [ '8.3.0' ],
17 silly audit   'emoji-regex': [ '9.2.2', '8.0.0' ],
17 silly audit   'enhanced-resolve': [ '5.17.1' ],
17 silly audit   'es-abstract': [ '1.23.3' ],
17 silly audit   'es-define-property': [ '1.0.0' ],
17 silly audit   'es-errors': [ '1.3.0' ],
17 silly audit   'es-get-iterator': [ '1.1.3' ],
17 silly audit   'es-iterator-helpers': [ '1.1.0' ],
17 silly audit   'es-object-atoms': [ '1.0.0' ],
17 silly audit   'es-set-tostringtag': [ '2.0.3' ],
17 silly audit   'es-shim-unscopables': [ '1.0.2' ],
17 silly audit   'es-to-primitive': [ '1.2.1' ],
17 silly audit   escalade: [ '3.2.0' ],
17 silly audit   'escape-string-regexp': [ '4.0.0' ],
17 silly audit   eslint: [ '8.49.0' ],
17 silly audit   'eslint-config-next': [ '13.5.1' ],
17 silly audit   'eslint-import-resolver-typescript': [ '3.6.3' ],
17 silly audit   'eslint-import-resolver-node': [ '0.3.9' ],
17 silly audit   'eslint-module-utils': [ '2.12.0' ],
17 silly audit   'eslint-plugin-import': [ '2.31.0' ],
17 silly audit   semver: [ '6.3.1', '7.6.3' ],
17 silly audit   'eslint-plugin-jsx-a11y': [ '6.10.0' ],
17 silly audit   'eslint-plugin-react': [ '7.37.1' ],
17 silly audit   'eslint-plugin-react-hooks': [ '4.6.2' ],
17 silly audit   resolve: [ '2.0.0-next.5', '1.22.8' ],
17 silly audit   'eslint-scope': [ '7.2.2' ],
17 silly audit   'eslint-visitor-keys': [ '3.4.3' ],
17 silly audit   espree: [ '9.6.1' ],
17 silly audit   esquery: [ '1.6.0' ],
17 silly audit   esrecurse: [ '4.3.0' ],
17 silly audit   estraverse: [ '5.3.0' ],
17 silly audit   esutils: [ '2.0.3' ],
17 silly audit   eventemitter3: [ '4.0.7' ],
17 silly audit   'fast-deep-equal': [ '3.1.3' ],
17 silly audit   'fast-equals': [ '5.0.1' ],
17 silly audit   'fast-glob': [ '3.3.2' ],
17 silly audit   'fast-json-stable-stringify': [ '2.1.0' ],
17 silly audit   'fast-levenshtein': [ '2.0.6' ],
17 silly audit   fastq: [ '1.17.1' ],
17 silly audit   'file-entry-cache': [ '6.0.1' ],
17 silly audit   'fill-range': [ '7.1.1' ],
17 silly audit   'find-up': [ '5.0.0' ],
17 silly audit   'flat-cache': [ '3.2.0' ],
17 silly audit   flatted: [ '3.3.1' ],
17 silly audit   'for-each': [ '0.3.3' ],
17 silly audit   'foreground-child': [ '3.3.0' ],
17 silly audit   'fraction.js': [ '4.3.7' ],
17 silly audit   'fs.realpath': [ '1.0.0' ],
17 silly audit   fsevents: [ '2.3.3' ],
17 silly audit   'function-bind': [ '1.1.2' ],
17 silly audit   'function.prototype.name': [ '1.1.6' ],
17 silly audit   'functions-have-names': [ '1.2.3' ],
17 silly audit   'get-intrinsic': [ '1.2.4' ],
17 silly audit   'get-nonce': [ '1.0.1' ],
17 silly audit   'get-symbol-description': [ '1.0.2' ],
17 silly audit   'get-tsconfig': [ '4.8.1' ],
17 silly audit   glob: [ '7.1.7', '10.4.5' ],
17 silly audit   'glob-to-regexp': [ '0.4.1' ],
17 silly audit   globals: [ '13.24.0' ],
17 silly audit   globalthis: [ '1.0.4' ],
17 silly audit   globby: [ '11.1.0' ],
17 silly audit   gopd: [ '1.0.1' ],
17 silly audit   'graceful-fs': [ '4.2.11' ],
17 silly audit   graphemer: [ '1.4.0' ],
17 silly audit   'has-bigints': [ '1.0.2' ],
17 silly audit   'has-flag': [ '4.0.0' ],
17 silly audit   'has-property-descriptors': [ '1.0.2' ],
17 silly audit   'has-proto': [ '1.0.3' ],
17 silly audit   'has-symbols': [ '1.0.3' ],
17 silly audit   'has-tostringtag': [ '1.0.2' ],
17 silly audit   hasown: [ '2.0.2' ],
17 silly audit   ignore: [ '5.3.2' ],
17 silly audit   'import-fresh': [ '3.3.0' ],
17 silly audit   imurmurhash: [ '0.1.4' ],
17 silly audit   inflight: [ '1.0.6' ],
17 silly audit   inherits: [ '2.0.4' ],
17 silly audit   'input-otp': [ '1.2.4' ],
17 silly audit   'internal-slot': [ '1.0.7' ],
17 silly audit   internmap: [ '2.0.3' ],
17 silly audit   invariant: [ '2.2.4' ],
17 silly audit   'is-arguments': [ '1.1.1' ],
17 silly audit   'is-array-buffer': [ '3.0.4' ],
17 silly audit   'is-async-function': [ '2.0.0' ],
17 silly audit   'is-bigint': [ '1.0.4' ],
17 silly audit   'is-binary-path': [ '2.1.0' ],
17 silly audit   'is-boolean-object': [ '1.1.2' ],
17 silly audit   'is-bun-module': [ '1.2.1' ],
17 silly audit   'is-callable': [ '1.2.7' ],
17 silly audit   'is-core-module': [ '2.15.1' ],
17 silly audit   'is-data-view': [ '1.0.1' ],
17 silly audit   'is-date-object': [ '1.0.5' ],
17 silly audit   'is-extglob': [ '2.1.1' ],
17 silly audit   'is-finalizationregistry': [ '1.0.2' ],
17 silly audit   'is-fullwidth-code-point': [ '3.0.0' ],
17 silly audit   'is-generator-function': [ '1.0.10' ],
17 silly audit   'is-glob': [ '4.0.3' ],
17 silly audit   'is-map': [ '2.0.3' ],
17 silly audit   'is-negative-zero': [ '2.0.3' ],
17 silly audit   'is-number': [ '7.0.0' ],
17 silly audit   'is-number-object': [ '1.0.7' ],
17 silly audit   'is-path-inside': [ '3.0.3' ],
17 silly audit   'is-regex': [ '1.1.4' ],
17 silly audit   'is-set': [ '2.0.3' ],
17 silly audit   'is-shared-array-buffer': [ '1.0.3' ],
17 silly audit   'is-string': [ '1.0.7' ],
17 silly audit   'is-symbol': [ '1.0.4' ],
17 silly audit   'is-typed-array': [ '1.1.13' ],
17 silly audit   'is-weakmap': [ '2.0.2' ],
17 silly audit   'is-weakref': [ '1.0.2' ],
17 silly audit   'is-weakset': [ '2.0.3' ],
17 silly audit   isarray: [ '2.0.5' ],
17 silly audit   isexe: [ '2.0.0' ],
17 silly audit   'iterator.prototype': [ '1.1.3' ],
17 silly audit   jackspeak: [ '3.4.3' ],
17 silly audit   jiti: [ '1.21.6' ],
17 silly audit   'js-tokens': [ '4.0.0' ],
17 silly audit   'js-yaml': [ '4.1.0' ],
17 silly audit   'json-buffer': [ '3.0.1' ],
17 silly audit   'json-schema-traverse': [ '0.4.1' ],
17 silly audit   'json-stable-stringify-without-jsonify': [ '1.0.1' ],
17 silly audit   json5: [ '1.0.2' ],
17 silly audit   'jsx-ast-utils': [ '3.3.5' ],
17 silly audit   keyv: [ '4.5.4' ],
17 silly audit   'language-subtag-registry': [ '0.3.23' ],
17 silly audit   'language-tags': [ '1.0.9' ],
17 silly audit   levn: [ '0.4.1' ],
17 silly audit   lilconfig: [ '2.1.0', '3.1.2' ],
17 silly audit   'lines-and-columns': [ '1.2.4' ],
17 silly audit   'locate-path': [ '6.0.0' ],
17 silly audit   lodash: [ '4.17.21' ],
17 silly audit   'lodash.merge': [ '4.6.2' ],
17 silly audit   'loose-envify': [ '1.4.0' ],
17 silly audit   'lru-cache': [ '10.4.3' ],
17 silly audit   'lucide-react': [ '0.446.0' ],
17 silly audit   merge2: [ '1.4.1' ],
17 silly audit   micromatch: [ '4.0.8' ],
17 silly audit   minimist: [ '1.2.8' ],
17 silly audit   minipass: [ '7.1.2' ],
17 silly audit   ms: [ '2.1.3' ],
17 silly audit   mz: [ '2.7.0' ],
17 silly audit   nanoid: [ '3.3.7' ],
17 silly audit   'natural-compare': [ '1.4.0' ],
17 silly audit   next: [ '13.5.1' ],
17 silly audit   'next-themes': [ '0.3.0' ],
17 silly audit   postcss: [ '8.4.14', '8.4.30' ],
17 silly audit   zod: [ '3.21.4', '3.23.8' ],
17 silly audit   'node-releases': [ '2.0.18' ],
17 silly audit   'normalize-path': [ '3.0.0' ],
17 silly audit   'normalize-range': [ '0.1.2' ],
17 silly audit   'object-assign': [ '4.1.1' ],
17 silly audit   'object-hash': [ '3.0.0' ],
17 silly audit   'object-inspect': [ '1.13.2' ],
17 silly audit   'object-is': [ '1.1.6' ],
17 silly audit   'object-keys': [ '1.1.1' ],
17 silly audit   'object.assign': [ '4.1.5' ],
17 silly audit   'object.entries': [ '1.1.8' ],
17 silly audit   'object.fromentries': [ '2.0.8' ],
17 silly audit   'object.groupby': [ '1.0.3' ],
17 silly audit   'object.values': [ '1.2.0' ],
17 silly audit   once: [ '1.4.0' ],
17 silly audit   optionator: [ '0.9.4' ],
17 silly audit   'p-limit': [ '3.1.0' ],
17 silly audit   'p-locate': [ '5.0.0' ],
17 silly audit   'package-json-from-dist': [ '1.0.1' ],
17 silly audit   'parent-module': [ '1.0.1' ],
17 silly audit   'path-exists': [ '4.0.0' ],
17 silly audit   'path-is-absolute': [ '1.0.1' ],
17 silly audit   'path-key': [ '3.1.1' ],
17 silly audit   'path-parse': [ '1.0.7' ],
17 silly audit   'path-scurry': [ '1.11.1' ],
17 silly audit   'path-type': [ '4.0.0' ],
17 silly audit   picocolors: [ '1.1.0' ],
17 silly audit   picomatch: [ '2.3.1' ],
17 silly audit   pify: [ '2.3.0' ],
17 silly audit   pirates: [ '4.0.6' ],
17 silly audit   'possible-typed-array-names': [ '1.0.0' ],
17 silly audit   'postcss-import': [ '15.1.0' ],
17 silly audit   'postcss-js': [ '4.0.1' ],
17 silly audit   'postcss-load-config': [ '4.0.2' ],
17 silly audit   'postcss-nested': [ '6.2.0' ],
17 silly audit   'postcss-selector-parser': [ '6.1.2' ],
17 silly audit   'postcss-value-parser': [ '4.2.0' ],
17 silly audit   'prelude-ls': [ '1.2.1' ],
17 silly audit   'prop-types': [ '15.8.1' ],
17 silly audit   punycode: [ '2.3.1' ],
17 silly audit   'queue-microtask': [ '1.2.3' ],
17 silly audit   react: [ '18.2.0' ],
17 silly audit   'react-day-picker': [ '8.10.1' ],
17 silly audit   'react-dom': [ '18.2.0' ],
17 silly audit   'react-hook-form': [ '7.53.0' ],
17 silly audit   'react-is': [ '16.13.1' ],
17 silly audit   'react-remove-scroll-bar': [ '2.3.6' ],
17 silly audit   'react-resizable-panels': [ '2.1.4' ],
17 silly audit   'react-smooth': [ '4.0.1' ],
17 silly audit   'react-style-singleton': [ '2.2.1' ],
17 silly audit   'react-transition-group': [ '4.4.5' ],
17 silly audit   'read-cache': [ '1.0.0' ],
17 silly audit   readdirp: [ '3.6.0' ],
17 silly audit   recharts: [ '2.12.7' ],
17 silly audit   'recharts-scale': [ '0.4.5' ],
17 silly audit   'reflect.getprototypeof': [ '1.0.6' ],
17 silly audit   'regenerator-runtime': [ '0.14.1' ],
17 silly audit   'regexp.prototype.flags': [ '1.5.3' ],
17 silly audit   'resolve-from': [ '4.0.0' ],
17 silly audit   'resolve-pkg-maps': [ '1.0.0' ],
17 silly audit   reusify: [ '1.0.4' ],
17 silly audit   rimraf: [ '3.0.2' ],
17 silly audit   'run-parallel': [ '1.2.0' ],
17 silly audit   'safe-array-concat': [ '1.1.2' ],
17 silly audit   'safe-regex-test': [ '1.0.3' ],
17 silly audit   scheduler: [ '0.23.2' ],
17 silly audit   'set-function-length': [ '1.2.2' ],
17 silly audit   'set-function-name': [ '2.0.2' ],
17 silly audit   'shebang-command': [ '2.0.0' ],
17 silly audit   'shebang-regex': [ '3.0.0' ],
17 silly audit   'side-channel': [ '1.0.6' ],
17 silly audit   'signal-exit': [ '4.1.0' ],
17 silly audit   slash: [ '3.0.0' ],
17 silly audit   sonner: [ '1.5.0' ],
17 silly audit   'source-map-js': [ '1.2.1' ],
17 silly audit   'stop-iteration-iterator': [ '1.0.0' ],
17 silly audit   streamsearch: [ '1.1.0' ],
17 silly audit   'string-width': [ '5.1.2', '4.2.3' ],
17 silly audit   'string.prototype.includes': [ '2.0.0' ],
17 silly audit   'string.prototype.matchall': [ '4.0.11' ],
17 silly audit   'string.prototype.repeat': [ '1.0.0' ],
17 silly audit   'string.prototype.trim': [ '1.2.9' ],
17 silly audit   'string.prototype.trimend': [ '1.0.8' ],
17 silly audit   'string.prototype.trimstart': [ '1.0.8' ],
17 silly audit   'strip-bom': [ '3.0.0' ],
17 silly audit   'strip-json-comments': [ '3.1.1' ],
17 silly audit   'styled-jsx': [ '5.1.1' ],
17 silly audit   sucrase: [ '3.35.0' ],
17 silly audit   'supports-color': [ '7.2.0' ],
17 silly audit   'supports-preserve-symlinks-flag': [ '1.0.0' ],
17 silly audit   'tailwind-merge': [ '2.5.3' ],
17 silly audit   tailwindcss: [ '3.3.3' ],
17 silly audit   'tailwindcss-animate': [ '1.0.7' ],
17 silly audit   tapable: [ '2.2.1' ],
17 silly audit   'text-table': [ '0.2.0' ],
17 silly audit   thenify: [ '3.3.1' ],
17 silly audit   'thenify-all': [ '1.6.0' ],
17 silly audit   'tiny-invariant': [ '1.3.3' ],
17 silly audit   'to-regex-range': [ '5.0.1' ],
17 silly audit   tr46: [ '0.0.3' ],
17 silly audit   'ts-api-utils': [ '1.3.0' ],
17 silly audit   'ts-interface-checker': [ '0.1.13' ],
17 silly audit   'tsconfig-paths': [ '3.15.0' ],
17 silly audit   tslib: [ '2.7.0' ],
17 silly audit   'type-check': [ '0.4.0' ],
17 silly audit   'type-fest': [ '0.20.2' ],
17 silly audit   'typed-array-buffer': [ '1.0.2' ],
17 silly audit   'typed-array-byte-length': [ '1.0.1' ],
17 silly audit   'typed-array-byte-offset': [ '1.0.2' ],
17 silly audit   'typed-array-length': [ '1.0.6' ],
17 silly audit   typescript: [ '5.2.2' ],
17 silly audit   'unbox-primitive': [ '1.0.2' ],
17 silly audit   'update-browserslist-db': [ '1.1.1' ],
17 silly audit   'uri-js': [ '4.4.1' ],
17 silly audit   'use-callback-ref': [ '1.3.2' ],
17 silly audit   'use-sidecar': [ '1.1.2' ],
17 silly audit   'util-deprecate': [ '1.0.2' ],
17 silly audit   vaul: [ '0.9.9' ],
17 silly audit   'victory-vendor': [ '36.9.2' ],
17 silly audit   watchpack: [ '2.4.0' ],
17 silly audit   'webidl-conversions': [ '3.0.1' ],
17 silly audit   'whatwg-url': [ '5.0.0' ],
17 silly audit   which: [ '2.0.2' ],
17 silly audit   'which-boxed-primitive': [ '1.0.2' ],
17 silly audit   'which-builtin-type': [ '1.1.4' ],
17 silly audit   'which-collection': [ '1.0.2' ],
17 silly audit   'which-typed-array': [ '1.1.15' ],
17 silly audit   'word-wrap': [ '1.2.5' ],
17 silly audit   'wrap-ansi': [ '8.1.0', '7.0.0' ],
17 silly audit   wrappy: [ '1.0.2' ],
17 silly audit   ws: [ '8.18.3' ],
17 silly audit   yaml: [ '2.5.1' ],
17 silly audit   'yocto-queue': [ '0.1.0' ]
17 silly audit }
18 http cache yocto-queue@https://registry.npmjs.org/yocto-queue/-/yocto-queue-0.1.0.tgz 1ms (cache hit)
19 http cache zod@https://registry.npmjs.org/zod/-/zod-3.23.8.tgz 0ms (cache hit)
20 http cache yaml@https://registry.npmjs.org/yaml/-/yaml-2.5.1.tgz 0ms (cache hit)
21 http cache ws@https://registry.npmjs.org/ws/-/ws-8.18.3.tgz 0ms (cache hit)
22 http cache wrappy@https://registry.npmjs.org/wrappy/-/wrappy-1.0.2.tgz 0ms (cache hit)
23 http cache wrap-ansi-cjs@https://registry.npmjs.org/wrap-ansi/-/wrap-ansi-7.0.0.tgz 0ms (cache hit)
24 http cache wrap-ansi@https://registry.npmjs.org/wrap-ansi/-/wrap-ansi-8.1.0.tgz 0ms (cache hit)
25 http cache word-wrap@https://registry.npmjs.org/word-wrap/-/word-wrap-1.2.5.tgz 0ms (cache hit)
26 http cache which-typed-array@https://registry.npmjs.org/which-typed-array/-/which-typed-array-1.1.15.tgz 0ms (cache hit)
27 http cache which-collection@https://registry.npmjs.org/which-collection/-/which-collection-1.0.2.tgz 0ms (cache hit)
28 http cache which-builtin-type@https://registry.npmjs.org/which-builtin-type/-/which-builtin-type-1.1.4.tgz 0ms (cache hit)
29 http cache which-boxed-primitive@https://registry.npmjs.org/which-boxed-primitive/-/which-boxed-primitive-1.0.2.tgz 0ms (cache hit)
30 http cache which@https://registry.npmjs.org/which/-/which-2.0.2.tgz 0ms (cache hit)
31 http cache whatwg-url@https://registry.npmjs.org/whatwg-url/-/whatwg-url-5.0.0.tgz 0ms (cache hit)
32 http cache webidl-conversions@https://registry.npmjs.org/webidl-conversions/-/webidl-conversions-3.0.1.tgz 0ms (cache hit)
33 http cache watchpack@https://registry.npmjs.org/watchpack/-/watchpack-2.4.0.tgz 0ms (cache hit)
34 http cache victory-vendor@https://registry.npmjs.org/victory-vendor/-/victory-vendor-36.9.2.tgz 0ms (cache hit)
35 http cache vaul@https://registry.npmjs.org/vaul/-/vaul-0.9.9.tgz 0ms (cache hit)
36 http cache util-deprecate@https://registry.npmjs.org/util-deprecate/-/util-deprecate-1.0.2.tgz 0ms (cache hit)
37 http cache use-sidecar@https://registry.npmjs.org/use-sidecar/-/use-sidecar-1.1.2.tgz 0ms (cache hit)
38 http cache use-callback-ref@https://registry.npmjs.org/use-callback-ref/-/use-callback-ref-1.3.2.tgz 0ms (cache hit)
39 http cache uri-js@https://registry.npmjs.org/uri-js/-/uri-js-4.4.1.tgz 0ms (cache hit)
40 http cache update-browserslist-db@https://registry.npmjs.org/update-browserslist-db/-/update-browserslist-db-1.1.1.tgz 0ms (cache hit)
41 http cache unbox-primitive@https://registry.npmjs.org/unbox-primitive/-/unbox-primitive-1.0.2.tgz 0ms (cache hit)
42 http cache typescript@https://registry.npmjs.org/typescript/-/typescript-5.2.2.tgz 0ms (cache hit)
43 http cache typed-array-length@https://registry.npmjs.org/typed-array-length/-/typed-array-length-1.0.6.tgz 0ms (cache hit)
44 http cache typed-array-byte-offset@https://registry.npmjs.org/typed-array-byte-offset/-/typed-array-byte-offset-1.0.2.tgz 0ms (cache hit)
45 http cache typed-array-byte-length@https://registry.npmjs.org/typed-array-byte-length/-/typed-array-byte-length-1.0.1.tgz 0ms (cache hit)
46 http cache typed-array-buffer@https://registry.npmjs.org/typed-array-buffer/-/typed-array-buffer-1.0.2.tgz 0ms (cache hit)
47 http cache type-fest@https://registry.npmjs.org/type-fest/-/type-fest-0.20.2.tgz 0ms (cache hit)
48 http cache type-check@https://registry.npmjs.org/type-check/-/type-check-0.4.0.tgz 0ms (cache hit)
49 http cache tslib@https://registry.npmjs.org/tslib/-/tslib-2.7.0.tgz 1ms (cache hit)
50 http cache tsconfig-paths@https://registry.npmjs.org/tsconfig-paths/-/tsconfig-paths-3.15.0.tgz 0ms (cache hit)
51 http cache ts-interface-checker@https://registry.npmjs.org/ts-interface-checker/-/ts-interface-checker-0.1.13.tgz 0ms (cache hit)
52 http cache tr46@https://registry.npmjs.org/tr46/-/tr46-0.0.3.tgz 0ms (cache hit)
53 http cache ts-api-utils@https://registry.npmjs.org/ts-api-utils/-/ts-api-utils-1.3.0.tgz 0ms (cache hit)
54 http cache to-regex-range@https://registry.npmjs.org/to-regex-range/-/to-regex-range-5.0.1.tgz 0ms (cache hit)
55 http cache tiny-invariant@https://registry.npmjs.org/tiny-invariant/-/tiny-invariant-1.3.3.tgz 1ms (cache hit)
56 http cache thenify-all@https://registry.npmjs.org/thenify-all/-/thenify-all-1.6.0.tgz 0ms (cache hit)
57 http cache thenify@https://registry.npmjs.org/thenify/-/thenify-3.3.1.tgz 0ms (cache hit)
58 http cache text-table@https://registry.npmjs.org/text-table/-/text-table-0.2.0.tgz 0ms (cache hit)
59 http cache tapable@https://registry.npmjs.org/tapable/-/tapable-2.2.1.tgz 0ms (cache hit)
60 http cache tailwindcss-animate@https://registry.npmjs.org/tailwindcss-animate/-/tailwindcss-animate-1.0.7.tgz 0ms (cache hit)
61 http cache tailwindcss@https://registry.npmjs.org/tailwindcss/-/tailwindcss-3.3.3.tgz 0ms (cache hit)
62 http cache tailwind-merge@https://registry.npmjs.org/tailwind-merge/-/tailwind-merge-2.5.3.tgz 1ms (cache hit)
63 http cache supports-preserve-symlinks-flag@https://registry.npmjs.org/supports-preserve-symlinks-flag/-/supports-preserve-symlinks-flag-1.0.0.tgz 0ms (cache hit)
64 http cache supports-color@https://registry.npmjs.org/supports-color/-/supports-color-7.2.0.tgz 0ms (cache hit)
65 http cache sucrase@https://registry.npmjs.org/sucrase/-/sucrase-3.35.0.tgz 0ms (cache hit)
66 http cache styled-jsx@https://registry.npmjs.org/styled-jsx/-/styled-jsx-5.1.1.tgz 0ms (cache hit)
67 http cache strip-json-comments@https://registry.npmjs.org/strip-json-comments/-/strip-json-comments-3.1.1.tgz 0ms (cache hit)
68 http cache strip-bom@https://registry.npmjs.org/strip-bom/-/strip-bom-3.0.0.tgz 0ms (cache hit)
69 http cache strip-ansi-cjs@https://registry.npmjs.org/strip-ansi/-/strip-ansi-6.0.1.tgz 0ms (cache hit)
70 http cache strip-ansi@https://registry.npmjs.org/strip-ansi/-/strip-ansi-6.0.1.tgz 0ms (cache hit)
71 http cache string.prototype.trimstart@https://registry.npmjs.org/string.prototype.trimstart/-/string.prototype.trimstart-1.0.8.tgz 0ms (cache hit)
72 http cache string.prototype.trimend@https://registry.npmjs.org/string.prototype.trimend/-/string.prototype.trimend-1.0.8.tgz 0ms (cache hit)
73 http cache string.prototype.trim@https://registry.npmjs.org/string.prototype.trim/-/string.prototype.trim-1.2.9.tgz 0ms (cache hit)
74 http cache string.prototype.repeat@https://registry.npmjs.org/string.prototype.repeat/-/string.prototype.repeat-1.0.0.tgz 0ms (cache hit)
75 http cache string.prototype.matchall@https://registry.npmjs.org/string.prototype.matchall/-/string.prototype.matchall-4.0.11.tgz 0ms (cache hit)
76 http cache string.prototype.includes@https://registry.npmjs.org/string.prototype.includes/-/string.prototype.includes-2.0.0.tgz 0ms (cache hit)
77 http cache string-width@https://registry.npmjs.org/string-width/-/string-width-5.1.2.tgz 0ms (cache hit)
78 http cache string-width-cjs@https://registry.npmjs.org/string-width/-/string-width-4.2.3.tgz 0ms (cache hit)
79 http cache streamsearch@https://registry.npmjs.org/streamsearch/-/streamsearch-1.1.0.tgz 0ms (cache hit)
80 http cache stop-iteration-iterator@https://registry.npmjs.org/stop-iteration-iterator/-/stop-iteration-iterator-1.0.0.tgz 0ms (cache hit)
81 http cache source-map-js@https://registry.npmjs.org/source-map-js/-/source-map-js-1.2.1.tgz 0ms (cache hit)
82 http cache sonner@https://registry.npmjs.org/sonner/-/sonner-1.5.0.tgz 0ms (cache hit)
83 http cache slash@https://registry.npmjs.org/slash/-/slash-3.0.0.tgz 0ms (cache hit)
84 http cache signal-exit@https://registry.npmjs.org/signal-exit/-/signal-exit-4.1.0.tgz 0ms (cache hit)
85 http cache side-channel@https://registry.npmjs.org/side-channel/-/side-channel-1.0.6.tgz 0ms (cache hit)
86 http cache shebang-regex@https://registry.npmjs.org/shebang-regex/-/shebang-regex-3.0.0.tgz 0ms (cache hit)
87 http cache shebang-command@https://registry.npmjs.org/shebang-command/-/shebang-command-2.0.0.tgz 0ms (cache hit)
88 http cache set-function-name@https://registry.npmjs.org/set-function-name/-/set-function-name-2.0.2.tgz 0ms (cache hit)
89 http cache set-function-length@https://registry.npmjs.org/set-function-length/-/set-function-length-1.2.2.tgz 0ms (cache hit)
90 http cache semver@https://registry.npmjs.org/semver/-/semver-7.6.3.tgz 0ms (cache hit)
91 http cache scheduler@https://registry.npmjs.org/scheduler/-/scheduler-0.23.2.tgz 0ms (cache hit)
92 http cache safe-regex-test@https://registry.npmjs.org/safe-regex-test/-/safe-regex-test-1.0.3.tgz 0ms (cache hit)
93 http cache safe-array-concat@https://registry.npmjs.org/safe-array-concat/-/safe-array-concat-1.1.2.tgz 0ms (cache hit)
94 http cache run-parallel@https://registry.npmjs.org/run-parallel/-/run-parallel-1.2.0.tgz 0ms (cache hit)
95 http cache rimraf@https://registry.npmjs.org/rimraf/-/rimraf-3.0.2.tgz 0ms (cache hit)
96 http cache reusify@https://registry.npmjs.org/reusify/-/reusify-1.0.4.tgz 0ms (cache hit)
97 http cache resolve-pkg-maps@https://registry.npmjs.org/resolve-pkg-maps/-/resolve-pkg-maps-1.0.0.tgz 0ms (cache hit)
98 http cache resolve-from@https://registry.npmjs.org/resolve-from/-/resolve-from-4.0.0.tgz 0ms (cache hit)
99 http cache resolve@https://registry.npmjs.org/resolve/-/resolve-1.22.8.tgz 0ms (cache hit)
100 http cache regexp.prototype.flags@https://registry.npmjs.org/regexp.prototype.flags/-/regexp.prototype.flags-1.5.3.tgz 0ms (cache hit)
101 http cache regenerator-runtime@https://registry.npmjs.org/regenerator-runtime/-/regenerator-runtime-0.14.1.tgz 0ms (cache hit)
102 http cache reflect.getprototypeof@https://registry.npmjs.org/reflect.getprototypeof/-/reflect.getprototypeof-1.0.6.tgz 0ms (cache hit)
103 http cache recharts-scale@https://registry.npmjs.org/recharts-scale/-/recharts-scale-0.4.5.tgz 0ms (cache hit)
104 http cache recharts@https://registry.npmjs.org/recharts/-/recharts-2.12.7.tgz 0ms (cache hit)
105 http cache readdirp@https://registry.npmjs.org/readdirp/-/readdirp-3.6.0.tgz 0ms (cache hit)
106 http cache read-cache@https://registry.npmjs.org/read-cache/-/read-cache-1.0.0.tgz 0ms (cache hit)
107 http cache react-transition-group@https://registry.npmjs.org/react-transition-group/-/react-transition-group-4.4.5.tgz 0ms (cache hit)
108 http cache react-style-singleton@https://registry.npmjs.org/react-style-singleton/-/react-style-singleton-2.2.1.tgz 0ms (cache hit)
109 http cache react-smooth@https://registry.npmjs.org/react-smooth/-/react-smooth-4.0.1.tgz 0ms (cache hit)
110 http cache react-remove-scroll-bar@https://registry.npmjs.org/react-remove-scroll-bar/-/react-remove-scroll-bar-2.3.6.tgz 0ms (cache hit)
111 http cache react-resizable-panels@https://registry.npmjs.org/react-resizable-panels/-/react-resizable-panels-2.1.4.tgz 0ms (cache hit)
112 http cache react-is@https://registry.npmjs.org/react-is/-/react-is-16.13.1.tgz 0ms (cache hit)
113 http cache react-remove-scroll@https://registry.npmjs.org/react-remove-scroll/-/react-remove-scroll-2.6.0.tgz 0ms (cache hit)
114 http cache react-hook-form@https://registry.npmjs.org/react-hook-form/-/react-hook-form-7.53.0.tgz 0ms (cache hit)
115 http cache react-day-picker@https://registry.npmjs.org/react-day-picker/-/react-day-picker-8.10.1.tgz 0ms (cache hit)
116 http cache react@https://registry.npmjs.org/react/-/react-18.2.0.tgz 0ms (cache hit)
117 http cache queue-microtask@https://registry.npmjs.org/queue-microtask/-/queue-microtask-1.2.3.tgz 0ms (cache hit)
118 http cache react-dom@https://registry.npmjs.org/react-dom/-/react-dom-18.2.0.tgz 0ms (cache hit)
119 http cache prelude-ls@https://registry.npmjs.org/prelude-ls/-/prelude-ls-1.2.1.tgz 0ms (cache hit)
120 http cache punycode@https://registry.npmjs.org/punycode/-/punycode-2.3.1.tgz 0ms (cache hit)
121 http cache prop-types@https://registry.npmjs.org/prop-types/-/prop-types-15.8.1.tgz 0ms (cache hit)
122 http cache postcss-selector-parser@https://registry.npmjs.org/postcss-selector-parser/-/postcss-selector-parser-6.1.2.tgz 0ms (cache hit)
123 http cache postcss-js@https://registry.npmjs.org/postcss-js/-/postcss-js-4.0.1.tgz 0ms (cache hit)
124 http cache postcss-nested@https://registry.npmjs.org/postcss-nested/-/postcss-nested-6.2.0.tgz 0ms (cache hit)
125 http cache postcss-value-parser@https://registry.npmjs.org/postcss-value-parser/-/postcss-value-parser-4.2.0.tgz 0ms (cache hit)
126 http cache postcss-load-config@https://registry.npmjs.org/postcss-load-config/-/postcss-load-config-4.0.2.tgz 0ms (cache hit)
127 http cache postcss@https://registry.npmjs.org/postcss/-/postcss-8.4.30.tgz 0ms (cache hit)
128 http cache postcss-import@https://registry.npmjs.org/postcss-import/-/postcss-import-15.1.0.tgz 0ms (cache hit)
129 http cache pirates@https://registry.npmjs.org/pirates/-/pirates-4.0.6.tgz 0ms (cache hit)
130 http cache pify@https://registry.npmjs.org/pify/-/pify-2.3.0.tgz 0ms (cache hit)
131 http cache picomatch@https://registry.npmjs.org/picomatch/-/picomatch-2.3.1.tgz 0ms (cache hit)
132 http cache picocolors@https://registry.npmjs.org/picocolors/-/picocolors-1.1.0.tgz 0ms (cache hit)
133 http cache path-type@https://registry.npmjs.org/path-type/-/path-type-4.0.0.tgz 0ms (cache hit)
134 http cache path-scurry@https://registry.npmjs.org/path-scurry/-/path-scurry-1.11.1.tgz 0ms (cache hit)
135 http cache path-parse@https://registry.npmjs.org/path-parse/-/path-parse-1.0.7.tgz 0ms (cache hit)
136 http cache path-key@https://registry.npmjs.org/path-key/-/path-key-3.1.1.tgz 0ms (cache hit)
137 http cache path-is-absolute@https://registry.npmjs.org/path-is-absolute/-/path-is-absolute-1.0.1.tgz 0ms (cache hit)
138 http cache path-exists@https://registry.npmjs.org/path-exists/-/path-exists-4.0.0.tgz 0ms (cache hit)
139 http cache possible-typed-array-names@https://registry.npmjs.org/possible-typed-array-names/-/possible-typed-array-names-1.0.0.tgz 0ms (cache hit)
140 http cache package-json-from-dist@https://registry.npmjs.org/package-json-from-dist/-/package-json-from-dist-1.0.1.tgz 1ms (cache hit)
141 http cache p-limit@https://registry.npmjs.org/p-limit/-/p-limit-3.1.0.tgz 0ms (cache hit)
142 http cache p-locate@https://registry.npmjs.org/p-locate/-/p-locate-5.0.0.tgz 0ms (cache hit)
143 http cache optionator@https://registry.npmjs.org/optionator/-/optionator-0.9.4.tgz 0ms (cache hit)
144 http cache once@https://registry.npmjs.org/once/-/once-1.4.0.tgz 0ms (cache hit)
145 http cache object.values@https://registry.npmjs.org/object.values/-/object.values-1.2.0.tgz 0ms (cache hit)
146 http cache object.groupby@https://registry.npmjs.org/object.groupby/-/object.groupby-1.0.3.tgz 1ms (cache hit)
147 http cache object.fromentries@https://registry.npmjs.org/object.fromentries/-/object.fromentries-2.0.8.tgz 0ms (cache hit)
148 http cache object.entries@https://registry.npmjs.org/object.entries/-/object.entries-1.1.8.tgz 0ms (cache hit)
149 http cache object.assign@https://registry.npmjs.org/object.assign/-/object.assign-4.1.5.tgz 0ms (cache hit)
150 http cache object-keys@https://registry.npmjs.org/object-keys/-/object-keys-1.1.1.tgz 1ms (cache hit)
151 http cache object-is@https://registry.npmjs.org/object-is/-/object-is-1.1.6.tgz 0ms (cache hit)
152 http cache object-inspect@https://registry.npmjs.org/object-inspect/-/object-inspect-1.13.2.tgz 0ms (cache hit)
153 http cache object-hash@https://registry.npmjs.org/object-hash/-/object-hash-3.0.0.tgz 0ms (cache hit)
154 http cache object-assign@https://registry.npmjs.org/object-assign/-/object-assign-4.1.1.tgz 0ms (cache hit)
155 http cache normalize-range@https://registry.npmjs.org/normalize-range/-/normalize-range-0.1.2.tgz 0ms (cache hit)
156 http cache normalize-path@https://registry.npmjs.org/normalize-path/-/normalize-path-3.0.0.tgz 0ms (cache hit)
157 http cache node-releases@https://registry.npmjs.org/node-releases/-/node-releases-2.0.18.tgz 0ms (cache hit)
158 http cache next-themes@https://registry.npmjs.org/next-themes/-/next-themes-0.3.0.tgz 0ms (cache hit)
159 http cache next@https://registry.npmjs.org/next/-/next-13.5.1.tgz 0ms (cache hit)
160 http cache natural-compare@https://registry.npmjs.org/natural-compare/-/natural-compare-1.4.0.tgz 1ms (cache hit)
161 http cache nanoid@https://registry.npmjs.org/nanoid/-/nanoid-3.3.7.tgz 0ms (cache hit)
162 http cache mz@https://registry.npmjs.org/mz/-/mz-2.7.0.tgz 0ms (cache hit)
163 http cache ms@https://registry.npmjs.org/ms/-/ms-2.1.3.tgz 0ms (cache hit)
164 http cache minipass@https://registry.npmjs.org/minipass/-/minipass-7.1.2.tgz 0ms (cache hit)
165 http cache minimist@https://registry.npmjs.org/minimist/-/minimist-1.2.8.tgz 0ms (cache hit)
166 http cache minimatch@https://registry.npmjs.org/minimatch/-/minimatch-3.1.2.tgz 1ms (cache hit)
167 http cache micromatch@https://registry.npmjs.org/micromatch/-/micromatch-4.0.8.tgz 0ms (cache hit)
168 http cache merge2@https://registry.npmjs.org/merge2/-/merge2-1.4.1.tgz 0ms (cache hit)
169 http cache lucide-react@https://registry.npmjs.org/lucide-react/-/lucide-react-0.446.0.tgz 0ms (cache hit)
170 http cache lru-cache@https://registry.npmjs.org/lru-cache/-/lru-cache-10.4.3.tgz 0ms (cache hit)
171 http cache loose-envify@https://registry.npmjs.org/loose-envify/-/loose-envify-1.4.0.tgz 0ms (cache hit)
172 http cache lodash.merge@https://registry.npmjs.org/lodash.merge/-/lodash.merge-4.6.2.tgz 0ms (cache hit)
173 http cache lodash@https://registry.npmjs.org/lodash/-/lodash-4.17.21.tgz 0ms (cache hit)
174 http cache locate-path@https://registry.npmjs.org/locate-path/-/locate-path-6.0.0.tgz 0ms (cache hit)
175 http cache lines-and-columns@https://registry.npmjs.org/lines-and-columns/-/lines-and-columns-1.2.4.tgz 0ms (cache hit)
176 http cache lilconfig@https://registry.npmjs.org/lilconfig/-/lilconfig-2.1.0.tgz 0ms (cache hit)
177 http cache levn@https://registry.npmjs.org/levn/-/levn-0.4.1.tgz 0ms (cache hit)
178 http cache language-tags@https://registry.npmjs.org/language-tags/-/language-tags-1.0.9.tgz 0ms (cache hit)
179 http cache language-subtag-registry@https://registry.npmjs.org/language-subtag-registry/-/language-subtag-registry-0.3.23.tgz 0ms (cache hit)
180 http cache keyv@https://registry.npmjs.org/keyv/-/keyv-4.5.4.tgz 0ms (cache hit)
181 http cache jsx-ast-utils@https://registry.npmjs.org/jsx-ast-utils/-/jsx-ast-utils-3.3.5.tgz 0ms (cache hit)
182 http cache json5@https://registry.npmjs.org/json5/-/json5-1.0.2.tgz 0ms (cache hit)
183 http cache json-stable-stringify-without-jsonify@https://registry.npmjs.org/json-stable-stringify-without-jsonify/-/json-stable-stringify-without-jsonify-1.0.1.tgz 0ms (cache hit)
184 http cache json-schema-traverse@https://registry.npmjs.org/json-schema-traverse/-/json-schema-traverse-0.4.1.tgz 0ms (cache hit)
185 http cache json-buffer@https://registry.npmjs.org/json-buffer/-/json-buffer-3.0.1.tgz 0ms (cache hit)
186 http cache js-yaml@https://registry.npmjs.org/js-yaml/-/js-yaml-4.1.0.tgz 0ms (cache hit)
187 http cache js-tokens@https://registry.npmjs.org/js-tokens/-/js-tokens-4.0.0.tgz 0ms (cache hit)
188 http cache jiti@https://registry.npmjs.org/jiti/-/jiti-1.21.6.tgz 0ms (cache hit)
189 http cache jackspeak@https://registry.npmjs.org/jackspeak/-/jackspeak-3.4.3.tgz 0ms (cache hit)
190 http cache iterator.prototype@https://registry.npmjs.org/iterator.prototype/-/iterator.prototype-1.1.3.tgz 0ms (cache hit)
191 http cache isexe@https://registry.npmjs.org/isexe/-/isexe-2.0.0.tgz 0ms (cache hit)
192 http cache isarray@https://registry.npmjs.org/isarray/-/isarray-2.0.5.tgz 0ms (cache hit)
193 http cache is-weakset@https://registry.npmjs.org/is-weakset/-/is-weakset-2.0.3.tgz 0ms (cache hit)
194 http cache is-weakref@https://registry.npmjs.org/is-weakref/-/is-weakref-1.0.2.tgz 0ms (cache hit)
195 http cache is-weakmap@https://registry.npmjs.org/is-weakmap/-/is-weakmap-2.0.2.tgz 0ms (cache hit)
196 http cache is-typed-array@https://registry.npmjs.org/is-typed-array/-/is-typed-array-1.1.13.tgz 0ms (cache hit)
197 http cache is-symbol@https://registry.npmjs.org/is-symbol/-/is-symbol-1.0.4.tgz 0ms (cache hit)
198 http cache is-string@https://registry.npmjs.org/is-string/-/is-string-1.0.7.tgz 0ms (cache hit)
199 http cache is-shared-array-buffer@https://registry.npmjs.org/is-shared-array-buffer/-/is-shared-array-buffer-1.0.3.tgz 0ms (cache hit)
200 http cache is-set@https://registry.npmjs.org/is-set/-/is-set-2.0.3.tgz 0ms (cache hit)
201 http cache is-regex@https://registry.npmjs.org/is-regex/-/is-regex-1.1.4.tgz 0ms (cache hit)
202 http cache is-path-inside@https://registry.npmjs.org/is-path-inside/-/is-path-inside-3.0.3.tgz 0ms (cache hit)
203 http cache is-number-object@https://registry.npmjs.org/is-number-object/-/is-number-object-1.0.7.tgz 0ms (cache hit)
204 http cache is-number@https://registry.npmjs.org/is-number/-/is-number-7.0.0.tgz 0ms (cache hit)
205 http cache is-negative-zero@https://registry.npmjs.org/is-negative-zero/-/is-negative-zero-2.0.3.tgz 0ms (cache hit)
206 http cache is-map@https://registry.npmjs.org/is-map/-/is-map-2.0.3.tgz 0ms (cache hit)
207 http cache is-glob@https://registry.npmjs.org/is-glob/-/is-glob-4.0.3.tgz 0ms (cache hit)
208 http cache is-generator-function@https://registry.npmjs.org/is-generator-function/-/is-generator-function-1.0.10.tgz 0ms (cache hit)
209 http cache is-fullwidth-code-point@https://registry.npmjs.org/is-fullwidth-code-point/-/is-fullwidth-code-point-3.0.0.tgz 0ms (cache hit)
210 http cache is-finalizationregistry@https://registry.npmjs.org/is-finalizationregistry/-/is-finalizationregistry-1.0.2.tgz 0ms (cache hit)
211 http cache is-extglob@https://registry.npmjs.org/is-extglob/-/is-extglob-2.1.1.tgz 0ms (cache hit)
212 http cache is-date-object@https://registry.npmjs.org/is-date-object/-/is-date-object-1.0.5.tgz 0ms (cache hit)
213 http cache is-data-view@https://registry.npmjs.org/is-data-view/-/is-data-view-1.0.1.tgz 0ms (cache hit)
214 http cache is-core-module@https://registry.npmjs.org/is-core-module/-/is-core-module-2.15.1.tgz 0ms (cache hit)
215 http cache is-callable@https://registry.npmjs.org/is-callable/-/is-callable-1.2.7.tgz 1ms (cache hit)
216 http cache is-bun-module@https://registry.npmjs.org/is-bun-module/-/is-bun-module-1.2.1.tgz 0ms (cache hit)
217 http cache is-boolean-object@https://registry.npmjs.org/is-boolean-object/-/is-boolean-object-1.1.2.tgz 0ms (cache hit)
218 http cache is-binary-path@https://registry.npmjs.org/is-binary-path/-/is-binary-path-2.1.0.tgz 0ms (cache hit)
219 http cache is-bigint@https://registry.npmjs.org/is-bigint/-/is-bigint-1.0.4.tgz 0ms (cache hit)
220 http cache is-async-function@https://registry.npmjs.org/is-async-function/-/is-async-function-2.0.0.tgz 0ms (cache hit)
221 http cache is-array-buffer@https://registry.npmjs.org/is-array-buffer/-/is-array-buffer-3.0.4.tgz 0ms (cache hit)
222 http cache is-arguments@https://registry.npmjs.org/is-arguments/-/is-arguments-1.1.1.tgz 0ms (cache hit)
223 http cache invariant@https://registry.npmjs.org/invariant/-/invariant-2.2.4.tgz 0ms (cache hit)
224 http cache internmap@https://registry.npmjs.org/internmap/-/internmap-2.0.3.tgz 0ms (cache hit)
225 http cache internal-slot@https://registry.npmjs.org/internal-slot/-/internal-slot-1.0.7.tgz 0ms (cache hit)
226 http cache input-otp@https://registry.npmjs.org/input-otp/-/input-otp-1.2.4.tgz 0ms (cache hit)
227 http cache inherits@https://registry.npmjs.org/inherits/-/inherits-2.0.4.tgz 0ms (cache hit)
228 http cache inflight@https://registry.npmjs.org/inflight/-/inflight-1.0.6.tgz 0ms (cache hit)
229 http cache imurmurhash@https://registry.npmjs.org/imurmurhash/-/imurmurhash-0.1.4.tgz 0ms (cache hit)
230 http cache import-fresh@https://registry.npmjs.org/import-fresh/-/import-fresh-3.3.0.tgz 0ms (cache hit)
231 http cache ignore@https://registry.npmjs.org/ignore/-/ignore-5.3.2.tgz 0ms (cache hit)
232 http cache hasown@https://registry.npmjs.org/hasown/-/hasown-2.0.2.tgz 0ms (cache hit)
233 http cache has-tostringtag@https://registry.npmjs.org/has-tostringtag/-/has-tostringtag-1.0.2.tgz 0ms (cache hit)
234 http cache has-symbols@https://registry.npmjs.org/has-symbols/-/has-symbols-1.0.3.tgz 0ms (cache hit)
235 http cache has-proto@https://registry.npmjs.org/has-proto/-/has-proto-1.0.3.tgz 0ms (cache hit)
236 http cache has-property-descriptors@https://registry.npmjs.org/has-property-descriptors/-/has-property-descriptors-1.0.2.tgz 0ms (cache hit)
237 http cache has-flag@https://registry.npmjs.org/has-flag/-/has-flag-4.0.0.tgz 0ms (cache hit)
238 http cache has-bigints@https://registry.npmjs.org/has-bigints/-/has-bigints-1.0.2.tgz 0ms (cache hit)
239 http cache graphemer@https://registry.npmjs.org/graphemer/-/graphemer-1.4.0.tgz 0ms (cache hit)
240 http cache graceful-fs@https://registry.npmjs.org/graceful-fs/-/graceful-fs-4.2.11.tgz 0ms (cache hit)
241 http cache gopd@https://registry.npmjs.org/gopd/-/gopd-1.0.1.tgz 0ms (cache hit)
242 http cache globby@https://registry.npmjs.org/globby/-/globby-11.1.0.tgz 0ms (cache hit)
243 http cache globalthis@https://registry.npmjs.org/globalthis/-/globalthis-1.0.4.tgz 0ms (cache hit)
244 http cache globals@https://registry.npmjs.org/globals/-/globals-13.24.0.tgz 1ms (cache hit)
245 http cache glob-to-regexp@https://registry.npmjs.org/glob-to-regexp/-/glob-to-regexp-0.4.1.tgz 0ms (cache hit)
246 http cache glob-parent@https://registry.npmjs.org/glob-parent/-/glob-parent-6.0.2.tgz 0ms (cache hit)
247 http cache get-tsconfig@https://registry.npmjs.org/get-tsconfig/-/get-tsconfig-4.8.1.tgz 0ms (cache hit)
248 http cache glob@https://registry.npmjs.org/glob/-/glob-7.1.7.tgz 0ms (cache hit)
249 http cache get-symbol-description@https://registry.npmjs.org/get-symbol-description/-/get-symbol-description-1.0.2.tgz 0ms (cache hit)
250 http cache get-nonce@https://registry.npmjs.org/get-nonce/-/get-nonce-1.0.1.tgz 0ms (cache hit)
251 http cache get-intrinsic@https://registry.npmjs.org/get-intrinsic/-/get-intrinsic-1.2.4.tgz 0ms (cache hit)
252 http cache functions-have-names@https://registry.npmjs.org/functions-have-names/-/functions-have-names-1.2.3.tgz 0ms (cache hit)
253 http cache parent-module@https://registry.npmjs.org/parent-module/-/parent-module-1.0.1.tgz 0ms (cache hit)
254 http cache function.prototype.name@https://registry.npmjs.org/function.prototype.name/-/function.prototype.name-1.1.6.tgz 0ms (cache hit)
255 http cache function-bind@https://registry.npmjs.org/function-bind/-/function-bind-1.1.2.tgz 0ms (cache hit)
256 http cache fs.realpath@https://registry.npmjs.org/fs.realpath/-/fs.realpath-1.0.0.tgz 0ms (cache hit)
257 http cache fraction.js@https://registry.npmjs.org/fraction.js/-/fraction.js-4.3.7.tgz 1ms (cache hit)
258 http cache foreground-child@https://registry.npmjs.org/foreground-child/-/foreground-child-3.3.0.tgz 0ms (cache hit)
259 http cache for-each@https://registry.npmjs.org/for-each/-/for-each-0.3.3.tgz 0ms (cache hit)
260 http cache flatted@https://registry.npmjs.org/flatted/-/flatted-3.3.1.tgz 0ms (cache hit)
261 http cache flat-cache@https://registry.npmjs.org/flat-cache/-/flat-cache-3.2.0.tgz 0ms (cache hit)
262 http cache find-up@https://registry.npmjs.org/find-up/-/find-up-5.0.0.tgz 0ms (cache hit)
263 http cache fill-range@https://registry.npmjs.org/fill-range/-/fill-range-7.1.1.tgz 0ms (cache hit)
264 http cache fastq@https://registry.npmjs.org/fastq/-/fastq-1.17.1.tgz 0ms (cache hit)
265 http cache file-entry-cache@https://registry.npmjs.org/file-entry-cache/-/file-entry-cache-6.0.1.tgz 0ms (cache hit)
266 http cache fast-levenshtein@https://registry.npmjs.org/fast-levenshtein/-/fast-levenshtein-2.0.6.tgz 0ms (cache hit)
267 http cache fast-json-stable-stringify@https://registry.npmjs.org/fast-json-stable-stringify/-/fast-json-stable-stringify-2.1.0.tgz 1ms (cache hit)
268 http cache fast-glob@https://registry.npmjs.org/fast-glob/-/fast-glob-3.3.2.tgz 0ms (cache hit)
269 http cache fast-equals@https://registry.npmjs.org/fast-equals/-/fast-equals-5.0.1.tgz 0ms (cache hit)
270 http cache fast-deep-equal@https://registry.npmjs.org/fast-deep-equal/-/fast-deep-equal-3.1.3.tgz 0ms (cache hit)
271 http cache eventemitter3@https://registry.npmjs.org/eventemitter3/-/eventemitter3-4.0.7.tgz 0ms (cache hit)
272 http cache esutils@https://registry.npmjs.org/esutils/-/esutils-2.0.3.tgz 0ms (cache hit)
273 http cache estraverse@https://registry.npmjs.org/estraverse/-/estraverse-5.3.0.tgz 0ms (cache hit)
274 http cache esrecurse@https://registry.npmjs.org/esrecurse/-/esrecurse-4.3.0.tgz 0ms (cache hit)
275 http cache esquery@https://registry.npmjs.org/esquery/-/esquery-1.6.0.tgz 0ms (cache hit)
276 http cache espree@https://registry.npmjs.org/espree/-/espree-9.6.1.tgz 0ms (cache hit)
277 http cache eslint-visitor-keys@https://registry.npmjs.org/eslint-visitor-keys/-/eslint-visitor-keys-3.4.3.tgz 0ms (cache hit)
278 http cache eslint-scope@https://registry.npmjs.org/eslint-scope/-/eslint-scope-7.2.2.tgz 0ms (cache hit)
279 http cache eslint-plugin-react-hooks@https://registry.npmjs.org/eslint-plugin-react-hooks/-/eslint-plugin-react-hooks-4.6.2.tgz 0ms (cache hit)
280 http cache eslint-plugin-react@https://registry.npmjs.org/eslint-plugin-react/-/eslint-plugin-react-7.37.1.tgz 0ms (cache hit)
281 http cache eslint-plugin-jsx-a11y@https://registry.npmjs.org/eslint-plugin-jsx-a11y/-/eslint-plugin-jsx-a11y-6.10.0.tgz 0ms (cache hit)
282 http cache eslint-plugin-import@https://registry.npmjs.org/eslint-plugin-import/-/eslint-plugin-import-2.31.0.tgz 0ms (cache hit)
283 http cache eslint-module-utils@https://registry.npmjs.org/eslint-module-utils/-/eslint-module-utils-2.12.0.tgz 0ms (cache hit)
284 http cache eslint-import-resolver-node@https://registry.npmjs.org/eslint-import-resolver-node/-/eslint-import-resolver-node-0.3.9.tgz 0ms (cache hit)
285 http cache eslint-config-next@https://registry.npmjs.org/eslint-config-next/-/eslint-config-next-13.5.1.tgz 0ms (cache hit)
286 http cache eslint@https://registry.npmjs.org/eslint/-/eslint-8.49.0.tgz 0ms (cache hit)
287 http cache escape-string-regexp@https://registry.npmjs.org/escape-string-regexp/-/escape-string-regexp-4.0.0.tgz 0ms (cache hit)
288 http cache escalade@https://registry.npmjs.org/escalade/-/escalade-3.2.0.tgz 0ms (cache hit)
289 http cache es-to-primitive@https://registry.npmjs.org/es-to-primitive/-/es-to-primitive-1.2.1.tgz 0ms (cache hit)
290 http cache es-shim-unscopables@https://registry.npmjs.org/es-shim-unscopables/-/es-shim-unscopables-1.0.2.tgz 0ms (cache hit)
291 http cache es-set-tostringtag@https://registry.npmjs.org/es-set-tostringtag/-/es-set-tostringtag-2.0.3.tgz 0ms (cache hit)
292 http cache es-object-atoms@https://registry.npmjs.org/es-object-atoms/-/es-object-atoms-1.0.0.tgz 0ms (cache hit)
293 http cache es-iterator-helpers@https://registry.npmjs.org/es-iterator-helpers/-/es-iterator-helpers-1.1.0.tgz 0ms (cache hit)
294 http cache es-get-iterator@https://registry.npmjs.org/es-get-iterator/-/es-get-iterator-1.1.3.tgz 0ms (cache hit)
295 http cache es-errors@https://registry.npmjs.org/es-errors/-/es-errors-1.3.0.tgz 0ms (cache hit)
296 http cache es-define-property@https://registry.npmjs.org/es-define-property/-/es-define-property-1.0.0.tgz 0ms (cache hit)
297 http cache es-abstract@https://registry.npmjs.org/es-abstract/-/es-abstract-1.23.3.tgz 0ms (cache hit)
298 http cache enhanced-resolve@https://registry.npmjs.org/enhanced-resolve/-/enhanced-resolve-5.17.1.tgz 0ms (cache hit)
299 http cache emoji-regex@https://registry.npmjs.org/emoji-regex/-/emoji-regex-9.2.2.tgz 0ms (cache hit)
300 http cache embla-carousel-reactive-utils@https://registry.npmjs.org/embla-carousel-reactive-utils/-/embla-carousel-reactive-utils-8.3.0.tgz 0ms (cache hit)
301 http cache embla-carousel-react@https://registry.npmjs.org/embla-carousel-react/-/embla-carousel-react-8.3.0.tgz 0ms (cache hit)
302 http cache embla-carousel@https://registry.npmjs.org/embla-carousel/-/embla-carousel-8.3.0.tgz 0ms (cache hit)
303 http cache electron-to-chromium@https://registry.npmjs.org/electron-to-chromium/-/electron-to-chromium-1.5.34.tgz 0ms (cache hit)
304 http cache eastasianwidth@https://registry.npmjs.org/eastasianwidth/-/eastasianwidth-0.2.0.tgz 1ms (cache hit)
305 http cache dom-helpers@https://registry.npmjs.org/dom-helpers/-/dom-helpers-5.2.1.tgz 0ms (cache hit)
306 http cache doctrine@https://registry.npmjs.org/doctrine/-/doctrine-3.0.0.tgz 0ms (cache hit)
307 http cache dir-glob@https://registry.npmjs.org/dir-glob/-/dir-glob-3.0.1.tgz 0ms (cache hit)
308 http cache dlv@https://registry.npmjs.org/dlv/-/dlv-1.1.3.tgz 0ms (cache hit)
309 http cache didyoumean@https://registry.npmjs.org/didyoumean/-/didyoumean-1.2.2.tgz 0ms (cache hit)
310 http cache detect-node-es@https://registry.npmjs.org/detect-node-es/-/detect-node-es-1.1.0.tgz 0ms (cache hit)
311 http cache define-properties@https://registry.npmjs.org/define-properties/-/define-properties-1.2.1.tgz 0ms (cache hit)
312 http cache define-data-property@https://registry.npmjs.org/define-data-property/-/define-data-property-1.1.4.tgz 0ms (cache hit)
313 http cache decimal.js-light@https://registry.npmjs.org/decimal.js-light/-/decimal.js-light-2.5.1.tgz 0ms (cache hit)
314 http cache deep-is@https://registry.npmjs.org/deep-is/-/deep-is-0.1.4.tgz 0ms (cache hit)
315 http cache debug@https://registry.npmjs.org/debug/-/debug-4.3.7.tgz 0ms (cache hit)
316 http cache date-fns@https://registry.npmjs.org/date-fns/-/date-fns-3.6.0.tgz 0ms (cache hit)
317 http cache data-view-byte-offset@https://registry.npmjs.org/data-view-byte-offset/-/data-view-byte-offset-1.0.0.tgz 0ms (cache hit)
318 http cache data-view-byte-length@https://registry.npmjs.org/data-view-byte-length/-/data-view-byte-length-1.0.1.tgz 0ms (cache hit)
319 http cache data-view-buffer@https://registry.npmjs.org/data-view-buffer/-/data-view-buffer-1.0.1.tgz 0ms (cache hit)
320 http cache damerau-levenshtein@https://registry.npmjs.org/damerau-levenshtein/-/damerau-levenshtein-1.0.8.tgz 0ms (cache hit)
321 http cache d3-timer@https://registry.npmjs.org/d3-timer/-/d3-timer-3.0.1.tgz 0ms (cache hit)
322 http cache d3-time@https://registry.npmjs.org/d3-time/-/d3-time-3.1.0.tgz 0ms (cache hit)
323 http cache d3-time-format@https://registry.npmjs.org/d3-time-format/-/d3-time-format-4.1.0.tgz 0ms (cache hit)
324 http cache d3-shape@https://registry.npmjs.org/d3-shape/-/d3-shape-3.2.0.tgz 0ms (cache hit)
325 http cache d3-scale@https://registry.npmjs.org/d3-scale/-/d3-scale-4.0.2.tgz 0ms (cache hit)
326 http cache d3-path@https://registry.npmjs.org/d3-path/-/d3-path-3.1.0.tgz 0ms (cache hit)
327 http cache d3-interpolate@https://registry.npmjs.org/d3-interpolate/-/d3-interpolate-3.0.1.tgz 0ms (cache hit)
328 http cache d3-format@https://registry.npmjs.org/d3-format/-/d3-format-3.1.0.tgz 0ms (cache hit)
329 http cache d3-ease@https://registry.npmjs.org/d3-ease/-/d3-ease-3.0.1.tgz 0ms (cache hit)
330 http cache d3-color@https://registry.npmjs.org/d3-color/-/d3-color-3.1.0.tgz 0ms (cache hit)
331 http cache d3-array@https://registry.npmjs.org/d3-array/-/d3-array-3.2.4.tgz 0ms (cache hit)
332 http cache csstype@https://registry.npmjs.org/csstype/-/csstype-3.1.3.tgz 0ms (cache hit)
333 http cache cssesc@https://registry.npmjs.org/cssesc/-/cssesc-3.0.0.tgz 0ms (cache hit)
334 http cache concat-map@https://registry.npmjs.org/concat-map/-/concat-map-0.0.1.tgz 0ms (cache hit)
335 http cache cross-spawn@https://registry.npmjs.org/cross-spawn/-/cross-spawn-7.0.3.tgz 0ms (cache hit)
336 http cache deep-equal@https://registry.npmjs.org/deep-equal/-/deep-equal-2.2.3.tgz 0ms (cache hit)
337 http cache commander@https://registry.npmjs.org/commander/-/commander-4.1.1.tgz 0ms (cache hit)
338 http cache color-name@https://registry.npmjs.org/color-name/-/color-name-1.1.4.tgz 0ms (cache hit)
339 http cache color-convert@https://registry.npmjs.org/color-convert/-/color-convert-2.0.1.tgz 0ms (cache hit)
340 http cache clsx@https://registry.npmjs.org/clsx/-/clsx-2.1.1.tgz 0ms (cache hit)
341 http cache client-only@https://registry.npmjs.org/client-only/-/client-only-0.0.1.tgz 0ms (cache hit)
342 http cache class-variance-authority@https://registry.npmjs.org/class-variance-authority/-/class-variance-authority-0.7.0.tgz 0ms (cache hit)
343 http cache caniuse-lite@https://registry.npmjs.org/caniuse-lite/-/caniuse-lite-1.0.30001667.tgz 0ms (cache hit)
344 http cache chokidar@https://registry.npmjs.org/chokidar/-/chokidar-3.6.0.tgz 1ms (cache hit)
345 http cache chalk@https://registry.npmjs.org/chalk/-/chalk-4.1.2.tgz 0ms (cache hit)
346 http cache camelcase-css@https://registry.npmjs.org/camelcase-css/-/camelcase-css-2.0.1.tgz 0ms (cache hit)
347 http cache call-bind@https://registry.npmjs.org/call-bind/-/call-bind-1.0.7.tgz 0ms (cache hit)
348 http cache callsites@https://registry.npmjs.org/callsites/-/callsites-3.1.0.tgz 0ms (cache hit)
349 http cache busboy@https://registry.npmjs.org/busboy/-/busboy-1.6.0.tgz 0ms (cache hit)
350 http cache browserslist@https://registry.npmjs.org/browserslist/-/browserslist-4.24.0.tgz 0ms (cache hit)
351 http cache brace-expansion@https://registry.npmjs.org/brace-expansion/-/brace-expansion-1.1.11.tgz 0ms (cache hit)
352 http cache braces@https://registry.npmjs.org/braces/-/braces-3.0.3.tgz 0ms (cache hit)
353 http cache balanced-match@https://registry.npmjs.org/balanced-match/-/balanced-match-1.0.2.tgz 0ms (cache hit)
354 http cache axobject-query@https://registry.npmjs.org/axobject-query/-/axobject-query-4.1.0.tgz 0ms (cache hit)
355 http cache binary-extensions@https://registry.npmjs.org/binary-extensions/-/binary-extensions-2.3.0.tgz 0ms (cache hit)
356 http cache axe-core@https://registry.npmjs.org/axe-core/-/axe-core-4.10.0.tgz 0ms (cache hit)
357 http cache available-typed-arrays@https://registry.npmjs.org/available-typed-arrays/-/available-typed-arrays-1.0.7.tgz 0ms (cache hit)
358 http cache autoprefixer@https://registry.npmjs.org/autoprefixer/-/autoprefixer-10.4.15.tgz 0ms (cache hit)
359 http cache arraybuffer.prototype.slice@https://registry.npmjs.org/arraybuffer.prototype.slice/-/arraybuffer.prototype.slice-1.0.3.tgz 0ms (cache hit)
360 http cache ast-types-flow@https://registry.npmjs.org/ast-types-flow/-/ast-types-flow-0.0.8.tgz 0ms (cache hit)
361 http cache array.prototype.tosorted@https://registry.npmjs.org/array.prototype.tosorted/-/array.prototype.tosorted-1.1.4.tgz 0ms (cache hit)
362 http cache array.prototype.flatmap@https://registry.npmjs.org/array.prototype.flatmap/-/array.prototype.flatmap-1.3.2.tgz 0ms (cache hit)
363 http cache array.prototype.flat@https://registry.npmjs.org/array.prototype.flat/-/array.prototype.flat-1.3.2.tgz 0ms (cache hit)
364 http cache array.prototype.findlastindex@https://registry.npmjs.org/array.prototype.findlastindex/-/array.prototype.findlastindex-1.2.5.tgz 0ms (cache hit)
365 http cache array.prototype.findlast@https://registry.npmjs.org/array.prototype.findlast/-/array.prototype.findlast-1.2.5.tgz 0ms (cache hit)
366 http cache array-union@https://registry.npmjs.org/array-union/-/array-union-2.1.0.tgz 0ms (cache hit)
367 http cache array-includes@https://registry.npmjs.org/array-includes/-/array-includes-3.1.8.tgz 0ms (cache hit)
368 http cache array-buffer-byte-length@https://registry.npmjs.org/array-buffer-byte-length/-/array-buffer-byte-length-1.0.1.tgz 0ms (cache hit)
369 http cache aria-query@https://registry.npmjs.org/aria-query/-/aria-query-5.1.3.tgz 0ms (cache hit)
370 http cache aria-hidden@https://registry.npmjs.org/aria-hidden/-/aria-hidden-1.2.4.tgz 0ms (cache hit)
371 http cache argparse@https://registry.npmjs.org/argparse/-/argparse-2.0.1.tgz 0ms (cache hit)
372 http cache arg@https://registry.npmjs.org/arg/-/arg-5.0.2.tgz 0ms (cache hit)
373 http cache cmdk@https://registry.npmjs.org/cmdk/-/cmdk-1.0.0.tgz 0ms (cache hit)
374 http cache anymatch@https://registry.npmjs.org/anymatch/-/anymatch-3.1.3.tgz 0ms (cache hit)
375 http cache any-promise@https://registry.npmjs.org/any-promise/-/any-promise-1.3.0.tgz 0ms (cache hit)
376 http cache ansi-styles@https://registry.npmjs.org/ansi-styles/-/ansi-styles-4.3.0.tgz 0ms (cache hit)
377 http cache acorn-jsx@https://registry.npmjs.org/acorn-jsx/-/acorn-jsx-5.3.2.tgz 0ms (cache hit)
378 http cache ansi-regex@https://registry.npmjs.org/ansi-regex/-/ansi-regex-5.0.1.tgz 0ms (cache hit)
379 http cache acorn@https://registry.npmjs.org/acorn/-/acorn-8.12.1.tgz 0ms (cache hit)
380 http cache @typescript-eslint/visitor-keys@https://registry.npmjs.org/@typescript-eslint/visitor-keys/-/visitor-keys-6.21.0.tgz 0ms (cache hit)
381 http cache ajv@https://registry.npmjs.org/ajv/-/ajv-6.12.6.tgz 0ms (cache hit)
382 http cache @typescript-eslint/typescript-estree@https://registry.npmjs.org/@typescript-eslint/typescript-estree/-/typescript-estree-6.21.0.tgz 0ms (cache hit)
383 http cache @typescript-eslint/types@https://registry.npmjs.org/@typescript-eslint/types/-/types-6.21.0.tgz 0ms (cache hit)
384 http cache @types/ws@https://registry.npmjs.org/@types/ws/-/ws-8.18.1.tgz 0ms (cache hit)
385 http cache @typescript-eslint/scope-manager@https://registry.npmjs.org/@typescript-eslint/scope-manager/-/scope-manager-6.21.0.tgz 0ms (cache hit)
386 http cache @typescript-eslint/parser@https://registry.npmjs.org/@typescript-eslint/parser/-/parser-6.21.0.tgz 0ms (cache hit)
387 http cache @types/scheduler@https://registry.npmjs.org/@types/scheduler/-/scheduler-0.23.0.tgz 1ms (cache hit)
388 http cache @types/prop-types@https://registry.npmjs.org/@types/prop-types/-/prop-types-15.7.13.tgz 0ms (cache hit)
389 http cache @types/react@https://registry.npmjs.org/@types/react/-/react-18.2.22.tgz 0ms (cache hit)
390 http cache @types/react-dom@https://registry.npmjs.org/@types/react-dom/-/react-dom-18.2.7.tgz 0ms (cache hit)
391 http cache @types/phoenix@https://registry.npmjs.org/@types/phoenix/-/phoenix-1.6.6.tgz 0ms (cache hit)
392 http cache @types/node@https://registry.npmjs.org/@types/node/-/node-20.6.2.tgz 0ms (cache hit)
393 http cache @types/d3-timer@https://registry.npmjs.org/@types/d3-timer/-/d3-timer-3.0.2.tgz 0ms (cache hit)
394 http cache @types/json5@https://registry.npmjs.org/@types/json5/-/json5-0.0.29.tgz 0ms (cache hit)
395 http cache @types/d3-time@https://registry.npmjs.org/@types/d3-time/-/d3-time-3.0.3.tgz 0ms (cache hit)
396 http cache @types/d3-shape@https://registry.npmjs.org/@types/d3-shape/-/d3-shape-3.1.6.tgz 0ms (cache hit)
397 http cache @types/d3-scale@https://registry.npmjs.org/@types/d3-scale/-/d3-scale-4.0.8.tgz 0ms (cache hit)
398 http cache @types/d3-interpolate@https://registry.npmjs.org/@types/d3-interpolate/-/d3-interpolate-3.0.4.tgz 0ms (cache hit)
399 http cache @types/d3-ease@https://registry.npmjs.org/@types/d3-ease/-/d3-ease-3.0.2.tgz 0ms (cache hit)
400 http cache @types/d3-color@https://registry.npmjs.org/@types/d3-color/-/d3-color-3.1.3.tgz 0ms (cache hit)
401 http cache @types/d3-array@https://registry.npmjs.org/@types/d3-array/-/d3-array-3.2.1.tgz 0ms (cache hit)
402 http cache @swc/helpers@https://registry.npmjs.org/@swc/helpers/-/helpers-0.5.2.tgz 0ms (cache hit)
403 http cache @supabase/supabase-js@https://registry.npmjs.org/@supabase/supabase-js/-/supabase-js-2.58.0.tgz 0ms (cache hit)
404 http cache @supabase/storage-js@https://registry.npmjs.org/@supabase/storage-js/-/storage-js-2.12.2.tgz 0ms (cache hit)
405 http cache @supabase/postgrest-js@https://registry.npmjs.org/@supabase/postgrest-js/-/postgrest-js-1.21.4.tgz 0ms (cache hit)
406 http cache @supabase/realtime-js@https://registry.npmjs.org/@supabase/realtime-js/-/realtime-js-2.15.5.tgz 0ms (cache hit)
407 http cache @supabase/node-fetch@https://registry.npmjs.org/@supabase/node-fetch/-/node-fetch-2.6.15.tgz 0ms (cache hit)
408 http cache @supabase/functions-js@https://registry.npmjs.org/@supabase/functions-js/-/functions-js-2.5.0.tgz 0ms (cache hit)
409 http cache @supabase/auth-js@https://registry.npmjs.org/@supabase/auth-js/-/auth-js-2.72.0.tgz 0ms (cache hit)
410 http cache @rushstack/eslint-patch@https://registry.npmjs.org/@rushstack/eslint-patch/-/eslint-patch-1.10.4.tgz 0ms (cache hit)
411 http cache @rtsao/scc@https://registry.npmjs.org/@rtsao/scc/-/scc-1.1.0.tgz 0ms (cache hit)
412 http cache @radix-ui/rect@https://registry.npmjs.org/@radix-ui/rect/-/rect-1.1.0.tgz 0ms (cache hit)
413 http cache @radix-ui/react-visually-hidden@https://registry.npmjs.org/@radix-ui/react-visually-hidden/-/react-visually-hidden-1.1.0.tgz 0ms (cache hit)
414 http cache @radix-ui/react-use-size@https://registry.npmjs.org/@radix-ui/react-use-size/-/react-use-size-1.1.0.tgz 0ms (cache hit)
415 http cache @radix-ui/react-use-rect@https://registry.npmjs.org/@radix-ui/react-use-rect/-/react-use-rect-1.1.0.tgz 0ms (cache hit)
416 http cache @radix-ui/react-use-previous@https://registry.npmjs.org/@radix-ui/react-use-previous/-/react-use-previous-1.1.0.tgz 0ms (cache hit)
417 http cache @radix-ui/react-use-escape-keydown@https://registry.npmjs.org/@radix-ui/react-use-escape-keydown/-/react-use-escape-keydown-1.1.0.tgz 0ms (cache hit)
418 http cache @radix-ui/react-use-layout-effect@https://registry.npmjs.org/@radix-ui/react-use-layout-effect/-/react-use-layout-effect-1.1.0.tgz 0ms (cache hit)
419 http cache @radix-ui/react-use-controllable-state@https://registry.npmjs.org/@radix-ui/react-use-controllable-state/-/react-use-controllable-state-1.1.0.tgz 0ms (cache hit)
420 http cache @radix-ui/react-use-callback-ref@https://registry.npmjs.org/@radix-ui/react-use-callback-ref/-/react-use-callback-ref-1.1.0.tgz 0ms (cache hit)
421 http cache @radix-ui/react-tooltip@https://registry.npmjs.org/@radix-ui/react-tooltip/-/react-tooltip-1.1.3.tgz 0ms (cache hit)
422 http cache @radix-ui/react-toggle-group@https://registry.npmjs.org/@radix-ui/react-toggle-group/-/react-toggle-group-1.1.0.tgz 0ms (cache hit)
423 http cache @radix-ui/react-toggle@https://registry.npmjs.org/@radix-ui/react-toggle/-/react-toggle-1.1.0.tgz 0ms (cache hit)
424 http cache @radix-ui/react-toast@https://registry.npmjs.org/@radix-ui/react-toast/-/react-toast-1.2.2.tgz 0ms (cache hit)
425 http cache @radix-ui/react-tabs@https://registry.npmjs.org/@radix-ui/react-tabs/-/react-tabs-1.1.1.tgz 0ms (cache hit)
426 http cache @radix-ui/react-switch@https://registry.npmjs.org/@radix-ui/react-switch/-/react-switch-1.1.1.tgz 0ms (cache hit)
427 http cache @radix-ui/react-slot@https://registry.npmjs.org/@radix-ui/react-slot/-/react-slot-1.1.0.tgz 0ms (cache hit)
428 http cache @radix-ui/react-slider@https://registry.npmjs.org/@radix-ui/react-slider/-/react-slider-1.2.1.tgz 1ms (cache hit)
429 http cache @radix-ui/react-separator@https://registry.npmjs.org/@radix-ui/react-separator/-/react-separator-1.1.0.tgz 0ms (cache hit)
430 http cache @radix-ui/react-scroll-area@https://registry.npmjs.org/@radix-ui/react-scroll-area/-/react-scroll-area-1.2.0.tgz 0ms (cache hit)
431 http cache @radix-ui/react-select@https://registry.npmjs.org/@radix-ui/react-select/-/react-select-2.1.2.tgz 0ms (cache hit)
432 http cache @radix-ui/react-roving-focus@https://registry.npmjs.org/@radix-ui/react-roving-focus/-/react-roving-focus-1.1.0.tgz 0ms (cache hit)
433 http cache @radix-ui/react-primitive@https://registry.npmjs.org/@radix-ui/react-primitive/-/react-primitive-2.0.0.tgz 1ms (cache hit)
434 http cache @radix-ui/react-radio-group@https://registry.npmjs.org/@radix-ui/react-radio-group/-/react-radio-group-1.2.1.tgz 0ms (cache hit)
435 http cache @radix-ui/react-progress@https://registry.npmjs.org/@radix-ui/react-progress/-/react-progress-1.1.0.tgz 0ms (cache hit)
436 http cache @radix-ui/react-presence@https://registry.npmjs.org/@radix-ui/react-presence/-/react-presence-1.1.1.tgz 0ms (cache hit)
437 http cache @radix-ui/react-portal@https://registry.npmjs.org/@radix-ui/react-portal/-/react-portal-1.1.2.tgz 0ms (cache hit)
438 http cache @radix-ui/react-popover@https://registry.npmjs.org/@radix-ui/react-popover/-/react-popover-1.1.2.tgz 0ms (cache hit)
439 http cache @radix-ui/react-popper@https://registry.npmjs.org/@radix-ui/react-popper/-/react-popper-1.2.0.tgz 0ms (cache hit)
440 http cache @radix-ui/react-menubar@https://registry.npmjs.org/@radix-ui/react-menubar/-/react-menubar-1.1.2.tgz 1ms (cache hit)
441 http cache @radix-ui/react-navigation-menu@https://registry.npmjs.org/@radix-ui/react-navigation-menu/-/react-navigation-menu-1.2.1.tgz 0ms (cache hit)
442 http cache @radix-ui/react-menu@https://registry.npmjs.org/@radix-ui/react-menu/-/react-menu-2.1.2.tgz 0ms (cache hit)
443 http cache @radix-ui/react-id@https://registry.npmjs.org/@radix-ui/react-id/-/react-id-1.1.0.tgz 0ms (cache hit)
444 http cache @radix-ui/react-label@https://registry.npmjs.org/@radix-ui/react-label/-/react-label-2.1.0.tgz 0ms (cache hit)
445 http cache @radix-ui/react-hover-card@https://registry.npmjs.org/@radix-ui/react-hover-card/-/react-hover-card-1.1.2.tgz 0ms (cache hit)
446 http cache @radix-ui/react-focus-guards@https://registry.npmjs.org/@radix-ui/react-focus-guards/-/react-focus-guards-1.1.1.tgz 0ms (cache hit)
447 http cache @radix-ui/react-focus-scope@https://registry.npmjs.org/@radix-ui/react-focus-scope/-/react-focus-scope-1.1.0.tgz 0ms (cache hit)
448 http cache @radix-ui/react-dropdown-menu@https://registry.npmjs.org/@radix-ui/react-dropdown-menu/-/react-dropdown-menu-2.1.2.tgz 0ms (cache hit)
449 http cache @radix-ui/react-dialog@https://registry.npmjs.org/@radix-ui/react-dialog/-/react-dialog-1.1.2.tgz 0ms (cache hit)
450 http cache @radix-ui/react-dismissable-layer@https://registry.npmjs.org/@radix-ui/react-dismissable-layer/-/react-dismissable-layer-1.1.1.tgz 0ms (cache hit)
451 http cache @radix-ui/react-direction@https://registry.npmjs.org/@radix-ui/react-direction/-/react-direction-1.1.0.tgz 0ms (cache hit)
452 http cache @radix-ui/react-context-menu@https://registry.npmjs.org/@radix-ui/react-context-menu/-/react-context-menu-2.2.2.tgz 0ms (cache hit)
453 http cache @radix-ui/react-context@https://registry.npmjs.org/@radix-ui/react-context/-/react-context-1.1.1.tgz 0ms (cache hit)
454 http cache @radix-ui/react-compose-refs@https://registry.npmjs.org/@radix-ui/react-compose-refs/-/react-compose-refs-1.1.0.tgz 0ms (cache hit)
455 http cache @radix-ui/react-checkbox@https://registry.npmjs.org/@radix-ui/react-checkbox/-/react-checkbox-1.1.2.tgz 1ms (cache hit)
456 http cache @radix-ui/react-collapsible@https://registry.npmjs.org/@radix-ui/react-collapsible/-/react-collapsible-1.1.1.tgz 0ms (cache hit)
457 http cache @radix-ui/react-avatar@https://registry.npmjs.org/@radix-ui/react-avatar/-/react-avatar-1.1.1.tgz 0ms (cache hit)
458 http cache @radix-ui/react-aspect-ratio@https://registry.npmjs.org/@radix-ui/react-aspect-ratio/-/react-aspect-ratio-1.1.0.tgz 0ms (cache hit)
459 http cache @radix-ui/react-arrow@https://registry.npmjs.org/@radix-ui/react-arrow/-/react-arrow-1.1.0.tgz 0ms (cache hit)
460 http cache @radix-ui/react-alert-dialog@https://registry.npmjs.org/@radix-ui/react-alert-dialog/-/react-alert-dialog-1.1.2.tgz 0ms (cache hit)
461 http cache @radix-ui/react-accordion@https://registry.npmjs.org/@radix-ui/react-accordion/-/react-accordion-1.2.1.tgz 0ms (cache hit)
462 http cache @radix-ui/primitive@https://registry.npmjs.org/@radix-ui/primitive/-/primitive-1.1.0.tgz 0ms (cache hit)
463 http cache @radix-ui/number@https://registry.npmjs.org/@radix-ui/number/-/number-1.1.0.tgz 0ms (cache hit)
464 http cache @pkgjs/parseargs@https://registry.npmjs.org/@pkgjs/parseargs/-/parseargs-0.11.0.tgz 0ms (cache hit)
465 http cache @nolyfill/is-core-module@https://registry.npmjs.org/@nolyfill/is-core-module/-/is-core-module-1.0.39.tgz 0ms (cache hit)
466 http cache @nodelib/fs.walk@https://registry.npmjs.org/@nodelib/fs.walk/-/fs.walk-1.2.8.tgz 0ms (cache hit)
467 http cache @nodelib/fs.stat@https://registry.npmjs.org/@nodelib/fs.stat/-/fs.stat-2.0.5.tgz 0ms (cache hit)
468 http cache @nodelib/fs.scandir@https://registry.npmjs.org/@nodelib/fs.scandir/-/fs.scandir-2.1.5.tgz 0ms (cache hit)
469 http cache @next/swc-win32-x64-msvc@https://registry.npmjs.org/@next/swc-win32-x64-msvc/-/swc-win32-x64-msvc-13.5.1.tgz 0ms (cache hit)
470 http cache @next/swc-wasm-nodejs@https://registry.npmjs.org/@next/swc-wasm-nodejs/-/swc-wasm-nodejs-13.5.1.tgz 0ms (cache hit)
471 http cache @next/env@https://registry.npmjs.org/@next/env/-/env-13.5.1.tgz 0ms (cache hit)
472 http cache @next/eslint-plugin-next@https://registry.npmjs.org/@next/eslint-plugin-next/-/eslint-plugin-next-13.5.1.tgz 0ms (cache hit)
473 http cache @netlify/plugin-nextjs@https://registry.npmjs.org/@netlify/plugin-nextjs/-/plugin-nextjs-5.15.1.tgz 0ms (cache hit)
474 http cache @jridgewell/trace-mapping@https://registry.npmjs.org/@jridgewell/trace-mapping/-/trace-mapping-0.3.25.tgz 0ms (cache hit)
475 http cache @jridgewell/set-array@https://registry.npmjs.org/@jridgewell/set-array/-/set-array-1.2.1.tgz 0ms (cache hit)
476 http cache @jridgewell/sourcemap-codec@https://registry.npmjs.org/@jridgewell/sourcemap-codec/-/sourcemap-codec-1.5.0.tgz 0ms (cache hit)
477 http cache @jridgewell/resolve-uri@https://registry.npmjs.org/@jridgewell/resolve-uri/-/resolve-uri-3.1.2.tgz 0ms (cache hit)
478 http cache @jridgewell/gen-mapping@https://registry.npmjs.org/@jridgewell/gen-mapping/-/gen-mapping-0.3.5.tgz 0ms (cache hit)
479 http cache @isaacs/cliui@https://registry.npmjs.org/@isaacs/cliui/-/cliui-8.0.2.tgz 0ms (cache hit)
480 http cache @humanwhocodes/object-schema@https://registry.npmjs.org/@humanwhocodes/object-schema/-/object-schema-2.0.3.tgz 0ms (cache hit)
481 http cache @humanwhocodes/module-importer@https://registry.npmjs.org/@humanwhocodes/module-importer/-/module-importer-1.0.1.tgz 0ms (cache hit)
482 http cache @humanwhocodes/config-array@https://registry.npmjs.org/@humanwhocodes/config-array/-/config-array-0.11.14.tgz 0ms (cache hit)
483 http cache @hookform/resolvers@https://registry.npmjs.org/@hookform/resolvers/-/resolvers-3.9.0.tgz 0ms (cache hit)
484 http cache @floating-ui/utils@https://registry.npmjs.org/@floating-ui/utils/-/utils-0.2.8.tgz 0ms (cache hit)
485 http cache @floating-ui/react-dom@https://registry.npmjs.org/@floating-ui/react-dom/-/react-dom-2.1.2.tgz 0ms (cache hit)
486 http cache @floating-ui/dom@https://registry.npmjs.org/@floating-ui/dom/-/dom-1.6.11.tgz 0ms (cache hit)
487 http cache @floating-ui/core@https://registry.npmjs.org/@floating-ui/core/-/core-1.6.8.tgz 0ms (cache hit)
488 http cache @eslint/js@https://registry.npmjs.org/@eslint/js/-/js-8.49.0.tgz 0ms (cache hit)
489 http cache @eslint/eslintrc@https://registry.npmjs.org/@eslint/eslintrc/-/eslintrc-2.1.4.tgz 0ms (cache hit)
490 http cache @eslint-community/regexpp@https://registry.npmjs.org/@eslint-community/regexpp/-/regexpp-4.11.1.tgz 0ms (cache hit)
491 http cache @eslint-community/eslint-utils@https://registry.npmjs.org/@eslint-community/eslint-utils/-/eslint-utils-4.4.0.tgz 0ms (cache hit)
492 http cache @babel/runtime@https://registry.npmjs.org/@babel/runtime/-/runtime-7.25.7.tgz 0ms (cache hit)
493 http cache @alloc/quick-lru@https://registry.npmjs.org/@alloc/quick-lru/-/quick-lru-5.2.0.tgz 0ms (cache hit)
494 http cache @radix-ui/react-collection@https://registry.npmjs.org/@radix-ui/react-collection/-/react-collection-1.1.0.tgz 0ms (cache hit)
495 http cache strip-ansi@https://registry.npmjs.org/strip-ansi/-/strip-ansi-7.1.0.tgz 0ms (cache hit)
496 http cache ansi-styles@https://registry.npmjs.org/ansi-styles/-/ansi-styles-6.2.1.tgz 0ms (cache hit)
497 http cache ansi-regex@https://registry.npmjs.org/ansi-regex/-/ansi-regex-6.1.0.tgz 0ms (cache hit)
498 http cache emoji-regex@https://registry.npmjs.org/emoji-regex/-/emoji-regex-8.0.0.tgz 0ms (cache hit)
499 http cache string-width@https://registry.npmjs.org/string-width/-/string-width-4.2.3.tgz 0ms (cache hit)
500 http cache minimatch@https://registry.npmjs.org/minimatch/-/minimatch-9.0.5.tgz 0ms (cache hit)
501 http cache strip-ansi@https://registry.npmjs.org/strip-ansi/-/strip-ansi-7.1.0.tgz 0ms (cache hit)
502 http cache emoji-regex@https://registry.npmjs.org/emoji-regex/-/emoji-regex-8.0.0.tgz 0ms (cache hit)
503 http cache ansi-regex@https://registry.npmjs.org/ansi-regex/-/ansi-regex-6.1.0.tgz 0ms (cache hit)
504 http cache glob@https://registry.npmjs.org/glob/-/glob-10.4.5.tgz 0ms (cache hit)
505 http cache brace-expansion@https://registry.npmjs.org/brace-expansion/-/brace-expansion-2.0.1.tgz 0ms (cache hit)
506 http cache lilconfig@https://registry.npmjs.org/lilconfig/-/lilconfig-3.1.2.tgz 0ms (cache hit)
507 http cache zod@https://registry.npmjs.org/zod/-/zod-3.21.4.tgz 0ms (cache hit)
508 http cache postcss@https://registry.npmjs.org/postcss/-/postcss-8.4.14.tgz 0ms (cache hit)
509 http cache glob-parent@https://registry.npmjs.org/glob-parent/-/glob-parent-5.1.2.tgz 0ms (cache hit)
510 http cache semver@https://registry.npmjs.org/semver/-/semver-6.3.1.tgz 0ms (cache hit)
511 http cache semver@https://registry.npmjs.org/semver/-/semver-6.3.1.tgz 0ms (cache hit)
512 http cache doctrine@https://registry.npmjs.org/doctrine/-/doctrine-2.1.0.tgz 0ms (cache hit)
513 http cache debug@https://registry.npmjs.org/debug/-/debug-3.2.7.tgz 0ms (cache hit)
514 http cache debug@https://registry.npmjs.org/debug/-/debug-3.2.7.tgz 0ms (cache hit)
515 http cache debug@https://registry.npmjs.org/debug/-/debug-3.2.7.tgz 0ms (cache hit)
516 http cache eslint-import-resolver-typescript@https://registry.npmjs.org/eslint-import-resolver-typescript/-/eslint-import-resolver-typescript-3.6.3.tgz 0ms (cache hit)
517 http cache resolve@https://registry.npmjs.org/resolve/-/resolve-2.0.0-next.5.tgz 0ms (cache hit)
518 http cache doctrine@https://registry.npmjs.org/doctrine/-/doctrine-2.1.0.tgz 0ms (cache hit)
519 http cache react-remove-scroll@https://registry.npmjs.org/react-remove-scroll/-/react-remove-scroll-2.5.5.tgz 0ms (cache hit)
520 http cache @radix-ui/react-use-layout-effect@https://registry.npmjs.org/@radix-ui/react-use-layout-effect/-/react-use-layout-effect-1.0.1.tgz 0ms (cache hit)
521 http cache @radix-ui/react-use-controllable-state@https://registry.npmjs.org/@radix-ui/react-use-controllable-state/-/react-use-controllable-state-1.0.1.tgz 0ms (cache hit)
522 http cache @radix-ui/react-use-escape-keydown@https://registry.npmjs.org/@radix-ui/react-use-escape-keydown/-/react-use-escape-keydown-1.0.3.tgz 0ms (cache hit)
523 http cache @radix-ui/react-use-callback-ref@https://registry.npmjs.org/@radix-ui/react-use-callback-ref/-/react-use-callback-ref-1.0.1.tgz 0ms (cache hit)
524 http cache @radix-ui/react-slot@https://registry.npmjs.org/@radix-ui/react-slot/-/react-slot-1.0.2.tgz 0ms (cache hit)
525 http cache @radix-ui/react-primitive@https://registry.npmjs.org/@radix-ui/react-primitive/-/react-primitive-1.0.3.tgz 0ms (cache hit)
526 http cache @radix-ui/react-presence@https://registry.npmjs.org/@radix-ui/react-presence/-/react-presence-1.0.1.tgz 0ms (cache hit)
527 http cache @radix-ui/react-id@https://registry.npmjs.org/@radix-ui/react-id/-/react-id-1.0.1.tgz 0ms (cache hit)
528 http cache @radix-ui/react-portal@https://registry.npmjs.org/@radix-ui/react-portal/-/react-portal-1.0.4.tgz 0ms (cache hit)
529 http cache @radix-ui/react-focus-scope@https://registry.npmjs.org/@radix-ui/react-focus-scope/-/react-focus-scope-1.0.4.tgz 0ms (cache hit)
530 http cache @radix-ui/react-focus-guards@https://registry.npmjs.org/@radix-ui/react-focus-guards/-/react-focus-guards-1.0.1.tgz 0ms (cache hit)
531 http cache @radix-ui/react-dialog@https://registry.npmjs.org/@radix-ui/react-dialog/-/react-dialog-1.0.5.tgz 0ms (cache hit)
532 http cache @radix-ui/react-dismissable-layer@https://registry.npmjs.org/@radix-ui/react-dismissable-layer/-/react-dismissable-layer-1.0.5.tgz 0ms (cache hit)
533 http cache @radix-ui/react-compose-refs@https://registry.npmjs.org/@radix-ui/react-compose-refs/-/react-compose-refs-1.0.1.tgz 0ms (cache hit)
534 http cache @radix-ui/react-context@https://registry.npmjs.org/@radix-ui/react-context/-/react-context-1.0.1.tgz 0ms (cache hit)
535 http cache glob-parent@https://registry.npmjs.org/glob-parent/-/glob-parent-5.1.2.tgz 0ms (cache hit)
536 http cache clsx@https://registry.npmjs.org/clsx/-/clsx-2.0.0.tgz 0ms (cache hit)
537 http cache @radix-ui/primitive@https://registry.npmjs.org/@radix-ui/primitive/-/primitive-1.0.1.tgz 0ms (cache hit)
538 http cache minimatch@https://registry.npmjs.org/minimatch/-/minimatch-9.0.3.tgz 0ms (cache hit)
539 http cache brace-expansion@https://registry.npmjs.org/brace-expansion/-/brace-expansion-2.0.1.tgz 0ms (cache hit)
540 http cache @radix-ui/react-context@https://registry.npmjs.org/@radix-ui/react-context/-/react-context-1.1.0.tgz 0ms (cache hit)
541 http cache @radix-ui/react-context@https://registry.npmjs.org/@radix-ui/react-context/-/react-context-1.1.0.tgz 0ms (cache hit)
542 http cache @radix-ui/react-context@https://registry.npmjs.org/@radix-ui/react-context/-/react-context-1.1.0.tgz 0ms (cache hit)
543 http cache @radix-ui/react-context@https://registry.npmjs.org/@radix-ui/react-context/-/react-context-1.1.0.tgz 0ms (cache hit)
544 http cache @radix-ui/react-context@https://registry.npmjs.org/@radix-ui/react-context/-/react-context-1.1.0.tgz 0ms (cache hit)
545 http cache strip-ansi@https://registry.npmjs.org/strip-ansi/-/strip-ansi-7.1.0.tgz 0ms (cache hit)
546 http cache ansi-regex@https://registry.npmjs.org/ansi-regex/-/ansi-regex-6.1.0.tgz 0ms (cache hit)
547 http cache @types/d3-path@https://registry.npmjs.org/@types/d3-path/-/d3-path-3.1.0.tgz 0ms (cache hit)
548 silly tarball no local data for yocto-queue@https://registry.npmjs.org/yocto-queue/-/yocto-queue-0.1.0.tgz. Extracting by manifest.
549 silly tarball no local data for zod@https://registry.npmjs.org/zod/-/zod-3.23.8.tgz. Extracting by manifest.
550 silly tarball no local data for yaml@https://registry.npmjs.org/yaml/-/yaml-2.5.1.tgz. Extracting by manifest.
551 silly tarball no local data for ws@https://registry.npmjs.org/ws/-/ws-8.18.3.tgz. Extracting by manifest.
552 silly tarball no local data for wrappy@https://registry.npmjs.org/wrappy/-/wrappy-1.0.2.tgz. Extracting by manifest.
553 silly tarball no local data for wrap-ansi-cjs@https://registry.npmjs.org/wrap-ansi/-/wrap-ansi-7.0.0.tgz. Extracting by manifest.
554 silly tarball no local data for wrap-ansi@https://registry.npmjs.org/wrap-ansi/-/wrap-ansi-8.1.0.tgz. Extracting by manifest.
555 silly tarball no local data for word-wrap@https://registry.npmjs.org/word-wrap/-/word-wrap-1.2.5.tgz. Extracting by manifest.
556 silly tarball no local data for which-typed-array@https://registry.npmjs.org/which-typed-array/-/which-typed-array-1.1.15.tgz. Extracting by manifest.
557 silly tarball no local data for which-collection@https://registry.npmjs.org/which-collection/-/which-collection-1.0.2.tgz. Extracting by manifest.
558 silly tarball no local data for which-builtin-type@https://registry.npmjs.org/which-builtin-type/-/which-builtin-type-1.1.4.tgz. Extracting by manifest.
559 silly tarball no local data for which-boxed-primitive@https://registry.npmjs.org/which-boxed-primitive/-/which-boxed-primitive-1.0.2.tgz. Extracting by manifest.
560 silly tarball no local data for which@https://registry.npmjs.org/which/-/which-2.0.2.tgz. Extracting by manifest.
561 silly tarball no local data for whatwg-url@https://registry.npmjs.org/whatwg-url/-/whatwg-url-5.0.0.tgz. Extracting by manifest.
562 silly tarball no local data for webidl-conversions@https://registry.npmjs.org/webidl-conversions/-/webidl-conversions-3.0.1.tgz. Extracting by manifest.
563 silly tarball no local data for watchpack@https://registry.npmjs.org/watchpack/-/watchpack-2.4.0.tgz. Extracting by manifest.
564 silly tarball no local data for victory-vendor@https://registry.npmjs.org/victory-vendor/-/victory-vendor-36.9.2.tgz. Extracting by manifest.
565 silly tarball no local data for vaul@https://registry.npmjs.org/vaul/-/vaul-0.9.9.tgz. Extracting by manifest.
566 silly tarball no local data for util-deprecate@https://registry.npmjs.org/util-deprecate/-/util-deprecate-1.0.2.tgz. Extracting by manifest.
567 silly tarball no local data for use-sidecar@https://registry.npmjs.org/use-sidecar/-/use-sidecar-1.1.2.tgz. Extracting by manifest.
568 silly tarball no local data for use-callback-ref@https://registry.npmjs.org/use-callback-ref/-/use-callback-ref-1.3.2.tgz. Extracting by manifest.
569 silly tarball no local data for uri-js@https://registry.npmjs.org/uri-js/-/uri-js-4.4.1.tgz. Extracting by manifest.
570 silly tarball no local data for update-browserslist-db@https://registry.npmjs.org/update-browserslist-db/-/update-browserslist-db-1.1.1.tgz. Extracting by manifest.
571 silly tarball no local data for unbox-primitive@https://registry.npmjs.org/unbox-primitive/-/unbox-primitive-1.0.2.tgz. Extracting by manifest.
572 silly tarball no local data for typescript@https://registry.npmjs.org/typescript/-/typescript-5.2.2.tgz. Extracting by manifest.
573 silly tarball no local data for typed-array-length@https://registry.npmjs.org/typed-array-length/-/typed-array-length-1.0.6.tgz. Extracting by manifest.
574 silly tarball no local data for typed-array-byte-offset@https://registry.npmjs.org/typed-array-byte-offset/-/typed-array-byte-offset-1.0.2.tgz. Extracting by manifest.
575 silly tarball no local data for typed-array-byte-length@https://registry.npmjs.org/typed-array-byte-length/-/typed-array-byte-length-1.0.1.tgz. Extracting by manifest.
576 silly tarball no local data for typed-array-buffer@https://registry.npmjs.org/typed-array-buffer/-/typed-array-buffer-1.0.2.tgz. Extracting by manifest.
577 silly tarball no local data for type-fest@https://registry.npmjs.org/type-fest/-/type-fest-0.20.2.tgz. Extracting by manifest.
578 silly tarball no local data for type-check@https://registry.npmjs.org/type-check/-/type-check-0.4.0.tgz. Extracting by manifest.
579 silly tarball no local data for tslib@https://registry.npmjs.org/tslib/-/tslib-2.7.0.tgz. Extracting by manifest.
580 silly tarball no local data for tsconfig-paths@https://registry.npmjs.org/tsconfig-paths/-/tsconfig-paths-3.15.0.tgz. Extracting by manifest.
581 silly tarball no local data for ts-interface-checker@https://registry.npmjs.org/ts-interface-checker/-/ts-interface-checker-0.1.13.tgz. Extracting by manifest.
582 silly tarball no local data for tr46@https://registry.npmjs.org/tr46/-/tr46-0.0.3.tgz. Extracting by manifest.
583 silly tarball no local data for ts-api-utils@https://registry.npmjs.org/ts-api-utils/-/ts-api-utils-1.3.0.tgz. Extracting by manifest.
584 silly tarball no local data for to-regex-range@https://registry.npmjs.org/to-regex-range/-/to-regex-range-5.0.1.tgz. Extracting by manifest.
585 silly tarball no local data for tiny-invariant@https://registry.npmjs.org/tiny-invariant/-/tiny-invariant-1.3.3.tgz. Extracting by manifest.
586 silly tarball no local data for thenify-all@https://registry.npmjs.org/thenify-all/-/thenify-all-1.6.0.tgz. Extracting by manifest.
587 silly tarball no local data for thenify@https://registry.npmjs.org/thenify/-/thenify-3.3.1.tgz. Extracting by manifest.
588 silly tarball no local data for text-table@https://registry.npmjs.org/text-table/-/text-table-0.2.0.tgz. Extracting by manifest.
589 silly tarball no local data for tapable@https://registry.npmjs.org/tapable/-/tapable-2.2.1.tgz. Extracting by manifest.
590 silly tarball no local data for tailwindcss-animate@https://registry.npmjs.org/tailwindcss-animate/-/tailwindcss-animate-1.0.7.tgz. Extracting by manifest.
591 silly tarball no local data for tailwindcss@https://registry.npmjs.org/tailwindcss/-/tailwindcss-3.3.3.tgz. Extracting by manifest.
592 silly tarball no local data for tailwind-merge@https://registry.npmjs.org/tailwind-merge/-/tailwind-merge-2.5.3.tgz. Extracting by manifest.
593 silly tarball no local data for supports-preserve-symlinks-flag@https://registry.npmjs.org/supports-preserve-symlinks-flag/-/supports-preserve-symlinks-flag-1.0.0.tgz. Extracting by manifest.
594 silly tarball no local data for supports-color@https://registry.npmjs.org/supports-color/-/supports-color-7.2.0.tgz. Extracting by manifest.
595 silly tarball no local data for sucrase@https://registry.npmjs.org/sucrase/-/sucrase-3.35.0.tgz. Extracting by manifest.
596 silly tarball no local data for styled-jsx@https://registry.npmjs.org/styled-jsx/-/styled-jsx-5.1.1.tgz. Extracting by manifest.
597 silly tarball no local data for strip-json-comments@https://registry.npmjs.org/strip-json-comments/-/strip-json-comments-3.1.1.tgz. Extracting by manifest.
598 silly tarball no local data for strip-bom@https://registry.npmjs.org/strip-bom/-/strip-bom-3.0.0.tgz. Extracting by manifest.
599 silly tarball no local data for strip-ansi-cjs@https://registry.npmjs.org/strip-ansi/-/strip-ansi-6.0.1.tgz. Extracting by manifest.
600 silly tarball no local data for strip-ansi@https://registry.npmjs.org/strip-ansi/-/strip-ansi-6.0.1.tgz. Extracting by manifest.
601 silly tarball no local data for string.prototype.trimstart@https://registry.npmjs.org/string.prototype.trimstart/-/string.prototype.trimstart-1.0.8.tgz. Extracting by manifest.
602 silly tarball no local data for string.prototype.trimend@https://registry.npmjs.org/string.prototype.trimend/-/string.prototype.trimend-1.0.8.tgz. Extracting by manifest.
603 silly tarball no local data for string.prototype.trim@https://registry.npmjs.org/string.prototype.trim/-/string.prototype.trim-1.2.9.tgz. Extracting by manifest.
604 silly tarball no local data for string.prototype.repeat@https://registry.npmjs.org/string.prototype.repeat/-/string.prototype.repeat-1.0.0.tgz. Extracting by manifest.
605 silly tarball no local data for string.prototype.matchall@https://registry.npmjs.org/string.prototype.matchall/-/string.prototype.matchall-4.0.11.tgz. Extracting by manifest.
606 silly tarball no local data for string.prototype.includes@https://registry.npmjs.org/string.prototype.includes/-/string.prototype.includes-2.0.0.tgz. Extracting by manifest.
607 silly tarball no local data for string-width@https://registry.npmjs.org/string-width/-/string-width-5.1.2.tgz. Extracting by manifest.
608 silly tarball no local data for string-width-cjs@https://registry.npmjs.org/string-width/-/string-width-4.2.3.tgz. Extracting by manifest.
609 silly tarball no local data for streamsearch@https://registry.npmjs.org/streamsearch/-/streamsearch-1.1.0.tgz. Extracting by manifest.
610 silly tarball no local data for stop-iteration-iterator@https://registry.npmjs.org/stop-iteration-iterator/-/stop-iteration-iterator-1.0.0.tgz. Extracting by manifest.
611 silly tarball no local data for source-map-js@https://registry.npmjs.org/source-map-js/-/source-map-js-1.2.1.tgz. Extracting by manifest.
612 silly tarball no local data for sonner@https://registry.npmjs.org/sonner/-/sonner-1.5.0.tgz. Extracting by manifest.
613 silly tarball no local data for slash@https://registry.npmjs.org/slash/-/slash-3.0.0.tgz. Extracting by manifest.
614 silly tarball no local data for signal-exit@https://registry.npmjs.org/signal-exit/-/signal-exit-4.1.0.tgz. Extracting by manifest.
615 silly tarball no local data for side-channel@https://registry.npmjs.org/side-channel/-/side-channel-1.0.6.tgz. Extracting by manifest.
616 silly tarball no local data for shebang-regex@https://registry.npmjs.org/shebang-regex/-/shebang-regex-3.0.0.tgz. Extracting by manifest.
617 silly tarball no local data for shebang-command@https://registry.npmjs.org/shebang-command/-/shebang-command-2.0.0.tgz. Extracting by manifest.
618 silly tarball no local data for set-function-name@https://registry.npmjs.org/set-function-name/-/set-function-name-2.0.2.tgz. Extracting by manifest.
619 silly tarball no local data for set-function-length@https://registry.npmjs.org/set-function-length/-/set-function-length-1.2.2.tgz. Extracting by manifest.
620 silly tarball no local data for semver@https://registry.npmjs.org/semver/-/semver-7.6.3.tgz. Extracting by manifest.
621 silly tarball no local data for scheduler@https://registry.npmjs.org/scheduler/-/scheduler-0.23.2.tgz. Extracting by manifest.
622 silly tarball no local data for safe-regex-test@https://registry.npmjs.org/safe-regex-test/-/safe-regex-test-1.0.3.tgz. Extracting by manifest.
623 silly tarball no local data for safe-array-concat@https://registry.npmjs.org/safe-array-concat/-/safe-array-concat-1.1.2.tgz. Extracting by manifest.
624 silly tarball no local data for run-parallel@https://registry.npmjs.org/run-parallel/-/run-parallel-1.2.0.tgz. Extracting by manifest.
625 silly tarball no local data for rimraf@https://registry.npmjs.org/rimraf/-/rimraf-3.0.2.tgz. Extracting by manifest.
626 silly tarball no local data for reusify@https://registry.npmjs.org/reusify/-/reusify-1.0.4.tgz. Extracting by manifest.
627 silly tarball no local data for resolve-pkg-maps@https://registry.npmjs.org/resolve-pkg-maps/-/resolve-pkg-maps-1.0.0.tgz. Extracting by manifest.
628 silly tarball no local data for resolve-from@https://registry.npmjs.org/resolve-from/-/resolve-from-4.0.0.tgz. Extracting by manifest.
629 silly tarball no local data for resolve@https://registry.npmjs.org/resolve/-/resolve-1.22.8.tgz. Extracting by manifest.
630 silly tarball no local data for regexp.prototype.flags@https://registry.npmjs.org/regexp.prototype.flags/-/regexp.prototype.flags-1.5.3.tgz. Extracting by manifest.
631 silly tarball no local data for regenerator-runtime@https://registry.npmjs.org/regenerator-runtime/-/regenerator-runtime-0.14.1.tgz. Extracting by manifest.
632 silly tarball no local data for reflect.getprototypeof@https://registry.npmjs.org/reflect.getprototypeof/-/reflect.getprototypeof-1.0.6.tgz. Extracting by manifest.
633 silly tarball no local data for recharts-scale@https://registry.npmjs.org/recharts-scale/-/recharts-scale-0.4.5.tgz. Extracting by manifest.
634 silly tarball no local data for recharts@https://registry.npmjs.org/recharts/-/recharts-2.12.7.tgz. Extracting by manifest.
635 silly tarball no local data for readdirp@https://registry.npmjs.org/readdirp/-/readdirp-3.6.0.tgz. Extracting by manifest.
636 silly tarball no local data for read-cache@https://registry.npmjs.org/read-cache/-/read-cache-1.0.0.tgz. Extracting by manifest.
637 silly tarball no local data for react-transition-group@https://registry.npmjs.org/react-transition-group/-/react-transition-group-4.4.5.tgz. Extracting by manifest.
638 silly tarball no local data for react-style-singleton@https://registry.npmjs.org/react-style-singleton/-/react-style-singleton-2.2.1.tgz. Extracting by manifest.
639 silly tarball no local data for react-smooth@https://registry.npmjs.org/react-smooth/-/react-smooth-4.0.1.tgz. Extracting by manifest.
640 silly tarball no local data for react-remove-scroll-bar@https://registry.npmjs.org/react-remove-scroll-bar/-/react-remove-scroll-bar-2.3.6.tgz. Extracting by manifest.
641 silly tarball no local data for react-resizable-panels@https://registry.npmjs.org/react-resizable-panels/-/react-resizable-panels-2.1.4.tgz. Extracting by manifest.
642 silly tarball no local data for react-is@https://registry.npmjs.org/react-is/-/react-is-16.13.1.tgz. Extracting by manifest.
643 silly tarball no local data for react-remove-scroll@https://registry.npmjs.org/react-remove-scroll/-/react-remove-scroll-2.6.0.tgz. Extracting by manifest.
644 silly tarball no local data for react-hook-form@https://registry.npmjs.org/react-hook-form/-/react-hook-form-7.53.0.tgz. Extracting by manifest.
645 silly tarball no local data for react-day-picker@https://registry.npmjs.org/react-day-picker/-/react-day-picker-8.10.1.tgz. Extracting by manifest.
646 silly tarball no local data for react@https://registry.npmjs.org/react/-/react-18.2.0.tgz. Extracting by manifest.
647 silly tarball no local data for queue-microtask@https://registry.npmjs.org/queue-microtask/-/queue-microtask-1.2.3.tgz. Extracting by manifest.
648 silly tarball no local data for react-dom@https://registry.npmjs.org/react-dom/-/react-dom-18.2.0.tgz. Extracting by manifest.
649 silly tarball no local data for prelude-ls@https://registry.npmjs.org/prelude-ls/-/prelude-ls-1.2.1.tgz. Extracting by manifest.
650 silly tarball no local data for punycode@https://registry.npmjs.org/punycode/-/punycode-2.3.1.tgz. Extracting by manifest.
651 silly tarball no local data for prop-types@https://registry.npmjs.org/prop-types/-/prop-types-15.8.1.tgz. Extracting by manifest.
652 silly tarball no local data for postcss-selector-parser@https://registry.npmjs.org/postcss-selector-parser/-/postcss-selector-parser-6.1.2.tgz. Extracting by manifest.
653 silly tarball no local data for postcss-js@https://registry.npmjs.org/postcss-js/-/postcss-js-4.0.1.tgz. Extracting by manifest.
654 silly tarball no local data for postcss-nested@https://registry.npmjs.org/postcss-nested/-/postcss-nested-6.2.0.tgz. Extracting by manifest.
655 silly tarball no local data for postcss-value-parser@https://registry.npmjs.org/postcss-value-parser/-/postcss-value-parser-4.2.0.tgz. Extracting by manifest.
656 silly tarball no local data for postcss-load-config@https://registry.npmjs.org/postcss-load-config/-/postcss-load-config-4.0.2.tgz. Extracting by manifest.
657 silly tarball no local data for postcss@https://registry.npmjs.org/postcss/-/postcss-8.4.30.tgz. Extracting by manifest.
658 silly tarball no local data for postcss-import@https://registry.npmjs.org/postcss-import/-/postcss-import-15.1.0.tgz. Extracting by manifest.
659 silly tarball no local data for pirates@https://registry.npmjs.org/pirates/-/pirates-4.0.6.tgz. Extracting by manifest.
660 silly tarball no local data for pify@https://registry.npmjs.org/pify/-/pify-2.3.0.tgz. Extracting by manifest.
661 silly tarball no local data for picomatch@https://registry.npmjs.org/picomatch/-/picomatch-2.3.1.tgz. Extracting by manifest.
662 silly tarball no local data for picocolors@https://registry.npmjs.org/picocolors/-/picocolors-1.1.0.tgz. Extracting by manifest.
663 silly tarball no local data for path-type@https://registry.npmjs.org/path-type/-/path-type-4.0.0.tgz. Extracting by manifest.
664 silly tarball no local data for path-scurry@https://registry.npmjs.org/path-scurry/-/path-scurry-1.11.1.tgz. Extracting by manifest.
665 silly tarball no local data for path-parse@https://registry.npmjs.org/path-parse/-/path-parse-1.0.7.tgz. Extracting by manifest.
666 silly tarball no local data for path-key@https://registry.npmjs.org/path-key/-/path-key-3.1.1.tgz. Extracting by manifest.
667 silly tarball no local data for path-is-absolute@https://registry.npmjs.org/path-is-absolute/-/path-is-absolute-1.0.1.tgz. Extracting by manifest.
668 silly tarball no local data for path-exists@https://registry.npmjs.org/path-exists/-/path-exists-4.0.0.tgz. Extracting by manifest.
669 silly tarball no local data for possible-typed-array-names@https://registry.npmjs.org/possible-typed-array-names/-/possible-typed-array-names-1.0.0.tgz. Extracting by manifest.
670 silly tarball no local data for package-json-from-dist@https://registry.npmjs.org/package-json-from-dist/-/package-json-from-dist-1.0.1.tgz. Extracting by manifest.
671 silly tarball no local data for p-limit@https://registry.npmjs.org/p-limit/-/p-limit-3.1.0.tgz. Extracting by manifest.
672 silly tarball no local data for p-locate@https://registry.npmjs.org/p-locate/-/p-locate-5.0.0.tgz. Extracting by manifest.
673 silly tarball no local data for optionator@https://registry.npmjs.org/optionator/-/optionator-0.9.4.tgz. Extracting by manifest.
674 silly tarball no local data for once@https://registry.npmjs.org/once/-/once-1.4.0.tgz. Extracting by manifest.
675 silly tarball no local data for object.values@https://registry.npmjs.org/object.values/-/object.values-1.2.0.tgz. Extracting by manifest.
676 silly tarball no local data for object.groupby@https://registry.npmjs.org/object.groupby/-/object.groupby-1.0.3.tgz. Extracting by manifest.
677 silly tarball no local data for object.fromentries@https://registry.npmjs.org/object.fromentries/-/object.fromentries-2.0.8.tgz. Extracting by manifest.
678 silly tarball no local data for object.entries@https://registry.npmjs.org/object.entries/-/object.entries-1.1.8.tgz. Extracting by manifest.
679 silly tarball no local data for object.assign@https://registry.npmjs.org/object.assign/-/object.assign-4.1.5.tgz. Extracting by manifest.
680 silly tarball no local data for object-keys@https://registry.npmjs.org/object-keys/-/object-keys-1.1.1.tgz. Extracting by manifest.
681 silly tarball no local data for object-is@https://registry.npmjs.org/object-is/-/object-is-1.1.6.tgz. Extracting by manifest.
682 silly tarball no local data for object-inspect@https://registry.npmjs.org/object-inspect/-/object-inspect-1.13.2.tgz. Extracting by manifest.
683 silly tarball no local data for object-hash@https://registry.npmjs.org/object-hash/-/object-hash-3.0.0.tgz. Extracting by manifest.
684 silly tarball no local data for object-assign@https://registry.npmjs.org/object-assign/-/object-assign-4.1.1.tgz. Extracting by manifest.
685 silly tarball no local data for normalize-range@https://registry.npmjs.org/normalize-range/-/normalize-range-0.1.2.tgz. Extracting by manifest.
686 silly tarball no local data for normalize-path@https://registry.npmjs.org/normalize-path/-/normalize-path-3.0.0.tgz. Extracting by manifest.
687 silly tarball no local data for node-releases@https://registry.npmjs.org/node-releases/-/node-releases-2.0.18.tgz. Extracting by manifest.
688 silly tarball no local data for next-themes@https://registry.npmjs.org/next-themes/-/next-themes-0.3.0.tgz. Extracting by manifest.
689 silly tarball no local data for next@https://registry.npmjs.org/next/-/next-13.5.1.tgz. Extracting by manifest.
690 silly tarball no local data for natural-compare@https://registry.npmjs.org/natural-compare/-/natural-compare-1.4.0.tgz. Extracting by manifest.
691 silly tarball no local data for nanoid@https://registry.npmjs.org/nanoid/-/nanoid-3.3.7.tgz. Extracting by manifest.
692 silly tarball no local data for mz@https://registry.npmjs.org/mz/-/mz-2.7.0.tgz. Extracting by manifest.
693 silly tarball no local data for ms@https://registry.npmjs.org/ms/-/ms-2.1.3.tgz. Extracting by manifest.
694 silly tarball no local data for minipass@https://registry.npmjs.org/minipass/-/minipass-7.1.2.tgz. Extracting by manifest.
695 silly tarball no local data for minimist@https://registry.npmjs.org/minimist/-/minimist-1.2.8.tgz. Extracting by manifest.
696 silly tarball no local data for minimatch@https://registry.npmjs.org/minimatch/-/minimatch-3.1.2.tgz. Extracting by manifest.
697 silly tarball no local data for micromatch@https://registry.npmjs.org/micromatch/-/micromatch-4.0.8.tgz. Extracting by manifest.
698 silly tarball no local data for merge2@https://registry.npmjs.org/merge2/-/merge2-1.4.1.tgz. Extracting by manifest.
699 silly tarball no local data for lucide-react@https://registry.npmjs.org/lucide-react/-/lucide-react-0.446.0.tgz. Extracting by manifest.
700 silly tarball no local data for lru-cache@https://registry.npmjs.org/lru-cache/-/lru-cache-10.4.3.tgz. Extracting by manifest.
701 silly tarball no local data for loose-envify@https://registry.npmjs.org/loose-envify/-/loose-envify-1.4.0.tgz. Extracting by manifest.
702 silly tarball no local data for lodash.merge@https://registry.npmjs.org/lodash.merge/-/lodash.merge-4.6.2.tgz. Extracting by manifest.
703 silly tarball no local data for lodash@https://registry.npmjs.org/lodash/-/lodash-4.17.21.tgz. Extracting by manifest.
704 silly tarball no local data for locate-path@https://registry.npmjs.org/locate-path/-/locate-path-6.0.0.tgz. Extracting by manifest.
705 silly tarball no local data for lines-and-columns@https://registry.npmjs.org/lines-and-columns/-/lines-and-columns-1.2.4.tgz. Extracting by manifest.
706 silly tarball no local data for lilconfig@https://registry.npmjs.org/lilconfig/-/lilconfig-2.1.0.tgz. Extracting by manifest.
707 silly tarball no local data for levn@https://registry.npmjs.org/levn/-/levn-0.4.1.tgz. Extracting by manifest.
708 silly tarball no local data for language-tags@https://registry.npmjs.org/language-tags/-/language-tags-1.0.9.tgz. Extracting by manifest.
709 silly tarball no local data for language-subtag-registry@https://registry.npmjs.org/language-subtag-registry/-/language-subtag-registry-0.3.23.tgz. Extracting by manifest.
710 silly tarball no local data for keyv@https://registry.npmjs.org/keyv/-/keyv-4.5.4.tgz. Extracting by manifest.
711 silly tarball no local data for jsx-ast-utils@https://registry.npmjs.org/jsx-ast-utils/-/jsx-ast-utils-3.3.5.tgz. Extracting by manifest.
712 silly tarball no local data for json5@https://registry.npmjs.org/json5/-/json5-1.0.2.tgz. Extracting by manifest.
713 silly tarball no local data for json-stable-stringify-without-jsonify@https://registry.npmjs.org/json-stable-stringify-without-jsonify/-/json-stable-stringify-without-jsonify-1.0.1.tgz. Extracting by manifest.
714 silly tarball no local data for json-schema-traverse@https://registry.npmjs.org/json-schema-traverse/-/json-schema-traverse-0.4.1.tgz. Extracting by manifest.
715 silly tarball no local data for json-buffer@https://registry.npmjs.org/json-buffer/-/json-buffer-3.0.1.tgz. Extracting by manifest.
716 silly tarball no local data for js-yaml@https://registry.npmjs.org/js-yaml/-/js-yaml-4.1.0.tgz. Extracting by manifest.
717 silly tarball no local data for js-tokens@https://registry.npmjs.org/js-tokens/-/js-tokens-4.0.0.tgz. Extracting by manifest.
718 silly tarball no local data for jiti@https://registry.npmjs.org/jiti/-/jiti-1.21.6.tgz. Extracting by manifest.
719 silly tarball no local data for jackspeak@https://registry.npmjs.org/jackspeak/-/jackspeak-3.4.3.tgz. Extracting by manifest.
720 silly tarball no local data for iterator.prototype@https://registry.npmjs.org/iterator.prototype/-/iterator.prototype-1.1.3.tgz. Extracting by manifest.
721 silly tarball no local data for isexe@https://registry.npmjs.org/isexe/-/isexe-2.0.0.tgz. Extracting by manifest.
722 silly tarball no local data for isarray@https://registry.npmjs.org/isarray/-/isarray-2.0.5.tgz. Extracting by manifest.
723 silly tarball no local data for is-weakset@https://registry.npmjs.org/is-weakset/-/is-weakset-2.0.3.tgz. Extracting by manifest.
724 silly tarball no local data for is-weakref@https://registry.npmjs.org/is-weakref/-/is-weakref-1.0.2.tgz. Extracting by manifest.
725 silly tarball no local data for is-weakmap@https://registry.npmjs.org/is-weakmap/-/is-weakmap-2.0.2.tgz. Extracting by manifest.
726 silly tarball no local data for is-typed-array@https://registry.npmjs.org/is-typed-array/-/is-typed-array-1.1.13.tgz. Extracting by manifest.
727 silly tarball no local data for is-symbol@https://registry.npmjs.org/is-symbol/-/is-symbol-1.0.4.tgz. Extracting by manifest.
728 silly tarball no local data for is-string@https://registry.npmjs.org/is-string/-/is-string-1.0.7.tgz. Extracting by manifest.
729 silly tarball no local data for is-shared-array-buffer@https://registry.npmjs.org/is-shared-array-buffer/-/is-shared-array-buffer-1.0.3.tgz. Extracting by manifest.
730 silly tarball no local data for is-set@https://registry.npmjs.org/is-set/-/is-set-2.0.3.tgz. Extracting by manifest.
731 silly tarball no local data for is-regex@https://registry.npmjs.org/is-regex/-/is-regex-1.1.4.tgz. Extracting by manifest.
732 silly tarball no local data for is-path-inside@https://registry.npmjs.org/is-path-inside/-/is-path-inside-3.0.3.tgz. Extracting by manifest.
733 silly tarball no local data for is-number-object@https://registry.npmjs.org/is-number-object/-/is-number-object-1.0.7.tgz. Extracting by manifest.
734 silly tarball no local data for is-number@https://registry.npmjs.org/is-number/-/is-number-7.0.0.tgz. Extracting by manifest.
735 silly tarball no local data for is-negative-zero@https://registry.npmjs.org/is-negative-zero/-/is-negative-zero-2.0.3.tgz. Extracting by manifest.
736 silly tarball no local data for is-map@https://registry.npmjs.org/is-map/-/is-map-2.0.3.tgz. Extracting by manifest.
737 silly tarball no local data for is-glob@https://registry.npmjs.org/is-glob/-/is-glob-4.0.3.tgz. Extracting by manifest.
738 silly tarball no local data for is-generator-function@https://registry.npmjs.org/is-generator-function/-/is-generator-function-1.0.10.tgz. Extracting by manifest.
739 silly tarball no local data for is-fullwidth-code-point@https://registry.npmjs.org/is-fullwidth-code-point/-/is-fullwidth-code-point-3.0.0.tgz. Extracting by manifest.
740 silly tarball no local data for is-finalizationregistry@https://registry.npmjs.org/is-finalizationregistry/-/is-finalizationregistry-1.0.2.tgz. Extracting by manifest.
741 silly tarball no local data for is-extglob@https://registry.npmjs.org/is-extglob/-/is-extglob-2.1.1.tgz. Extracting by manifest.
742 silly tarball no local data for is-date-object@https://registry.npmjs.org/is-date-object/-/is-date-object-1.0.5.tgz. Extracting by manifest.
743 silly tarball no local data for is-data-view@https://registry.npmjs.org/is-data-view/-/is-data-view-1.0.1.tgz. Extracting by manifest.
744 silly tarball no local data for is-core-module@https://registry.npmjs.org/is-core-module/-/is-core-module-2.15.1.tgz. Extracting by manifest.
745 silly tarball no local data for is-callable@https://registry.npmjs.org/is-callable/-/is-callable-1.2.7.tgz. Extracting by manifest.
746 silly tarball no local data for is-bun-module@https://registry.npmjs.org/is-bun-module/-/is-bun-module-1.2.1.tgz. Extracting by manifest.
747 silly tarball no local data for is-boolean-object@https://registry.npmjs.org/is-boolean-object/-/is-boolean-object-1.1.2.tgz. Extracting by manifest.
748 silly tarball no local data for is-binary-path@https://registry.npmjs.org/is-binary-path/-/is-binary-path-2.1.0.tgz. Extracting by manifest.
749 silly tarball no local data for is-bigint@https://registry.npmjs.org/is-bigint/-/is-bigint-1.0.4.tgz. Extracting by manifest.
750 silly tarball no local data for is-async-function@https://registry.npmjs.org/is-async-function/-/is-async-function-2.0.0.tgz. Extracting by manifest.
751 silly tarball no local data for is-array-buffer@https://registry.npmjs.org/is-array-buffer/-/is-array-buffer-3.0.4.tgz. Extracting by manifest.
752 silly tarball no local data for is-arguments@https://registry.npmjs.org/is-arguments/-/is-arguments-1.1.1.tgz. Extracting by manifest.
753 silly tarball no local data for invariant@https://registry.npmjs.org/invariant/-/invariant-2.2.4.tgz. Extracting by manifest.
754 silly tarball no local data for internmap@https://registry.npmjs.org/internmap/-/internmap-2.0.3.tgz. Extracting by manifest.
755 silly tarball no local data for internal-slot@https://registry.npmjs.org/internal-slot/-/internal-slot-1.0.7.tgz. Extracting by manifest.
756 silly tarball no local data for input-otp@https://registry.npmjs.org/input-otp/-/input-otp-1.2.4.tgz. Extracting by manifest.
757 silly tarball no local data for inherits@https://registry.npmjs.org/inherits/-/inherits-2.0.4.tgz. Extracting by manifest.
758 silly tarball no local data for inflight@https://registry.npmjs.org/inflight/-/inflight-1.0.6.tgz. Extracting by manifest.
759 silly tarball no local data for imurmurhash@https://registry.npmjs.org/imurmurhash/-/imurmurhash-0.1.4.tgz. Extracting by manifest.
760 silly tarball no local data for import-fresh@https://registry.npmjs.org/import-fresh/-/import-fresh-3.3.0.tgz. Extracting by manifest.
761 silly tarball no local data for ignore@https://registry.npmjs.org/ignore/-/ignore-5.3.2.tgz. Extracting by manifest.
762 silly tarball no local data for hasown@https://registry.npmjs.org/hasown/-/hasown-2.0.2.tgz. Extracting by manifest.
763 silly tarball no local data for has-tostringtag@https://registry.npmjs.org/has-tostringtag/-/has-tostringtag-1.0.2.tgz. Extracting by manifest.
764 silly tarball no local data for has-symbols@https://registry.npmjs.org/has-symbols/-/has-symbols-1.0.3.tgz. Extracting by manifest.
765 silly tarball no local data for has-proto@https://registry.npmjs.org/has-proto/-/has-proto-1.0.3.tgz. Extracting by manifest.
766 silly tarball no local data for has-property-descriptors@https://registry.npmjs.org/has-property-descriptors/-/has-property-descriptors-1.0.2.tgz. Extracting by manifest.
767 silly tarball no local data for has-flag@https://registry.npmjs.org/has-flag/-/has-flag-4.0.0.tgz. Extracting by manifest.
768 silly tarball no local data for has-bigints@https://registry.npmjs.org/has-bigints/-/has-bigints-1.0.2.tgz. Extracting by manifest.
769 silly tarball no local data for graphemer@https://registry.npmjs.org/graphemer/-/graphemer-1.4.0.tgz. Extracting by manifest.
770 silly tarball no local data for graceful-fs@https://registry.npmjs.org/graceful-fs/-/graceful-fs-4.2.11.tgz. Extracting by manifest.
771 silly tarball no local data for gopd@https://registry.npmjs.org/gopd/-/gopd-1.0.1.tgz. Extracting by manifest.
772 silly tarball no local data for globby@https://registry.npmjs.org/globby/-/globby-11.1.0.tgz. Extracting by manifest.
773 silly tarball no local data for globalthis@https://registry.npmjs.org/globalthis/-/globalthis-1.0.4.tgz. Extracting by manifest.
774 silly tarball no local data for globals@https://registry.npmjs.org/globals/-/globals-13.24.0.tgz. Extracting by manifest.
775 silly tarball no local data for glob-to-regexp@https://registry.npmjs.org/glob-to-regexp/-/glob-to-regexp-0.4.1.tgz. Extracting by manifest.
776 silly tarball no local data for glob-parent@https://registry.npmjs.org/glob-parent/-/glob-parent-6.0.2.tgz. Extracting by manifest.
777 silly tarball no local data for get-tsconfig@https://registry.npmjs.org/get-tsconfig/-/get-tsconfig-4.8.1.tgz. Extracting by manifest.
778 silly tarball no local data for glob@https://registry.npmjs.org/glob/-/glob-7.1.7.tgz. Extracting by manifest.
779 silly tarball no local data for get-symbol-description@https://registry.npmjs.org/get-symbol-description/-/get-symbol-description-1.0.2.tgz. Extracting by manifest.
780 silly tarball no local data for get-nonce@https://registry.npmjs.org/get-nonce/-/get-nonce-1.0.1.tgz. Extracting by manifest.
781 silly tarball no local data for get-intrinsic@https://registry.npmjs.org/get-intrinsic/-/get-intrinsic-1.2.4.tgz. Extracting by manifest.
782 silly tarball no local data for functions-have-names@https://registry.npmjs.org/functions-have-names/-/functions-have-names-1.2.3.tgz. Extracting by manifest.
783 silly tarball no local data for parent-module@https://registry.npmjs.org/parent-module/-/parent-module-1.0.1.tgz. Extracting by manifest.
784 silly tarball no local data for function.prototype.name@https://registry.npmjs.org/function.prototype.name/-/function.prototype.name-1.1.6.tgz. Extracting by manifest.
785 silly tarball no local data for function-bind@https://registry.npmjs.org/function-bind/-/function-bind-1.1.2.tgz. Extracting by manifest.
786 silly tarball no local data for fs.realpath@https://registry.npmjs.org/fs.realpath/-/fs.realpath-1.0.0.tgz. Extracting by manifest.
787 silly tarball no local data for fraction.js@https://registry.npmjs.org/fraction.js/-/fraction.js-4.3.7.tgz. Extracting by manifest.
788 silly tarball no local data for foreground-child@https://registry.npmjs.org/foreground-child/-/foreground-child-3.3.0.tgz. Extracting by manifest.
789 silly tarball no local data for for-each@https://registry.npmjs.org/for-each/-/for-each-0.3.3.tgz. Extracting by manifest.
790 silly tarball no local data for flatted@https://registry.npmjs.org/flatted/-/flatted-3.3.1.tgz. Extracting by manifest.
791 silly tarball no local data for flat-cache@https://registry.npmjs.org/flat-cache/-/flat-cache-3.2.0.tgz. Extracting by manifest.
792 silly tarball no local data for find-up@https://registry.npmjs.org/find-up/-/find-up-5.0.0.tgz. Extracting by manifest.
793 silly tarball no local data for fill-range@https://registry.npmjs.org/fill-range/-/fill-range-7.1.1.tgz. Extracting by manifest.
794 silly tarball no local data for fastq@https://registry.npmjs.org/fastq/-/fastq-1.17.1.tgz. Extracting by manifest.
795 silly tarball no local data for file-entry-cache@https://registry.npmjs.org/file-entry-cache/-/file-entry-cache-6.0.1.tgz. Extracting by manifest.
796 silly tarball no local data for fast-levenshtein@https://registry.npmjs.org/fast-levenshtein/-/fast-levenshtein-2.0.6.tgz. Extracting by manifest.
797 silly tarball no local data for fast-json-stable-stringify@https://registry.npmjs.org/fast-json-stable-stringify/-/fast-json-stable-stringify-2.1.0.tgz. Extracting by manifest.
798 silly tarball no local data for fast-glob@https://registry.npmjs.org/fast-glob/-/fast-glob-3.3.2.tgz. Extracting by manifest.
799 silly tarball no local data for fast-equals@https://registry.npmjs.org/fast-equals/-/fast-equals-5.0.1.tgz. Extracting by manifest.
800 silly tarball no local data for fast-deep-equal@https://registry.npmjs.org/fast-deep-equal/-/fast-deep-equal-3.1.3.tgz. Extracting by manifest.
801 silly tarball no local data for eventemitter3@https://registry.npmjs.org/eventemitter3/-/eventemitter3-4.0.7.tgz. Extracting by manifest.
802 silly tarball no local data for esutils@https://registry.npmjs.org/esutils/-/esutils-2.0.3.tgz. Extracting by manifest.
803 silly tarball no local data for estraverse@https://registry.npmjs.org/estraverse/-/estraverse-5.3.0.tgz. Extracting by manifest.
804 silly tarball no local data for esrecurse@https://registry.npmjs.org/esrecurse/-/esrecurse-4.3.0.tgz. Extracting by manifest.
805 silly tarball no local data for esquery@https://registry.npmjs.org/esquery/-/esquery-1.6.0.tgz. Extracting by manifest.
806 silly tarball no local data for espree@https://registry.npmjs.org/espree/-/espree-9.6.1.tgz. Extracting by manifest.
807 silly tarball no local data for eslint-visitor-keys@https://registry.npmjs.org/eslint-visitor-keys/-/eslint-visitor-keys-3.4.3.tgz. Extracting by manifest.
808 silly tarball no local data for eslint-scope@https://registry.npmjs.org/eslint-scope/-/eslint-scope-7.2.2.tgz. Extracting by manifest.
809 silly tarball no local data for eslint-plugin-react-hooks@https://registry.npmjs.org/eslint-plugin-react-hooks/-/eslint-plugin-react-hooks-4.6.2.tgz. Extracting by manifest.
810 silly tarball no local data for eslint-plugin-react@https://registry.npmjs.org/eslint-plugin-react/-/eslint-plugin-react-7.37.1.tgz. Extracting by manifest.
811 silly tarball no local data for eslint-plugin-jsx-a11y@https://registry.npmjs.org/eslint-plugin-jsx-a11y/-/eslint-plugin-jsx-a11y-6.10.0.tgz. Extracting by manifest.
812 silly tarball no local data for eslint-plugin-import@https://registry.npmjs.org/eslint-plugin-import/-/eslint-plugin-import-2.31.0.tgz. Extracting by manifest.
813 silly tarball no local data for eslint-module-utils@https://registry.npmjs.org/eslint-module-utils/-/eslint-module-utils-2.12.0.tgz. Extracting by manifest.
814 silly tarball no local data for eslint-import-resolver-node@https://registry.npmjs.org/eslint-import-resolver-node/-/eslint-import-resolver-node-0.3.9.tgz. Extracting by manifest.
815 silly tarball no local data for eslint-config-next@https://registry.npmjs.org/eslint-config-next/-/eslint-config-next-13.5.1.tgz. Extracting by manifest.
816 silly tarball no local data for eslint@https://registry.npmjs.org/eslint/-/eslint-8.49.0.tgz. Extracting by manifest.
817 silly tarball no local data for escape-string-regexp@https://registry.npmjs.org/escape-string-regexp/-/escape-string-regexp-4.0.0.tgz. Extracting by manifest.
818 silly tarball no local data for escalade@https://registry.npmjs.org/escalade/-/escalade-3.2.0.tgz. Extracting by manifest.
819 silly tarball no local data for es-to-primitive@https://registry.npmjs.org/es-to-primitive/-/es-to-primitive-1.2.1.tgz. Extracting by manifest.
820 silly tarball no local data for es-shim-unscopables@https://registry.npmjs.org/es-shim-unscopables/-/es-shim-unscopables-1.0.2.tgz. Extracting by manifest.
821 silly tarball no local data for es-set-tostringtag@https://registry.npmjs.org/es-set-tostringtag/-/es-set-tostringtag-2.0.3.tgz. Extracting by manifest.
822 silly tarball no local data for es-object-atoms@https://registry.npmjs.org/es-object-atoms/-/es-object-atoms-1.0.0.tgz. Extracting by manifest.
823 silly tarball no local data for es-iterator-helpers@https://registry.npmjs.org/es-iterator-helpers/-/es-iterator-helpers-1.1.0.tgz. Extracting by manifest.
824 silly tarball no local data for es-get-iterator@https://registry.npmjs.org/es-get-iterator/-/es-get-iterator-1.1.3.tgz. Extracting by manifest.
825 silly tarball no local data for es-errors@https://registry.npmjs.org/es-errors/-/es-errors-1.3.0.tgz. Extracting by manifest.
826 silly tarball no local data for es-define-property@https://registry.npmjs.org/es-define-property/-/es-define-property-1.0.0.tgz. Extracting by manifest.
827 silly tarball no local data for es-abstract@https://registry.npmjs.org/es-abstract/-/es-abstract-1.23.3.tgz. Extracting by manifest.
828 silly tarball no local data for enhanced-resolve@https://registry.npmjs.org/enhanced-resolve/-/enhanced-resolve-5.17.1.tgz. Extracting by manifest.
829 silly tarball no local data for emoji-regex@https://registry.npmjs.org/emoji-regex/-/emoji-regex-9.2.2.tgz. Extracting by manifest.
830 silly tarball no local data for embla-carousel-reactive-utils@https://registry.npmjs.org/embla-carousel-reactive-utils/-/embla-carousel-reactive-utils-8.3.0.tgz. Extracting by manifest.
831 silly tarball no local data for embla-carousel-react@https://registry.npmjs.org/embla-carousel-react/-/embla-carousel-react-8.3.0.tgz. Extracting by manifest.
832 silly tarball no local data for embla-carousel@https://registry.npmjs.org/embla-carousel/-/embla-carousel-8.3.0.tgz. Extracting by manifest.
833 silly tarball no local data for electron-to-chromium@https://registry.npmjs.org/electron-to-chromium/-/electron-to-chromium-1.5.34.tgz. Extracting by manifest.
834 silly tarball no local data for eastasianwidth@https://registry.npmjs.org/eastasianwidth/-/eastasianwidth-0.2.0.tgz. Extracting by manifest.
835 silly tarball no local data for dom-helpers@https://registry.npmjs.org/dom-helpers/-/dom-helpers-5.2.1.tgz. Extracting by manifest.
836 silly tarball no local data for doctrine@https://registry.npmjs.org/doctrine/-/doctrine-3.0.0.tgz. Extracting by manifest.
837 silly tarball no local data for dir-glob@https://registry.npmjs.org/dir-glob/-/dir-glob-3.0.1.tgz. Extracting by manifest.
838 silly tarball no local data for dlv@https://registry.npmjs.org/dlv/-/dlv-1.1.3.tgz. Extracting by manifest.
839 silly tarball no local data for didyoumean@https://registry.npmjs.org/didyoumean/-/didyoumean-1.2.2.tgz. Extracting by manifest.
840 silly tarball no local data for detect-node-es@https://registry.npmjs.org/detect-node-es/-/detect-node-es-1.1.0.tgz. Extracting by manifest.
841 silly tarball no local data for define-properties@https://registry.npmjs.org/define-properties/-/define-properties-1.2.1.tgz. Extracting by manifest.
842 silly tarball no local data for define-data-property@https://registry.npmjs.org/define-data-property/-/define-data-property-1.1.4.tgz. Extracting by manifest.
843 silly tarball no local data for decimal.js-light@https://registry.npmjs.org/decimal.js-light/-/decimal.js-light-2.5.1.tgz. Extracting by manifest.
844 silly tarball no local data for deep-is@https://registry.npmjs.org/deep-is/-/deep-is-0.1.4.tgz. Extracting by manifest.
845 silly tarball no local data for debug@https://registry.npmjs.org/debug/-/debug-4.3.7.tgz. Extracting by manifest.
846 silly tarball no local data for date-fns@https://registry.npmjs.org/date-fns/-/date-fns-3.6.0.tgz. Extracting by manifest.
847 silly tarball no local data for data-view-byte-offset@https://registry.npmjs.org/data-view-byte-offset/-/data-view-byte-offset-1.0.0.tgz. Extracting by manifest.
848 silly tarball no local data for data-view-byte-length@https://registry.npmjs.org/data-view-byte-length/-/data-view-byte-length-1.0.1.tgz. Extracting by manifest.
849 silly tarball no local data for data-view-buffer@https://registry.npmjs.org/data-view-buffer/-/data-view-buffer-1.0.1.tgz. Extracting by manifest.
850 silly tarball no local data for damerau-levenshtein@https://registry.npmjs.org/damerau-levenshtein/-/damerau-levenshtein-1.0.8.tgz. Extracting by manifest.
851 silly tarball no local data for d3-timer@https://registry.npmjs.org/d3-timer/-/d3-timer-3.0.1.tgz. Extracting by manifest.
852 silly tarball no local data for d3-time@https://registry.npmjs.org/d3-time/-/d3-time-3.1.0.tgz. Extracting by manifest.
853 silly tarball no local data for d3-time-format@https://registry.npmjs.org/d3-time-format/-/d3-time-format-4.1.0.tgz. Extracting by manifest.
854 silly tarball no local data for d3-shape@https://registry.npmjs.org/d3-shape/-/d3-shape-3.2.0.tgz. Extracting by manifest.
855 silly tarball no local data for d3-scale@https://registry.npmjs.org/d3-scale/-/d3-scale-4.0.2.tgz. Extracting by manifest.
856 silly tarball no local data for d3-path@https://registry.npmjs.org/d3-path/-/d3-path-3.1.0.tgz. Extracting by manifest.
857 silly tarball no local data for d3-interpolate@https://registry.npmjs.org/d3-interpolate/-/d3-interpolate-3.0.1.tgz. Extracting by manifest.
858 silly tarball no local data for d3-format@https://registry.npmjs.org/d3-format/-/d3-format-3.1.0.tgz. Extracting by manifest.
859 silly tarball no local data for d3-ease@https://registry.npmjs.org/d3-ease/-/d3-ease-3.0.1.tgz. Extracting by manifest.
860 silly tarball no local data for d3-color@https://registry.npmjs.org/d3-color/-/d3-color-3.1.0.tgz. Extracting by manifest.
861 silly tarball no local data for d3-array@https://registry.npmjs.org/d3-array/-/d3-array-3.2.4.tgz. Extracting by manifest.
862 silly tarball no local data for csstype@https://registry.npmjs.org/csstype/-/csstype-3.1.3.tgz. Extracting by manifest.
863 silly tarball no local data for cssesc@https://registry.npmjs.org/cssesc/-/cssesc-3.0.0.tgz. Extracting by manifest.
864 silly tarball no local data for concat-map@https://registry.npmjs.org/concat-map/-/concat-map-0.0.1.tgz. Extracting by manifest.
865 silly tarball no local data for cross-spawn@https://registry.npmjs.org/cross-spawn/-/cross-spawn-7.0.3.tgz. Extracting by manifest.
866 silly tarball no local data for deep-equal@https://registry.npmjs.org/deep-equal/-/deep-equal-2.2.3.tgz. Extracting by manifest.
867 silly tarball no local data for commander@https://registry.npmjs.org/commander/-/commander-4.1.1.tgz. Extracting by manifest.
868 silly tarball no local data for color-name@https://registry.npmjs.org/color-name/-/color-name-1.1.4.tgz. Extracting by manifest.
869 silly tarball no local data for color-convert@https://registry.npmjs.org/color-convert/-/color-convert-2.0.1.tgz. Extracting by manifest.
870 silly tarball no local data for clsx@https://registry.npmjs.org/clsx/-/clsx-2.1.1.tgz. Extracting by manifest.
871 silly tarball no local data for client-only@https://registry.npmjs.org/client-only/-/client-only-0.0.1.tgz. Extracting by manifest.
872 silly tarball no local data for class-variance-authority@https://registry.npmjs.org/class-variance-authority/-/class-variance-authority-0.7.0.tgz. Extracting by manifest.
873 silly tarball no local data for caniuse-lite@https://registry.npmjs.org/caniuse-lite/-/caniuse-lite-1.0.30001667.tgz. Extracting by manifest.
874 silly tarball no local data for chokidar@https://registry.npmjs.org/chokidar/-/chokidar-3.6.0.tgz. Extracting by manifest.
875 silly tarball no local data for chalk@https://registry.npmjs.org/chalk/-/chalk-4.1.2.tgz. Extracting by manifest.
876 silly tarball no local data for camelcase-css@https://registry.npmjs.org/camelcase-css/-/camelcase-css-2.0.1.tgz. Extracting by manifest.
877 silly tarball no local data for call-bind@https://registry.npmjs.org/call-bind/-/call-bind-1.0.7.tgz. Extracting by manifest.
878 silly tarball no local data for callsites@https://registry.npmjs.org/callsites/-/callsites-3.1.0.tgz. Extracting by manifest.
879 silly tarball no local data for busboy@https://registry.npmjs.org/busboy/-/busboy-1.6.0.tgz. Extracting by manifest.
880 silly tarball no local data for browserslist@https://registry.npmjs.org/browserslist/-/browserslist-4.24.0.tgz. Extracting by manifest.
881 silly tarball no local data for brace-expansion@https://registry.npmjs.org/brace-expansion/-/brace-expansion-1.1.11.tgz. Extracting by manifest.
882 silly tarball no local data for braces@https://registry.npmjs.org/braces/-/braces-3.0.3.tgz. Extracting by manifest.
883 silly tarball no local data for balanced-match@https://registry.npmjs.org/balanced-match/-/balanced-match-1.0.2.tgz. Extracting by manifest.
884 silly tarball no local data for axobject-query@https://registry.npmjs.org/axobject-query/-/axobject-query-4.1.0.tgz. Extracting by manifest.
885 silly tarball no local data for binary-extensions@https://registry.npmjs.org/binary-extensions/-/binary-extensions-2.3.0.tgz. Extracting by manifest.
886 silly tarball no local data for axe-core@https://registry.npmjs.org/axe-core/-/axe-core-4.10.0.tgz. Extracting by manifest.
887 silly tarball no local data for available-typed-arrays@https://registry.npmjs.org/available-typed-arrays/-/available-typed-arrays-1.0.7.tgz. Extracting by manifest.
888 silly tarball no local data for autoprefixer@https://registry.npmjs.org/autoprefixer/-/autoprefixer-10.4.15.tgz. Extracting by manifest.
889 silly tarball no local data for arraybuffer.prototype.slice@https://registry.npmjs.org/arraybuffer.prototype.slice/-/arraybuffer.prototype.slice-1.0.3.tgz. Extracting by manifest.
890 silly tarball no local data for ast-types-flow@https://registry.npmjs.org/ast-types-flow/-/ast-types-flow-0.0.8.tgz. Extracting by manifest.
891 silly tarball no local data for array.prototype.tosorted@https://registry.npmjs.org/array.prototype.tosorted/-/array.prototype.tosorted-1.1.4.tgz. Extracting by manifest.
892 silly tarball no local data for array.prototype.flatmap@https://registry.npmjs.org/array.prototype.flatmap/-/array.prototype.flatmap-1.3.2.tgz. Extracting by manifest.
893 silly tarball no local data for array.prototype.flat@https://registry.npmjs.org/array.prototype.flat/-/array.prototype.flat-1.3.2.tgz. Extracting by manifest.
894 silly tarball no local data for array.prototype.findlastindex@https://registry.npmjs.org/array.prototype.findlastindex/-/array.prototype.findlastindex-1.2.5.tgz. Extracting by manifest.
895 silly tarball no local data for array.prototype.findlast@https://registry.npmjs.org/array.prototype.findlast/-/array.prototype.findlast-1.2.5.tgz. Extracting by manifest.
896 silly tarball no local data for array-union@https://registry.npmjs.org/array-union/-/array-union-2.1.0.tgz. Extracting by manifest.
897 silly tarball no local data for array-includes@https://registry.npmjs.org/array-includes/-/array-includes-3.1.8.tgz. Extracting by manifest.
898 silly tarball no local data for array-buffer-byte-length@https://registry.npmjs.org/array-buffer-byte-length/-/array-buffer-byte-length-1.0.1.tgz. Extracting by manifest.
899 silly tarball no local data for aria-query@https://registry.npmjs.org/aria-query/-/aria-query-5.1.3.tgz. Extracting by manifest.
900 silly tarball no local data for aria-hidden@https://registry.npmjs.org/aria-hidden/-/aria-hidden-1.2.4.tgz. Extracting by manifest.
901 silly tarball no local data for argparse@https://registry.npmjs.org/argparse/-/argparse-2.0.1.tgz. Extracting by manifest.
902 silly tarball no local data for arg@https://registry.npmjs.org/arg/-/arg-5.0.2.tgz. Extracting by manifest.
903 silly tarball no local data for cmdk@https://registry.npmjs.org/cmdk/-/cmdk-1.0.0.tgz. Extracting by manifest.
904 silly tarball no local data for anymatch@https://registry.npmjs.org/anymatch/-/anymatch-3.1.3.tgz. Extracting by manifest.
905 silly tarball no local data for any-promise@https://registry.npmjs.org/any-promise/-/any-promise-1.3.0.tgz. Extracting by manifest.
906 silly tarball no local data for ansi-styles@https://registry.npmjs.org/ansi-styles/-/ansi-styles-4.3.0.tgz. Extracting by manifest.
907 silly tarball no local data for acorn-jsx@https://registry.npmjs.org/acorn-jsx/-/acorn-jsx-5.3.2.tgz. Extracting by manifest.
908 silly tarball no local data for ansi-regex@https://registry.npmjs.org/ansi-regex/-/ansi-regex-5.0.1.tgz. Extracting by manifest.
909 silly tarball no local data for acorn@https://registry.npmjs.org/acorn/-/acorn-8.12.1.tgz. Extracting by manifest.
910 silly tarball no local data for @typescript-eslint/visitor-keys@https://registry.npmjs.org/@typescript-eslint/visitor-keys/-/visitor-keys-6.21.0.tgz. Extracting by manifest.
911 silly tarball no local data for ajv@https://registry.npmjs.org/ajv/-/ajv-6.12.6.tgz. Extracting by manifest.
912 silly tarball no local data for @typescript-eslint/typescript-estree@https://registry.npmjs.org/@typescript-eslint/typescript-estree/-/typescript-estree-6.21.0.tgz. Extracting by manifest.
913 silly tarball no local data for @typescript-eslint/types@https://registry.npmjs.org/@typescript-eslint/types/-/types-6.21.0.tgz. Extracting by manifest.
914 silly tarball no local data for @types/ws@https://registry.npmjs.org/@types/ws/-/ws-8.18.1.tgz. Extracting by manifest.
915 silly tarball no local data for @typescript-eslint/scope-manager@https://registry.npmjs.org/@typescript-eslint/scope-manager/-/scope-manager-6.21.0.tgz. Extracting by manifest.
916 silly tarball no local data for @typescript-eslint/parser@https://registry.npmjs.org/@typescript-eslint/parser/-/parser-6.21.0.tgz. Extracting by manifest.
917 silly tarball no local data for @types/scheduler@https://registry.npmjs.org/@types/scheduler/-/scheduler-0.23.0.tgz. Extracting by manifest.
918 silly tarball no local data for @types/prop-types@https://registry.npmjs.org/@types/prop-types/-/prop-types-15.7.13.tgz. Extracting by manifest.
919 silly tarball no local data for @types/react@https://registry.npmjs.org/@types/react/-/react-18.2.22.tgz. Extracting by manifest.
920 silly tarball no local data for @types/react-dom@https://registry.npmjs.org/@types/react-dom/-/react-dom-18.2.7.tgz. Extracting by manifest.
921 silly tarball no local data for @types/phoenix@https://registry.npmjs.org/@types/phoenix/-/phoenix-1.6.6.tgz. Extracting by manifest.
922 silly tarball no local data for @types/node@https://registry.npmjs.org/@types/node/-/node-20.6.2.tgz. Extracting by manifest.
923 silly tarball no local data for @types/d3-timer@https://registry.npmjs.org/@types/d3-timer/-/d3-timer-3.0.2.tgz. Extracting by manifest.
924 silly tarball no local data for @types/json5@https://registry.npmjs.org/@types/json5/-/json5-0.0.29.tgz. Extracting by manifest.
925 silly tarball no local data for @types/d3-time@https://registry.npmjs.org/@types/d3-time/-/d3-time-3.0.3.tgz. Extracting by manifest.
926 silly tarball no local data for @types/d3-shape@https://registry.npmjs.org/@types/d3-shape/-/d3-shape-3.1.6.tgz. Extracting by manifest.
927 silly tarball no local data for @types/d3-scale@https://registry.npmjs.org/@types/d3-scale/-/d3-scale-4.0.8.tgz. Extracting by manifest.
928 silly tarball no local data for @types/d3-interpolate@https://registry.npmjs.org/@types/d3-interpolate/-/d3-interpolate-3.0.4.tgz. Extracting by manifest.
929 silly tarball no local data for @types/d3-ease@https://registry.npmjs.org/@types/d3-ease/-/d3-ease-3.0.2.tgz. Extracting by manifest.
930 silly tarball no local data for @types/d3-color@https://registry.npmjs.org/@types/d3-color/-/d3-color-3.1.3.tgz. Extracting by manifest.
931 silly tarball no local data for @types/d3-array@https://registry.npmjs.org/@types/d3-array/-/d3-array-3.2.1.tgz. Extracting by manifest.
932 silly tarball no local data for @swc/helpers@https://registry.npmjs.org/@swc/helpers/-/helpers-0.5.2.tgz. Extracting by manifest.
933 silly tarball no local data for @supabase/supabase-js@https://registry.npmjs.org/@supabase/supabase-js/-/supabase-js-2.58.0.tgz. Extracting by manifest.
934 silly tarball no local data for @supabase/storage-js@https://registry.npmjs.org/@supabase/storage-js/-/storage-js-2.12.2.tgz. Extracting by manifest.
935 silly tarball no local data for @supabase/postgrest-js@https://registry.npmjs.org/@supabase/postgrest-js/-/postgrest-js-1.21.4.tgz. Extracting by manifest.
936 silly tarball no local data for @supabase/realtime-js@https://registry.npmjs.org/@supabase/realtime-js/-/realtime-js-2.15.5.tgz. Extracting by manifest.
937 silly tarball no local data for @supabase/node-fetch@https://registry.npmjs.org/@supabase/node-fetch/-/node-fetch-2.6.15.tgz. Extracting by manifest.
938 silly tarball no local data for @supabase/functions-js@https://registry.npmjs.org/@supabase/functions-js/-/functions-js-2.5.0.tgz. Extracting by manifest.
939 silly tarball no local data for @supabase/auth-js@https://registry.npmjs.org/@supabase/auth-js/-/auth-js-2.72.0.tgz. Extracting by manifest.
940 silly tarball no local data for @rushstack/eslint-patch@https://registry.npmjs.org/@rushstack/eslint-patch/-/eslint-patch-1.10.4.tgz. Extracting by manifest.
941 silly tarball no local data for @rtsao/scc@https://registry.npmjs.org/@rtsao/scc/-/scc-1.1.0.tgz. Extracting by manifest.
942 silly tarball no local data for @radix-ui/rect@https://registry.npmjs.org/@radix-ui/rect/-/rect-1.1.0.tgz. Extracting by manifest.
943 silly tarball no local data for @radix-ui/react-visually-hidden@https://registry.npmjs.org/@radix-ui/react-visually-hidden/-/react-visually-hidden-1.1.0.tgz. Extracting by manifest.
944 silly tarball no local data for @radix-ui/react-use-size@https://registry.npmjs.org/@radix-ui/react-use-size/-/react-use-size-1.1.0.tgz. Extracting by manifest.
945 silly tarball no local data for @radix-ui/react-use-rect@https://registry.npmjs.org/@radix-ui/react-use-rect/-/react-use-rect-1.1.0.tgz. Extracting by manifest.
946 silly tarball no local data for @radix-ui/react-use-previous@https://registry.npmjs.org/@radix-ui/react-use-previous/-/react-use-previous-1.1.0.tgz. Extracting by manifest.
947 silly tarball no local data for @radix-ui/react-use-escape-keydown@https://registry.npmjs.org/@radix-ui/react-use-escape-keydown/-/react-use-escape-keydown-1.1.0.tgz. Extracting by manifest.
948 silly tarball no local data for @radix-ui/react-use-layout-effect@https://registry.npmjs.org/@radix-ui/react-use-layout-effect/-/react-use-layout-effect-1.1.0.tgz. Extracting by manifest.
949 silly tarball no local data for @radix-ui/react-use-controllable-state@https://registry.npmjs.org/@radix-ui/react-use-controllable-state/-/react-use-controllable-state-1.1.0.tgz. Extracting by manifest.
950 silly tarball no local data for @radix-ui/react-use-callback-ref@https://registry.npmjs.org/@radix-ui/react-use-callback-ref/-/react-use-callback-ref-1.1.0.tgz. Extracting by manifest.
951 silly tarball no local data for @radix-ui/react-tooltip@https://registry.npmjs.org/@radix-ui/react-tooltip/-/react-tooltip-1.1.3.tgz. Extracting by manifest.
952 silly tarball no local data for @radix-ui/react-toggle-group@https://registry.npmjs.org/@radix-ui/react-toggle-group/-/react-toggle-group-1.1.0.tgz. Extracting by manifest.
953 silly tarball no local data for @radix-ui/react-toggle@https://registry.npmjs.org/@radix-ui/react-toggle/-/react-toggle-1.1.0.tgz. Extracting by manifest.
954 silly tarball no local data for @radix-ui/react-toast@https://registry.npmjs.org/@radix-ui/react-toast/-/react-toast-1.2.2.tgz. Extracting by manifest.
955 silly tarball no local data for @radix-ui/react-tabs@https://registry.npmjs.org/@radix-ui/react-tabs/-/react-tabs-1.1.1.tgz. Extracting by manifest.
956 silly tarball no local data for @radix-ui/react-switch@https://registry.npmjs.org/@radix-ui/react-switch/-/react-switch-1.1.1.tgz. Extracting by manifest.
957 silly tarball no local data for @radix-ui/react-slot@https://registry.npmjs.org/@radix-ui/react-slot/-/react-slot-1.1.0.tgz. Extracting by manifest.
958 silly tarball no local data for @radix-ui/react-slider@https://registry.npmjs.org/@radix-ui/react-slider/-/react-slider-1.2.1.tgz. Extracting by manifest.
959 silly tarball no local data for @radix-ui/react-separator@https://registry.npmjs.org/@radix-ui/react-separator/-/react-separator-1.1.0.tgz. Extracting by manifest.
960 silly tarball no local data for @radix-ui/react-scroll-area@https://registry.npmjs.org/@radix-ui/react-scroll-area/-/react-scroll-area-1.2.0.tgz. Extracting by manifest.
961 silly tarball no local data for @radix-ui/react-select@https://registry.npmjs.org/@radix-ui/react-select/-/react-select-2.1.2.tgz. Extracting by manifest.
962 silly tarball no local data for @radix-ui/react-roving-focus@https://registry.npmjs.org/@radix-ui/react-roving-focus/-/react-roving-focus-1.1.0.tgz. Extracting by manifest.
963 silly tarball no local data for @radix-ui/react-primitive@https://registry.npmjs.org/@radix-ui/react-primitive/-/react-primitive-2.0.0.tgz. Extracting by manifest.
964 silly tarball no local data for @radix-ui/react-radio-group@https://registry.npmjs.org/@radix-ui/react-radio-group/-/react-radio-group-1.2.1.tgz. Extracting by manifest.
965 silly tarball no local data for @radix-ui/react-progress@https://registry.npmjs.org/@radix-ui/react-progress/-/react-progress-1.1.0.tgz. Extracting by manifest.
966 silly tarball no local data for @radix-ui/react-presence@https://registry.npmjs.org/@radix-ui/react-presence/-/react-presence-1.1.1.tgz. Extracting by manifest.
967 silly tarball no local data for @radix-ui/react-portal@https://registry.npmjs.org/@radix-ui/react-portal/-/react-portal-1.1.2.tgz. Extracting by manifest.
968 silly tarball no local data for @radix-ui/react-popover@https://registry.npmjs.org/@radix-ui/react-popover/-/react-popover-1.1.2.tgz. Extracting by manifest.
969 silly tarball no local data for @radix-ui/react-popper@https://registry.npmjs.org/@radix-ui/react-popper/-/react-popper-1.2.0.tgz. Extracting by manifest.
970 silly tarball no local data for @radix-ui/react-menubar@https://registry.npmjs.org/@radix-ui/react-menubar/-/react-menubar-1.1.2.tgz. Extracting by manifest.
971 silly tarball no local data for @radix-ui/react-navigation-menu@https://registry.npmjs.org/@radix-ui/react-navigation-menu/-/react-navigation-menu-1.2.1.tgz. Extracting by manifest.
972 silly tarball no local data for @radix-ui/react-menu@https://registry.npmjs.org/@radix-ui/react-menu/-/react-menu-2.1.2.tgz. Extracting by manifest.
973 silly tarball no local data for @radix-ui/react-id@https://registry.npmjs.org/@radix-ui/react-id/-/react-id-1.1.0.tgz. Extracting by manifest.
974 silly tarball no local data for @radix-ui/react-label@https://registry.npmjs.org/@radix-ui/react-label/-/react-label-2.1.0.tgz. Extracting by manifest.
975 silly tarball no local data for @radix-ui/react-hover-card@https://registry.npmjs.org/@radix-ui/react-hover-card/-/react-hover-card-1.1.2.tgz. Extracting by manifest.
976 silly tarball no local data for @radix-ui/react-focus-guards@https://registry.npmjs.org/@radix-ui/react-focus-guards/-/react-focus-guards-1.1.1.tgz. Extracting by manifest.
977 silly tarball no local data for @radix-ui/react-focus-scope@https://registry.npmjs.org/@radix-ui/react-focus-scope/-/react-focus-scope-1.1.0.tgz. Extracting by manifest.
978 silly tarball no local data for @radix-ui/react-dropdown-menu@https://registry.npmjs.org/@radix-ui/react-dropdown-menu/-/react-dropdown-menu-2.1.2.tgz. Extracting by manifest.
979 silly tarball no local data for @radix-ui/react-dialog@https://registry.npmjs.org/@radix-ui/react-dialog/-/react-dialog-1.1.2.tgz. Extracting by manifest.
980 silly tarball no local data for @radix-ui/react-dismissable-layer@https://registry.npmjs.org/@radix-ui/react-dismissable-layer/-/react-dismissable-layer-1.1.1.tgz. Extracting by manifest.
981 silly tarball no local data for @radix-ui/react-direction@https://registry.npmjs.org/@radix-ui/react-direction/-/react-direction-1.1.0.tgz. Extracting by manifest.
982 silly tarball no local data for @radix-ui/react-context-menu@https://registry.npmjs.org/@radix-ui/react-context-menu/-/react-context-menu-2.2.2.tgz. Extracting by manifest.
983 silly tarball no local data for @radix-ui/react-context@https://registry.npmjs.org/@radix-ui/react-context/-/react-context-1.1.1.tgz. Extracting by manifest.
984 silly tarball no local data for @radix-ui/react-compose-refs@https://registry.npmjs.org/@radix-ui/react-compose-refs/-/react-compose-refs-1.1.0.tgz. Extracting by manifest.
985 silly tarball no local data for @radix-ui/react-checkbox@https://registry.npmjs.org/@radix-ui/react-checkbox/-/react-checkbox-1.1.2.tgz. Extracting by manifest.
986 silly tarball no local data for @radix-ui/react-collapsible@https://registry.npmjs.org/@radix-ui/react-collapsible/-/react-collapsible-1.1.1.tgz. Extracting by manifest.
987 silly tarball no local data for @radix-ui/react-avatar@https://registry.npmjs.org/@radix-ui/react-avatar/-/react-avatar-1.1.1.tgz. Extracting by manifest.
988 silly tarball no local data for @radix-ui/react-aspect-ratio@https://registry.npmjs.org/@radix-ui/react-aspect-ratio/-/react-aspect-ratio-1.1.0.tgz. Extracting by manifest.
989 silly tarball no local data for @radix-ui/react-arrow@https://registry.npmjs.org/@radix-ui/react-arrow/-/react-arrow-1.1.0.tgz. Extracting by manifest.
990 silly tarball no local data for @radix-ui/react-alert-dialog@https://registry.npmjs.org/@radix-ui/react-alert-dialog/-/react-alert-dialog-1.1.2.tgz. Extracting by manifest.
991 silly tarball no local data for @radix-ui/react-accordion@https://registry.npmjs.org/@radix-ui/react-accordion/-/react-accordion-1.2.1.tgz. Extracting by manifest.
992 silly tarball no local data for @radix-ui/primitive@https://registry.npmjs.org/@radix-ui/primitive/-/primitive-1.1.0.tgz. Extracting by manifest.
993 silly tarball no local data for @radix-ui/number@https://registry.npmjs.org/@radix-ui/number/-/number-1.1.0.tgz. Extracting by manifest.
994 silly tarball no local data for @pkgjs/parseargs@https://registry.npmjs.org/@pkgjs/parseargs/-/parseargs-0.11.0.tgz. Extracting by manifest.
995 silly tarball no local data for @nolyfill/is-core-module@https://registry.npmjs.org/@nolyfill/is-core-module/-/is-core-module-1.0.39.tgz. Extracting by manifest.
996 silly tarball no local data for @nodelib/fs.walk@https://registry.npmjs.org/@nodelib/fs.walk/-/fs.walk-1.2.8.tgz. Extracting by manifest.
997 silly tarball no local data for @nodelib/fs.stat@https://registry.npmjs.org/@nodelib/fs.stat/-/fs.stat-2.0.5.tgz. Extracting by manifest.
998 silly tarball no local data for @nodelib/fs.scandir@https://registry.npmjs.org/@nodelib/fs.scandir/-/fs.scandir-2.1.5.tgz. Extracting by manifest.
999 silly tarball no local data for @next/swc-win32-x64-msvc@https://registry.npmjs.org/@next/swc-win32-x64-msvc/-/swc-win32-x64-msvc-13.5.1.tgz. Extracting by manifest.
1000 silly tarball no local data for @next/swc-wasm-nodejs@https://registry.npmjs.org/@next/swc-wasm-nodejs/-/swc-wasm-nodejs-13.5.1.tgz. Extracting by manifest.
1001 silly tarball no local data for @next/env@https://registry.npmjs.org/@next/env/-/env-13.5.1.tgz. Extracting by manifest.
1002 silly tarball no local data for @next/eslint-plugin-next@https://registry.npmjs.org/@next/eslint-plugin-next/-/eslint-plugin-next-13.5.1.tgz. Extracting by manifest.
1003 silly tarball no local data for @netlify/plugin-nextjs@https://registry.npmjs.org/@netlify/plugin-nextjs/-/plugin-nextjs-5.15.1.tgz. Extracting by manifest.
1004 silly tarball no local data for @jridgewell/trace-mapping@https://registry.npmjs.org/@jridgewell/trace-mapping/-/trace-mapping-0.3.25.tgz. Extracting by manifest.
1005 silly tarball no local data for @jridgewell/set-array@https://registry.npmjs.org/@jridgewell/set-array/-/set-array-1.2.1.tgz. Extracting by manifest.
1006 silly tarball no local data for @jridgewell/sourcemap-codec@https://registry.npmjs.org/@jridgewell/sourcemap-codec/-/sourcemap-codec-1.5.0.tgz. Extracting by manifest.
1007 silly tarball no local data for @jridgewell/resolve-uri@https://registry.npmjs.org/@jridgewell/resolve-uri/-/resolve-uri-3.1.2.tgz. Extracting by manifest.
1008 silly tarball no local data for @jridgewell/gen-mapping@https://registry.npmjs.org/@jridgewell/gen-mapping/-/gen-mapping-0.3.5.tgz. Extracting by manifest.
1009 silly tarball no local data for @isaacs/cliui@https://registry.npmjs.org/@isaacs/cliui/-/cliui-8.0.2.tgz. Extracting by manifest.
1010 silly tarball no local data for @humanwhocodes/object-schema@https://registry.npmjs.org/@humanwhocodes/object-schema/-/object-schema-2.0.3.tgz. Extracting by manifest.
1011 silly tarball no local data for @humanwhocodes/module-importer@https://registry.npmjs.org/@humanwhocodes/module-importer/-/module-importer-1.0.1.tgz. Extracting by manifest.
1012 silly tarball no local data for @humanwhocodes/config-array@https://registry.npmjs.org/@humanwhocodes/config-array/-/config-array-0.11.14.tgz. Extracting by manifest.
1013 silly tarball no local data for @hookform/resolvers@https://registry.npmjs.org/@hookform/resolvers/-/resolvers-3.9.0.tgz. Extracting by manifest.
1014 silly tarball no local data for @floating-ui/utils@https://registry.npmjs.org/@floating-ui/utils/-/utils-0.2.8.tgz. Extracting by manifest.
1015 silly tarball no local data for @floating-ui/react-dom@https://registry.npmjs.org/@floating-ui/react-dom/-/react-dom-2.1.2.tgz. Extracting by manifest.
1016 silly tarball no local data for @floating-ui/dom@https://registry.npmjs.org/@floating-ui/dom/-/dom-1.6.11.tgz. Extracting by manifest.
1017 silly tarball no local data for @floating-ui/core@https://registry.npmjs.org/@floating-ui/core/-/core-1.6.8.tgz. Extracting by manifest.
1018 silly tarball no local data for @eslint/js@https://registry.npmjs.org/@eslint/js/-/js-8.49.0.tgz. Extracting by manifest.
1019 silly tarball no local data for @eslint/eslintrc@https://registry.npmjs.org/@eslint/eslintrc/-/eslintrc-2.1.4.tgz. Extracting by manifest.
1020 silly tarball no local data for @eslint-community/regexpp@https://registry.npmjs.org/@eslint-community/regexpp/-/regexpp-4.11.1.tgz. Extracting by manifest.
1021 silly tarball no local data for @eslint-community/eslint-utils@https://registry.npmjs.org/@eslint-community/eslint-utils/-/eslint-utils-4.4.0.tgz. Extracting by manifest.
1022 silly tarball no local data for @babel/runtime@https://registry.npmjs.org/@babel/runtime/-/runtime-7.25.7.tgz. Extracting by manifest.
1023 silly tarball no local data for @alloc/quick-lru@https://registry.npmjs.org/@alloc/quick-lru/-/quick-lru-5.2.0.tgz. Extracting by manifest.
1024 silly tarball no local data for @radix-ui/react-collection@https://registry.npmjs.org/@radix-ui/react-collection/-/react-collection-1.1.0.tgz. Extracting by manifest.
1025 silly tarball no local data for strip-ansi@https://registry.npmjs.org/strip-ansi/-/strip-ansi-7.1.0.tgz. Extracting by manifest.
1026 silly tarball no local data for ansi-styles@https://registry.npmjs.org/ansi-styles/-/ansi-styles-6.2.1.tgz. Extracting by manifest.
1027 silly tarball no local data for ansi-regex@https://registry.npmjs.org/ansi-regex/-/ansi-regex-6.1.0.tgz. Extracting by manifest.
1028 silly tarball no local data for emoji-regex@https://registry.npmjs.org/emoji-regex/-/emoji-regex-8.0.0.tgz. Extracting by manifest.
1029 silly tarball no local data for string-width@https://registry.npmjs.org/string-width/-/string-width-4.2.3.tgz. Extracting by manifest.
1030 silly tarball no local data for minimatch@https://registry.npmjs.org/minimatch/-/minimatch-9.0.5.tgz. Extracting by manifest.
1031 silly tarball no local data for strip-ansi@https://registry.npmjs.org/strip-ansi/-/strip-ansi-7.1.0.tgz. Extracting by manifest.
1032 silly tarball no local data for emoji-regex@https://registry.npmjs.org/emoji-regex/-/emoji-regex-8.0.0.tgz. Extracting by manifest.
1033 silly tarball no local data for ansi-regex@https://registry.npmjs.org/ansi-regex/-/ansi-regex-6.1.0.tgz. Extracting by manifest.
1034 silly tarball no local data for glob@https://registry.npmjs.org/glob/-/glob-10.4.5.tgz. Extracting by manifest.
1035 silly tarball no local data for brace-expansion@https://registry.npmjs.org/brace-expansion/-/brace-expansion-2.0.1.tgz. Extracting by manifest.
1036 silly tarball no local data for lilconfig@https://registry.npmjs.org/lilconfig/-/lilconfig-3.1.2.tgz. Extracting by manifest.
1037 silly tarball no local data for zod@https://registry.npmjs.org/zod/-/zod-3.21.4.tgz. Extracting by manifest.
1038 silly tarball no local data for postcss@https://registry.npmjs.org/postcss/-/postcss-8.4.14.tgz. Extracting by manifest.
1039 silly tarball no local data for glob-parent@https://registry.npmjs.org/glob-parent/-/glob-parent-5.1.2.tgz. Extracting by manifest.
1040 silly tarball no local data for semver@https://registry.npmjs.org/semver/-/semver-6.3.1.tgz. Extracting by manifest.
1041 silly tarball no local data for semver@https://registry.npmjs.org/semver/-/semver-6.3.1.tgz. Extracting by manifest.
1042 silly tarball no local data for doctrine@https://registry.npmjs.org/doctrine/-/doctrine-2.1.0.tgz. Extracting by manifest.
1043 silly tarball no local data for debug@https://registry.npmjs.org/debug/-/debug-3.2.7.tgz. Extracting by manifest.
1044 silly tarball no local data for debug@https://registry.npmjs.org/debug/-/debug-3.2.7.tgz. Extracting by manifest.
1045 silly tarball no local data for debug@https://registry.npmjs.org/debug/-/debug-3.2.7.tgz. Extracting by manifest.
1046 silly tarball no local data for eslint-import-resolver-typescript@https://registry.npmjs.org/eslint-import-resolver-typescript/-/eslint-import-resolver-typescript-3.6.3.tgz. Extracting by manifest.
1047 silly tarball no local data for resolve@https://registry.npmjs.org/resolve/-/resolve-2.0.0-next.5.tgz. Extracting by manifest.
1048 silly tarball no local data for doctrine@https://registry.npmjs.org/doctrine/-/doctrine-2.1.0.tgz. Extracting by manifest.
1049 silly tarball no local data for react-remove-scroll@https://registry.npmjs.org/react-remove-scroll/-/react-remove-scroll-2.5.5.tgz. Extracting by manifest.
1050 silly tarball no local data for @radix-ui/react-use-layout-effect@https://registry.npmjs.org/@radix-ui/react-use-layout-effect/-/react-use-layout-effect-1.0.1.tgz. Extracting by manifest.
1051 silly tarball no local data for @radix-ui/react-use-controllable-state@https://registry.npmjs.org/@radix-ui/react-use-controllable-state/-/react-use-controllable-state-1.0.1.tgz. Extracting by manifest.
1052 silly tarball no local data for @radix-ui/react-use-escape-keydown@https://registry.npmjs.org/@radix-ui/react-use-escape-keydown/-/react-use-escape-keydown-1.0.3.tgz. Extracting by manifest.
1053 silly tarball no local data for @radix-ui/react-use-callback-ref@https://registry.npmjs.org/@radix-ui/react-use-callback-ref/-/react-use-callback-ref-1.0.1.tgz. Extracting by manifest.
1054 silly tarball no local data for @radix-ui/react-slot@https://registry.npmjs.org/@radix-ui/react-slot/-/react-slot-1.0.2.tgz. Extracting by manifest.
1055 silly tarball no local data for @radix-ui/react-primitive@https://registry.npmjs.org/@radix-ui/react-primitive/-/react-primitive-1.0.3.tgz. Extracting by manifest.
1056 silly tarball no local data for @radix-ui/react-presence@https://registry.npmjs.org/@radix-ui/react-presence/-/react-presence-1.0.1.tgz. Extracting by manifest.
1057 silly tarball no local data for @radix-ui/react-id@https://registry.npmjs.org/@radix-ui/react-id/-/react-id-1.0.1.tgz. Extracting by manifest.
1058 silly tarball no local data for @radix-ui/react-portal@https://registry.npmjs.org/@radix-ui/react-portal/-/react-portal-1.0.4.tgz. Extracting by manifest.
1059 silly tarball no local data for @radix-ui/react-focus-scope@https://registry.npmjs.org/@radix-ui/react-focus-scope/-/react-focus-scope-1.0.4.tgz. Extracting by manifest.
1060 silly tarball no local data for @radix-ui/react-focus-guards@https://registry.npmjs.org/@radix-ui/react-focus-guards/-/react-focus-guards-1.0.1.tgz. Extracting by manifest.
1061 silly tarball no local data for @radix-ui/react-dialog@https://registry.npmjs.org/@radix-ui/react-dialog/-/react-dialog-1.0.5.tgz. Extracting by manifest.
1062 silly tarball no local data for @radix-ui/react-dismissable-layer@https://registry.npmjs.org/@radix-ui/react-dismissable-layer/-/react-dismissable-layer-1.0.5.tgz. Extracting by manifest.
1063 silly tarball no local data for @radix-ui/react-compose-refs@https://registry.npmjs.org/@radix-ui/react-compose-refs/-/react-compose-refs-1.0.1.tgz. Extracting by manifest.
1064 silly tarball no local data for @radix-ui/react-context@https://registry.npmjs.org/@radix-ui/react-context/-/react-context-1.0.1.tgz. Extracting by manifest.
1065 silly tarball no local data for glob-parent@https://registry.npmjs.org/glob-parent/-/glob-parent-5.1.2.tgz. Extracting by manifest.
1066 silly tarball no local data for clsx@https://registry.npmjs.org/clsx/-/clsx-2.0.0.tgz. Extracting by manifest.
1067 silly tarball no local data for @radix-ui/primitive@https://registry.npmjs.org/@radix-ui/primitive/-/primitive-1.0.1.tgz. Extracting by manifest.
1068 silly tarball no local data for minimatch@https://registry.npmjs.org/minimatch/-/minimatch-9.0.3.tgz. Extracting by manifest.
1069 silly tarball no local data for brace-expansion@https://registry.npmjs.org/brace-expansion/-/brace-expansion-2.0.1.tgz. Extracting by manifest.
1070 silly tarball no local data for @radix-ui/react-context@https://registry.npmjs.org/@radix-ui/react-context/-/react-context-1.1.0.tgz. Extracting by manifest.
1071 silly tarball no local data for @radix-ui/react-context@https://registry.npmjs.org/@radix-ui/react-context/-/react-context-1.1.0.tgz. Extracting by manifest.
1072 silly tarball no local data for @radix-ui/react-context@https://registry.npmjs.org/@radix-ui/react-context/-/react-context-1.1.0.tgz. Extracting by manifest.
1073 silly tarball no local data for @radix-ui/react-context@https://registry.npmjs.org/@radix-ui/react-context/-/react-context-1.1.0.tgz. Extracting by manifest.
1074 silly tarball no local data for @radix-ui/react-context@https://registry.npmjs.org/@radix-ui/react-context/-/react-context-1.1.0.tgz. Extracting by manifest.
1075 silly tarball no local data for strip-ansi@https://registry.npmjs.org/strip-ansi/-/strip-ansi-7.1.0.tgz. Extracting by manifest.
1076 silly tarball no local data for ansi-regex@https://registry.npmjs.org/ansi-regex/-/ansi-regex-6.1.0.tgz. Extracting by manifest.
1077 silly tarball no local data for @types/d3-path@https://registry.npmjs.org/@types/d3-path/-/d3-path-3.1.0.tgz. Extracting by manifest.
1078 verbose audit error FetchError: request to https://registry.npmjs.org/-/npm/v1/security/advisories/bulk failed, reason: 
1078 verbose audit error     at ClientRequest.<anonymous> (C:\Program Files\nodejs\node_modules\npm\node_modules\minipass-fetch\lib\index.js:130:14)
1078 verbose audit error     at ClientRequest.emit (node:events:509:20)
1078 verbose audit error     at emitErrorEvent (node:_http_client:112:11)
1078 verbose audit error     at _destroy (node:_http_client:1146:9)
1078 verbose audit error     at onSocketNT (node:_http_client:1167:5)
1078 verbose audit error     at process.processTicksAndRejections (node:internal/process/task_queues:91:21) {
1078 verbose audit error   code: 'EACCES',
1078 verbose audit error   errno: 'EACCES',
1078 verbose audit error   type: 'system'
1078 verbose audit error }
1079 silly audit error undefined
1080 silly audit report null
1081 http fetch GET https://registry.npmjs.org/yocto-queue/-/yocto-queue-0.1.0.tgz attempt 1 failed with EACCES
1082 http fetch GET https://registry.npmjs.org/zod/-/zod-3.23.8.tgz attempt 1 failed with EACCES
1083 http fetch GET https://registry.npmjs.org/yaml/-/yaml-2.5.1.tgz attempt 1 failed with EACCES
1084 http fetch GET https://registry.npmjs.org/ws/-/ws-8.18.3.tgz attempt 1 failed with EACCES
1085 http fetch GET https://registry.npmjs.org/wrappy/-/wrappy-1.0.2.tgz attempt 1 failed with EACCES
1086 http fetch GET https://registry.npmjs.org/wrap-ansi/-/wrap-ansi-7.0.0.tgz attempt 1 failed with EACCES
1087 http fetch GET https://registry.npmjs.org/wrap-ansi/-/wrap-ansi-8.1.0.tgz attempt 1 failed with EACCES
1088 http fetch GET https://registry.npmjs.org/word-wrap/-/word-wrap-1.2.5.tgz attempt 1 failed with EACCES
1089 http fetch GET https://registry.npmjs.org/which-typed-array/-/which-typed-array-1.1.15.tgz attempt 1 failed with EACCES
1090 http fetch GET https://registry.npmjs.org/which-collection/-/which-collection-1.0.2.tgz attempt 1 failed with EACCES
1091 http fetch GET https://registry.npmjs.org/which-builtin-type/-/which-builtin-type-1.1.4.tgz attempt 1 failed with EACCES
1092 http fetch GET https://registry.npmjs.org/which-boxed-primitive/-/which-boxed-primitive-1.0.2.tgz attempt 1 failed with EACCES
1093 http fetch GET https://registry.npmjs.org/which/-/which-2.0.2.tgz attempt 1 failed with EACCES
1094 http fetch GET https://registry.npmjs.org/whatwg-url/-/whatwg-url-5.0.0.tgz attempt 1 failed with EACCES
1095 http fetch GET https://registry.npmjs.org/webidl-conversions/-/webidl-conversions-3.0.1.tgz attempt 1 failed with EACCES
1096 http fetch GET https://registry.npmjs.org/watchpack/-/watchpack-2.4.0.tgz attempt 1 failed with EACCES
1097 http fetch GET https://registry.npmjs.org/victory-vendor/-/victory-vendor-36.9.2.tgz attempt 1 failed with EACCES
1098 http fetch GET https://registry.npmjs.org/vaul/-/vaul-0.9.9.tgz attempt 1 failed with EACCES
1099 http fetch GET https://registry.npmjs.org/util-deprecate/-/util-deprecate-1.0.2.tgz attempt 1 failed with EACCES
1100 http fetch GET https://registry.npmjs.org/use-sidecar/-/use-sidecar-1.1.2.tgz attempt 1 failed with EACCES
1101 http fetch GET https://registry.npmjs.org/use-callback-ref/-/use-callback-ref-1.3.2.tgz attempt 1 failed with EACCES
1102 http fetch GET https://registry.npmjs.org/uri-js/-/uri-js-4.4.1.tgz attempt 1 failed with EACCES
1103 http fetch GET https://registry.npmjs.org/update-browserslist-db/-/update-browserslist-db-1.1.1.tgz attempt 1 failed with EACCES
1104 http fetch GET https://registry.npmjs.org/unbox-primitive/-/unbox-primitive-1.0.2.tgz attempt 1 failed with EACCES
1105 http fetch GET https://registry.npmjs.org/typescript/-/typescript-5.2.2.tgz attempt 1 failed with EACCES
1106 http fetch GET https://registry.npmjs.org/typed-array-length/-/typed-array-length-1.0.6.tgz attempt 1 failed with EACCES
1107 http fetch GET https://registry.npmjs.org/typed-array-byte-offset/-/typed-array-byte-offset-1.0.2.tgz attempt 1 failed with EACCES
1108 http fetch GET https://registry.npmjs.org/typed-array-byte-length/-/typed-array-byte-length-1.0.1.tgz attempt 1 failed with EACCES
1109 http fetch GET https://registry.npmjs.org/typed-array-buffer/-/typed-array-buffer-1.0.2.tgz attempt 1 failed with EACCES
1110 http fetch GET https://registry.npmjs.org/type-fest/-/type-fest-0.20.2.tgz attempt 1 failed with EACCES
1111 http fetch GET https://registry.npmjs.org/type-check/-/type-check-0.4.0.tgz attempt 1 failed with EACCES
1112 http fetch GET https://registry.npmjs.org/tslib/-/tslib-2.7.0.tgz attempt 1 failed with EACCES
1113 http fetch GET https://registry.npmjs.org/tsconfig-paths/-/tsconfig-paths-3.15.0.tgz attempt 1 failed with EACCES
1114 http fetch GET https://registry.npmjs.org/ts-interface-checker/-/ts-interface-checker-0.1.13.tgz attempt 1 failed with EACCES
1115 http fetch GET https://registry.npmjs.org/tr46/-/tr46-0.0.3.tgz attempt 1 failed with EACCES
1116 http fetch GET https://registry.npmjs.org/ts-api-utils/-/ts-api-utils-1.3.0.tgz attempt 1 failed with EACCES
1117 http fetch GET https://registry.npmjs.org/to-regex-range/-/to-regex-range-5.0.1.tgz attempt 1 failed with EACCES
1118 http fetch GET https://registry.npmjs.org/tiny-invariant/-/tiny-invariant-1.3.3.tgz attempt 1 failed with EACCES
1119 http fetch GET https://registry.npmjs.org/thenify-all/-/thenify-all-1.6.0.tgz attempt 1 failed with EACCES
1120 http fetch GET https://registry.npmjs.org/thenify/-/thenify-3.3.1.tgz attempt 1 failed with EACCES
1121 http fetch GET https://registry.npmjs.org/text-table/-/text-table-0.2.0.tgz attempt 1 failed with EACCES
1122 http fetch GET https://registry.npmjs.org/tapable/-/tapable-2.2.1.tgz attempt 1 failed with EACCES
1123 http fetch GET https://registry.npmjs.org/tailwindcss-animate/-/tailwindcss-animate-1.0.7.tgz attempt 1 failed with EACCES
1124 http fetch GET https://registry.npmjs.org/tailwindcss/-/tailwindcss-3.3.3.tgz attempt 1 failed with EACCES
1125 http fetch GET https://registry.npmjs.org/tailwind-merge/-/tailwind-merge-2.5.3.tgz attempt 1 failed with EACCES
1126 http fetch GET https://registry.npmjs.org/supports-preserve-symlinks-flag/-/supports-preserve-symlinks-flag-1.0.0.tgz attempt 1 failed with EACCES
1127 http fetch GET https://registry.npmjs.org/supports-color/-/supports-color-7.2.0.tgz attempt 1 failed with EACCES
1128 http fetch GET https://registry.npmjs.org/sucrase/-/sucrase-3.35.0.tgz attempt 1 failed with EACCES
1129 http fetch GET https://registry.npmjs.org/styled-jsx/-/styled-jsx-5.1.1.tgz attempt 1 failed with EACCES
1130 http fetch GET https://registry.npmjs.org/strip-json-comments/-/strip-json-comments-3.1.1.tgz attempt 1 failed with EACCES
1131 http fetch GET https://registry.npmjs.org/strip-bom/-/strip-bom-3.0.0.tgz attempt 1 failed with EACCES
1132 http fetch GET https://registry.npmjs.org/strip-ansi/-/strip-ansi-6.0.1.tgz attempt 1 failed with EACCES
1133 http fetch GET https://registry.npmjs.org/strip-ansi/-/strip-ansi-6.0.1.tgz attempt 1 failed with EACCES
1134 http fetch GET https://registry.npmjs.org/string.prototype.trimstart/-/string.prototype.trimstart-1.0.8.tgz attempt 1 failed with EACCES
1135 http fetch GET https://registry.npmjs.org/string.prototype.trimend/-/string.prototype.trimend-1.0.8.tgz attempt 1 failed with EACCES
1136 http fetch GET https://registry.npmjs.org/string.prototype.trim/-/string.prototype.trim-1.2.9.tgz attempt 1 failed with EACCES
1137 http fetch GET https://registry.npmjs.org/string.prototype.repeat/-/string.prototype.repeat-1.0.0.tgz attempt 1 failed with EACCES
1138 http fetch GET https://registry.npmjs.org/string.prototype.matchall/-/string.prototype.matchall-4.0.11.tgz attempt 1 failed with EACCES
1139 http fetch GET https://registry.npmjs.org/string.prototype.includes/-/string.prototype.includes-2.0.0.tgz attempt 1 failed with EACCES
1140 http fetch GET https://registry.npmjs.org/string-width/-/string-width-5.1.2.tgz attempt 1 failed with EACCES
1141 http fetch GET https://registry.npmjs.org/string-width/-/string-width-4.2.3.tgz attempt 1 failed with EACCES
1142 http fetch GET https://registry.npmjs.org/streamsearch/-/streamsearch-1.1.0.tgz attempt 1 failed with EACCES
1143 http fetch GET https://registry.npmjs.org/stop-iteration-iterator/-/stop-iteration-iterator-1.0.0.tgz attempt 1 failed with EACCES
1144 http fetch GET https://registry.npmjs.org/source-map-js/-/source-map-js-1.2.1.tgz attempt 1 failed with EACCES
1145 http fetch GET https://registry.npmjs.org/sonner/-/sonner-1.5.0.tgz attempt 1 failed with EACCES
1146 http fetch GET https://registry.npmjs.org/slash/-/slash-3.0.0.tgz attempt 1 failed with EACCES
1147 http fetch GET https://registry.npmjs.org/signal-exit/-/signal-exit-4.1.0.tgz attempt 1 failed with EACCES
1148 http fetch GET https://registry.npmjs.org/side-channel/-/side-channel-1.0.6.tgz attempt 1 failed with EACCES
1149 http fetch GET https://registry.npmjs.org/shebang-regex/-/shebang-regex-3.0.0.tgz attempt 1 failed with EACCES
1150 http fetch GET https://registry.npmjs.org/shebang-command/-/shebang-command-2.0.0.tgz attempt 1 failed with EACCES
1151 http fetch GET https://registry.npmjs.org/set-function-name/-/set-function-name-2.0.2.tgz attempt 1 failed with EACCES
1152 http fetch GET https://registry.npmjs.org/set-function-length/-/set-function-length-1.2.2.tgz attempt 1 failed with EACCES
1153 http fetch GET https://registry.npmjs.org/semver/-/semver-7.6.3.tgz attempt 1 failed with EACCES
1154 http fetch GET https://registry.npmjs.org/scheduler/-/scheduler-0.23.2.tgz attempt 1 failed with EACCES
1155 http fetch GET https://registry.npmjs.org/safe-regex-test/-/safe-regex-test-1.0.3.tgz attempt 1 failed with EACCES
1156 http fetch GET https://registry.npmjs.org/safe-array-concat/-/safe-array-concat-1.1.2.tgz attempt 1 failed with EACCES
1157 http fetch GET https://registry.npmjs.org/run-parallel/-/run-parallel-1.2.0.tgz attempt 1 failed with EACCES
1158 http fetch GET https://registry.npmjs.org/rimraf/-/rimraf-3.0.2.tgz attempt 1 failed with EACCES
1159 http fetch GET https://registry.npmjs.org/reusify/-/reusify-1.0.4.tgz attempt 1 failed with EACCES
1160 http fetch GET https://registry.npmjs.org/resolve-pkg-maps/-/resolve-pkg-maps-1.0.0.tgz attempt 1 failed with EACCES
1161 http fetch GET https://registry.npmjs.org/resolve-from/-/resolve-from-4.0.0.tgz attempt 1 failed with EACCES
1162 http fetch GET https://registry.npmjs.org/resolve/-/resolve-1.22.8.tgz attempt 1 failed with EACCES
1163 http fetch GET https://registry.npmjs.org/regexp.prototype.flags/-/regexp.prototype.flags-1.5.3.tgz attempt 1 failed with EACCES
1164 http fetch GET https://registry.npmjs.org/regenerator-runtime/-/regenerator-runtime-0.14.1.tgz attempt 1 failed with EACCES
1165 http fetch GET https://registry.npmjs.org/reflect.getprototypeof/-/reflect.getprototypeof-1.0.6.tgz attempt 1 failed with EACCES
1166 http fetch GET https://registry.npmjs.org/recharts-scale/-/recharts-scale-0.4.5.tgz attempt 1 failed with EACCES
1167 http fetch GET https://registry.npmjs.org/recharts/-/recharts-2.12.7.tgz attempt 1 failed with EACCES
1168 http fetch GET https://registry.npmjs.org/readdirp/-/readdirp-3.6.0.tgz attempt 1 failed with EACCES
1169 http fetch GET https://registry.npmjs.org/read-cache/-/read-cache-1.0.0.tgz attempt 1 failed with EACCES
1170 http fetch GET https://registry.npmjs.org/react-transition-group/-/react-transition-group-4.4.5.tgz attempt 1 failed with EACCES
1171 http fetch GET https://registry.npmjs.org/react-style-singleton/-/react-style-singleton-2.2.1.tgz attempt 1 failed with EACCES
1172 http fetch GET https://registry.npmjs.org/react-smooth/-/react-smooth-4.0.1.tgz attempt 1 failed with EACCES
1173 http fetch GET https://registry.npmjs.org/react-remove-scroll-bar/-/react-remove-scroll-bar-2.3.6.tgz attempt 1 failed with EACCES
1174 http fetch GET https://registry.npmjs.org/react-resizable-panels/-/react-resizable-panels-2.1.4.tgz attempt 1 failed with EACCES
1175 http fetch GET https://registry.npmjs.org/react-is/-/react-is-16.13.1.tgz attempt 1 failed with EACCES
1176 http fetch GET https://registry.npmjs.org/react-remove-scroll/-/react-remove-scroll-2.6.0.tgz attempt 1 failed with EACCES
1177 http fetch GET https://registry.npmjs.org/react-hook-form/-/react-hook-form-7.53.0.tgz attempt 1 failed with EACCES
1178 http fetch GET https://registry.npmjs.org/react-day-picker/-/react-day-picker-8.10.1.tgz attempt 1 failed with EACCES
1179 http fetch GET https://registry.npmjs.org/react/-/react-18.2.0.tgz attempt 1 failed with EACCES
1180 http fetch GET https://registry.npmjs.org/queue-microtask/-/queue-microtask-1.2.3.tgz attempt 1 failed with EACCES
1181 http fetch GET https://registry.npmjs.org/react-dom/-/react-dom-18.2.0.tgz attempt 1 failed with EACCES
1182 http fetch GET https://registry.npmjs.org/prelude-ls/-/prelude-ls-1.2.1.tgz attempt 1 failed with EACCES
1183 http fetch GET https://registry.npmjs.org/punycode/-/punycode-2.3.1.tgz attempt 1 failed with EACCES
1184 http fetch GET https://registry.npmjs.org/prop-types/-/prop-types-15.8.1.tgz attempt 1 failed with EACCES
1185 http fetch GET https://registry.npmjs.org/postcss-selector-parser/-/postcss-selector-parser-6.1.2.tgz attempt 1 failed with EACCES
1186 http fetch GET https://registry.npmjs.org/postcss-js/-/postcss-js-4.0.1.tgz attempt 1 failed with EACCES
1187 http fetch GET https://registry.npmjs.org/postcss-nested/-/postcss-nested-6.2.0.tgz attempt 1 failed with EACCES
1188 http fetch GET https://registry.npmjs.org/postcss-value-parser/-/postcss-value-parser-4.2.0.tgz attempt 1 failed with EACCES
1189 http fetch GET https://registry.npmjs.org/postcss-load-config/-/postcss-load-config-4.0.2.tgz attempt 1 failed with EACCES
1190 http fetch GET https://registry.npmjs.org/postcss/-/postcss-8.4.30.tgz attempt 1 failed with EACCES
1191 http fetch GET https://registry.npmjs.org/postcss-import/-/postcss-import-15.1.0.tgz attempt 1 failed with EACCES
1192 http fetch GET https://registry.npmjs.org/pirates/-/pirates-4.0.6.tgz attempt 1 failed with EACCES
1193 http fetch GET https://registry.npmjs.org/pify/-/pify-2.3.0.tgz attempt 1 failed with EACCES
1194 http fetch GET https://registry.npmjs.org/picomatch/-/picomatch-2.3.1.tgz attempt 1 failed with EACCES
1195 http fetch GET https://registry.npmjs.org/picocolors/-/picocolors-1.1.0.tgz attempt 1 failed with EACCES
1196 http fetch GET https://registry.npmjs.org/path-type/-/path-type-4.0.0.tgz attempt 1 failed with EACCES
1197 http fetch GET https://registry.npmjs.org/path-scurry/-/path-scurry-1.11.1.tgz attempt 1 failed with EACCES
1198 http fetch GET https://registry.npmjs.org/path-parse/-/path-parse-1.0.7.tgz attempt 1 failed with EACCES
1199 http fetch GET https://registry.npmjs.org/path-key/-/path-key-3.1.1.tgz attempt 1 failed with EACCES
1200 http fetch GET https://registry.npmjs.org/path-is-absolute/-/path-is-absolute-1.0.1.tgz attempt 1 failed with EACCES
1201 http fetch GET https://registry.npmjs.org/path-exists/-/path-exists-4.0.0.tgz attempt 1 failed with EACCES
1202 http fetch GET https://registry.npmjs.org/possible-typed-array-names/-/possible-typed-array-names-1.0.0.tgz attempt 1 failed with EACCES
1203 http fetch GET https://registry.npmjs.org/package-json-from-dist/-/package-json-from-dist-1.0.1.tgz attempt 1 failed with EACCES
1204 http fetch GET https://registry.npmjs.org/p-limit/-/p-limit-3.1.0.tgz attempt 1 failed with EACCES
1205 http fetch GET https://registry.npmjs.org/p-locate/-/p-locate-5.0.0.tgz attempt 1 failed with EACCES
1206 http fetch GET https://registry.npmjs.org/optionator/-/optionator-0.9.4.tgz attempt 1 failed with EACCES
1207 http fetch GET https://registry.npmjs.org/once/-/once-1.4.0.tgz attempt 1 failed with EACCES
1208 http fetch GET https://registry.npmjs.org/object.values/-/object.values-1.2.0.tgz attempt 1 failed with EACCES
1209 http fetch GET https://registry.npmjs.org/object.groupby/-/object.groupby-1.0.3.tgz attempt 1 failed with EACCES
1210 http fetch GET https://registry.npmjs.org/object.fromentries/-/object.fromentries-2.0.8.tgz attempt 1 failed with EACCES
1211 http fetch GET https://registry.npmjs.org/object.entries/-/object.entries-1.1.8.tgz attempt 1 failed with EACCES
1212 http fetch GET https://registry.npmjs.org/object.assign/-/object.assign-4.1.5.tgz attempt 1 failed with EACCES
1213 http fetch GET https://registry.npmjs.org/object-keys/-/object-keys-1.1.1.tgz attempt 1 failed with EACCES
1214 http fetch GET https://registry.npmjs.org/object-is/-/object-is-1.1.6.tgz attempt 1 failed with EACCES
1215 http fetch GET https://registry.npmjs.org/object-inspect/-/object-inspect-1.13.2.tgz attempt 1 failed with EACCES
1216 http fetch GET https://registry.npmjs.org/object-hash/-/object-hash-3.0.0.tgz attempt 1 failed with EACCES
1217 http fetch GET https://registry.npmjs.org/object-assign/-/object-assign-4.1.1.tgz attempt 1 failed with EACCES
1218 http fetch GET https://registry.npmjs.org/normalize-range/-/normalize-range-0.1.2.tgz attempt 1 failed with EACCES
1219 http fetch GET https://registry.npmjs.org/normalize-path/-/normalize-path-3.0.0.tgz attempt 1 failed with EACCES
1220 http fetch GET https://registry.npmjs.org/node-releases/-/node-releases-2.0.18.tgz attempt 1 failed with EACCES
1221 http fetch GET https://registry.npmjs.org/next-themes/-/next-themes-0.3.0.tgz attempt 1 failed with EACCES
1222 http fetch GET https://registry.npmjs.org/next/-/next-13.5.1.tgz attempt 1 failed with EACCES
1223 http fetch GET https://registry.npmjs.org/natural-compare/-/natural-compare-1.4.0.tgz attempt 1 failed with EACCES
1224 http fetch GET https://registry.npmjs.org/nanoid/-/nanoid-3.3.7.tgz attempt 1 failed with EACCES
1225 http fetch GET https://registry.npmjs.org/mz/-/mz-2.7.0.tgz attempt 1 failed with EACCES
1226 http fetch GET https://registry.npmjs.org/ms/-/ms-2.1.3.tgz attempt 1 failed with EACCES
1227 http fetch GET https://registry.npmjs.org/minipass/-/minipass-7.1.2.tgz attempt 1 failed with EACCES
1228 http fetch GET https://registry.npmjs.org/minimist/-/minimist-1.2.8.tgz attempt 1 failed with EACCES
1229 http fetch GET https://registry.npmjs.org/minimatch/-/minimatch-3.1.2.tgz attempt 1 failed with EACCES
1230 http fetch GET https://registry.npmjs.org/micromatch/-/micromatch-4.0.8.tgz attempt 1 failed with EACCES
1231 http fetch GET https://registry.npmjs.org/merge2/-/merge2-1.4.1.tgz attempt 1 failed with EACCES
1232 http fetch GET https://registry.npmjs.org/lucide-react/-/lucide-react-0.446.0.tgz attempt 1 failed with EACCES
1233 http fetch GET https://registry.npmjs.org/lru-cache/-/lru-cache-10.4.3.tgz attempt 1 failed with EACCES
1234 http fetch GET https://registry.npmjs.org/loose-envify/-/loose-envify-1.4.0.tgz attempt 1 failed with EACCES
1235 http fetch GET https://registry.npmjs.org/lodash.merge/-/lodash.merge-4.6.2.tgz attempt 1 failed with EACCES
1236 http fetch GET https://registry.npmjs.org/lodash/-/lodash-4.17.21.tgz attempt 1 failed with EACCES
1237 http fetch GET https://registry.npmjs.org/locate-path/-/locate-path-6.0.0.tgz attempt 1 failed with EACCES
1238 http fetch GET https://registry.npmjs.org/lines-and-columns/-/lines-and-columns-1.2.4.tgz attempt 1 failed with EACCES
1239 http fetch GET https://registry.npmjs.org/lilconfig/-/lilconfig-2.1.0.tgz attempt 1 failed with EACCES
1240 http fetch GET https://registry.npmjs.org/levn/-/levn-0.4.1.tgz attempt 1 failed with EACCES
1241 http fetch GET https://registry.npmjs.org/language-tags/-/language-tags-1.0.9.tgz attempt 1 failed with EACCES
1242 http fetch GET https://registry.npmjs.org/language-subtag-registry/-/language-subtag-registry-0.3.23.tgz attempt 1 failed with EACCES
1243 http fetch GET https://registry.npmjs.org/keyv/-/keyv-4.5.4.tgz attempt 1 failed with EACCES
1244 http fetch GET https://registry.npmjs.org/jsx-ast-utils/-/jsx-ast-utils-3.3.5.tgz attempt 1 failed with EACCES
1245 http fetch GET https://registry.npmjs.org/json5/-/json5-1.0.2.tgz attempt 1 failed with EACCES
1246 http fetch GET https://registry.npmjs.org/json-stable-stringify-without-jsonify/-/json-stable-stringify-without-jsonify-1.0.1.tgz attempt 1 failed with EACCES
1247 http fetch GET https://registry.npmjs.org/json-schema-traverse/-/json-schema-traverse-0.4.1.tgz attempt 1 failed with EACCES
1248 http fetch GET https://registry.npmjs.org/json-buffer/-/json-buffer-3.0.1.tgz attempt 1 failed with EACCES
1249 http fetch GET https://registry.npmjs.org/js-yaml/-/js-yaml-4.1.0.tgz attempt 1 failed with EACCES
1250 http fetch GET https://registry.npmjs.org/js-tokens/-/js-tokens-4.0.0.tgz attempt 1 failed with EACCES
1251 http fetch GET https://registry.npmjs.org/jiti/-/jiti-1.21.6.tgz attempt 1 failed with EACCES
1252 http fetch GET https://registry.npmjs.org/jackspeak/-/jackspeak-3.4.3.tgz attempt 1 failed with EACCES
1253 http fetch GET https://registry.npmjs.org/iterator.prototype/-/iterator.prototype-1.1.3.tgz attempt 1 failed with EACCES
1254 http fetch GET https://registry.npmjs.org/isexe/-/isexe-2.0.0.tgz attempt 1 failed with EACCES
1255 http fetch GET https://registry.npmjs.org/isarray/-/isarray-2.0.5.tgz attempt 1 failed with EACCES
1256 http fetch GET https://registry.npmjs.org/is-weakset/-/is-weakset-2.0.3.tgz attempt 1 failed with EACCES
1257 http fetch GET https://registry.npmjs.org/is-weakref/-/is-weakref-1.0.2.tgz attempt 1 failed with EACCES
1258 http fetch GET https://registry.npmjs.org/is-weakmap/-/is-weakmap-2.0.2.tgz attempt 1 failed with EACCES
1259 http fetch GET https://registry.npmjs.org/is-typed-array/-/is-typed-array-1.1.13.tgz attempt 1 failed with EACCES
1260 http fetch GET https://registry.npmjs.org/is-symbol/-/is-symbol-1.0.4.tgz attempt 1 failed with EACCES
1261 http fetch GET https://registry.npmjs.org/is-string/-/is-string-1.0.7.tgz attempt 1 failed with EACCES
1262 http fetch GET https://registry.npmjs.org/is-shared-array-buffer/-/is-shared-array-buffer-1.0.3.tgz attempt 1 failed with EACCES
1263 http fetch GET https://registry.npmjs.org/is-set/-/is-set-2.0.3.tgz attempt 1 failed with EACCES
1264 http fetch GET https://registry.npmjs.org/is-regex/-/is-regex-1.1.4.tgz attempt 1 failed with EACCES
1265 http fetch GET https://registry.npmjs.org/is-path-inside/-/is-path-inside-3.0.3.tgz attempt 1 failed with EACCES
1266 http fetch GET https://registry.npmjs.org/is-number-object/-/is-number-object-1.0.7.tgz attempt 1 failed with EACCES
1267 http fetch GET https://registry.npmjs.org/is-number/-/is-number-7.0.0.tgz attempt 1 failed with EACCES
1268 http fetch GET https://registry.npmjs.org/is-negative-zero/-/is-negative-zero-2.0.3.tgz attempt 1 failed with EACCES
1269 http fetch GET https://registry.npmjs.org/is-map/-/is-map-2.0.3.tgz attempt 1 failed with EACCES
1270 http fetch GET https://registry.npmjs.org/is-glob/-/is-glob-4.0.3.tgz attempt 1 failed with EACCES
1271 http fetch GET https://registry.npmjs.org/is-generator-function/-/is-generator-function-1.0.10.tgz attempt 1 failed with EACCES
1272 http fetch GET https://registry.npmjs.org/is-fullwidth-code-point/-/is-fullwidth-code-point-3.0.0.tgz attempt 1 failed with EACCES
1273 http fetch GET https://registry.npmjs.org/is-finalizationregistry/-/is-finalizationregistry-1.0.2.tgz attempt 1 failed with EACCES
1274 http fetch GET https://registry.npmjs.org/is-extglob/-/is-extglob-2.1.1.tgz attempt 1 failed with EACCES
1275 http fetch GET https://registry.npmjs.org/is-date-object/-/is-date-object-1.0.5.tgz attempt 1 failed with EACCES
1276 http fetch GET https://registry.npmjs.org/is-data-view/-/is-data-view-1.0.1.tgz attempt 1 failed with EACCES
1277 http fetch GET https://registry.npmjs.org/is-core-module/-/is-core-module-2.15.1.tgz attempt 1 failed with EACCES
1278 http fetch GET https://registry.npmjs.org/is-callable/-/is-callable-1.2.7.tgz attempt 1 failed with EACCES
1279 http fetch GET https://registry.npmjs.org/is-bun-module/-/is-bun-module-1.2.1.tgz attempt 1 failed with EACCES
1280 http fetch GET https://registry.npmjs.org/is-boolean-object/-/is-boolean-object-1.1.2.tgz attempt 1 failed with EACCES
1281 http fetch GET https://registry.npmjs.org/is-binary-path/-/is-binary-path-2.1.0.tgz attempt 1 failed with EACCES
1282 http fetch GET https://registry.npmjs.org/is-bigint/-/is-bigint-1.0.4.tgz attempt 1 failed with EACCES
1283 http fetch GET https://registry.npmjs.org/is-async-function/-/is-async-function-2.0.0.tgz attempt 1 failed with EACCES
1284 http fetch GET https://registry.npmjs.org/is-array-buffer/-/is-array-buffer-3.0.4.tgz attempt 1 failed with EACCES
1285 http fetch GET https://registry.npmjs.org/is-arguments/-/is-arguments-1.1.1.tgz attempt 1 failed with EACCES
1286 http fetch GET https://registry.npmjs.org/invariant/-/invariant-2.2.4.tgz attempt 1 failed with EACCES
1287 http fetch GET https://registry.npmjs.org/internmap/-/internmap-2.0.3.tgz attempt 1 failed with EACCES
1288 http fetch GET https://registry.npmjs.org/internal-slot/-/internal-slot-1.0.7.tgz attempt 1 failed with EACCES
1289 http fetch GET https://registry.npmjs.org/input-otp/-/input-otp-1.2.4.tgz attempt 1 failed with EACCES
1290 http fetch GET https://registry.npmjs.org/inherits/-/inherits-2.0.4.tgz attempt 1 failed with EACCES
1291 http fetch GET https://registry.npmjs.org/inflight/-/inflight-1.0.6.tgz attempt 1 failed with EACCES
1292 http fetch GET https://registry.npmjs.org/imurmurhash/-/imurmurhash-0.1.4.tgz attempt 1 failed with EACCES
1293 http fetch GET https://registry.npmjs.org/import-fresh/-/import-fresh-3.3.0.tgz attempt 1 failed with EACCES
1294 http fetch GET https://registry.npmjs.org/ignore/-/ignore-5.3.2.tgz attempt 1 failed with EACCES
1295 http fetch GET https://registry.npmjs.org/hasown/-/hasown-2.0.2.tgz attempt 1 failed with EACCES
1296 http fetch GET https://registry.npmjs.org/has-tostringtag/-/has-tostringtag-1.0.2.tgz attempt 1 failed with EACCES
1297 http fetch GET https://registry.npmjs.org/has-symbols/-/has-symbols-1.0.3.tgz attempt 1 failed with EACCES
1298 http fetch GET https://registry.npmjs.org/has-proto/-/has-proto-1.0.3.tgz attempt 1 failed with EACCES
1299 http fetch GET https://registry.npmjs.org/has-property-descriptors/-/has-property-descriptors-1.0.2.tgz attempt 1 failed with EACCES
1300 http fetch GET https://registry.npmjs.org/has-flag/-/has-flag-4.0.0.tgz attempt 1 failed with EACCES
1301 http fetch GET https://registry.npmjs.org/has-bigints/-/has-bigints-1.0.2.tgz attempt 1 failed with EACCES
1302 http fetch GET https://registry.npmjs.org/graphemer/-/graphemer-1.4.0.tgz attempt 1 failed with EACCES
1303 http fetch GET https://registry.npmjs.org/graceful-fs/-/graceful-fs-4.2.11.tgz attempt 1 failed with EACCES
1304 http fetch GET https://registry.npmjs.org/gopd/-/gopd-1.0.1.tgz attempt 1 failed with EACCES
1305 http fetch GET https://registry.npmjs.org/globby/-/globby-11.1.0.tgz attempt 1 failed with EACCES
1306 http fetch GET https://registry.npmjs.org/globalthis/-/globalthis-1.0.4.tgz attempt 1 failed with EACCES
1307 http fetch GET https://registry.npmjs.org/globals/-/globals-13.24.0.tgz attempt 1 failed with EACCES
1308 http fetch GET https://registry.npmjs.org/glob-to-regexp/-/glob-to-regexp-0.4.1.tgz attempt 1 failed with EACCES
1309 http fetch GET https://registry.npmjs.org/glob-parent/-/glob-parent-6.0.2.tgz attempt 1 failed with EACCES
1310 http fetch GET https://registry.npmjs.org/get-tsconfig/-/get-tsconfig-4.8.1.tgz attempt 1 failed with EACCES
1311 http fetch GET https://registry.npmjs.org/glob/-/glob-7.1.7.tgz attempt 1 failed with EACCES
1312 http fetch GET https://registry.npmjs.org/get-symbol-description/-/get-symbol-description-1.0.2.tgz attempt 1 failed with EACCES
1313 http fetch GET https://registry.npmjs.org/get-nonce/-/get-nonce-1.0.1.tgz attempt 1 failed with EACCES
1314 http fetch GET https://registry.npmjs.org/get-intrinsic/-/get-intrinsic-1.2.4.tgz attempt 1 failed with EACCES
1315 http fetch GET https://registry.npmjs.org/functions-have-names/-/functions-have-names-1.2.3.tgz attempt 1 failed with EACCES
1316 http fetch GET https://registry.npmjs.org/parent-module/-/parent-module-1.0.1.tgz attempt 1 failed with EACCES
1317 http fetch GET https://registry.npmjs.org/function.prototype.name/-/function.prototype.name-1.1.6.tgz attempt 1 failed with EACCES
1318 http fetch GET https://registry.npmjs.org/function-bind/-/function-bind-1.1.2.tgz attempt 1 failed with EACCES
1319 http fetch GET https://registry.npmjs.org/fs.realpath/-/fs.realpath-1.0.0.tgz attempt 1 failed with EACCES
1320 http fetch GET https://registry.npmjs.org/fraction.js/-/fraction.js-4.3.7.tgz attempt 1 failed with EACCES
1321 http fetch GET https://registry.npmjs.org/foreground-child/-/foreground-child-3.3.0.tgz attempt 1 failed with EACCES
1322 http fetch GET https://registry.npmjs.org/for-each/-/for-each-0.3.3.tgz attempt 1 failed with EACCES
1323 http fetch GET https://registry.npmjs.org/flatted/-/flatted-3.3.1.tgz attempt 1 failed with EACCES
1324 http fetch GET https://registry.npmjs.org/flat-cache/-/flat-cache-3.2.0.tgz attempt 1 failed with EACCES
1325 http fetch GET https://registry.npmjs.org/find-up/-/find-up-5.0.0.tgz attempt 1 failed with EACCES
1326 http fetch GET https://registry.npmjs.org/fill-range/-/fill-range-7.1.1.tgz attempt 1 failed with EACCES
1327 http fetch GET https://registry.npmjs.org/fastq/-/fastq-1.17.1.tgz attempt 1 failed with EACCES
1328 http fetch GET https://registry.npmjs.org/file-entry-cache/-/file-entry-cache-6.0.1.tgz attempt 1 failed with EACCES
1329 http fetch GET https://registry.npmjs.org/fast-levenshtein/-/fast-levenshtein-2.0.6.tgz attempt 1 failed with EACCES
1330 http fetch GET https://registry.npmjs.org/fast-json-stable-stringify/-/fast-json-stable-stringify-2.1.0.tgz attempt 1 failed with EACCES
1331 http fetch GET https://registry.npmjs.org/fast-glob/-/fast-glob-3.3.2.tgz attempt 1 failed with EACCES
1332 http fetch GET https://registry.npmjs.org/fast-equals/-/fast-equals-5.0.1.tgz attempt 1 failed with EACCES
1333 http fetch GET https://registry.npmjs.org/fast-deep-equal/-/fast-deep-equal-3.1.3.tgz attempt 1 failed with EACCES
1334 http fetch GET https://registry.npmjs.org/eventemitter3/-/eventemitter3-4.0.7.tgz attempt 1 failed with EACCES
1335 http fetch GET https://registry.npmjs.org/esutils/-/esutils-2.0.3.tgz attempt 1 failed with EACCES
1336 http fetch GET https://registry.npmjs.org/estraverse/-/estraverse-5.3.0.tgz attempt 1 failed with EACCES
1337 http fetch GET https://registry.npmjs.org/esrecurse/-/esrecurse-4.3.0.tgz attempt 1 failed with EACCES
1338 http fetch GET https://registry.npmjs.org/esquery/-/esquery-1.6.0.tgz attempt 1 failed with EACCES
1339 http fetch GET https://registry.npmjs.org/espree/-/espree-9.6.1.tgz attempt 1 failed with EACCES
1340 http fetch GET https://registry.npmjs.org/eslint-visitor-keys/-/eslint-visitor-keys-3.4.3.tgz attempt 1 failed with EACCES
1341 http fetch GET https://registry.npmjs.org/eslint-scope/-/eslint-scope-7.2.2.tgz attempt 1 failed with EACCES
1342 http fetch GET https://registry.npmjs.org/eslint-plugin-react-hooks/-/eslint-plugin-react-hooks-4.6.2.tgz attempt 1 failed with EACCES
1343 http fetch GET https://registry.npmjs.org/eslint-plugin-react/-/eslint-plugin-react-7.37.1.tgz attempt 1 failed with EACCES
1344 http fetch GET https://registry.npmjs.org/eslint-plugin-jsx-a11y/-/eslint-plugin-jsx-a11y-6.10.0.tgz attempt 1 failed with EACCES
1345 http fetch GET https://registry.npmjs.org/eslint-plugin-import/-/eslint-plugin-import-2.31.0.tgz attempt 1 failed with EACCES
1346 http fetch GET https://registry.npmjs.org/eslint-module-utils/-/eslint-module-utils-2.12.0.tgz attempt 1 failed with EACCES
1347 http fetch GET https://registry.npmjs.org/eslint-import-resolver-node/-/eslint-import-resolver-node-0.3.9.tgz attempt 1 failed with EACCES
1348 http fetch GET https://registry.npmjs.org/eslint-config-next/-/eslint-config-next-13.5.1.tgz attempt 1 failed with EACCES
1349 http fetch GET https://registry.npmjs.org/eslint/-/eslint-8.49.0.tgz attempt 1 failed with EACCES
1350 http fetch GET https://registry.npmjs.org/escape-string-regexp/-/escape-string-regexp-4.0.0.tgz attempt 1 failed with EACCES
1351 http fetch GET https://registry.npmjs.org/escalade/-/escalade-3.2.0.tgz attempt 1 failed with EACCES
1352 http fetch GET https://registry.npmjs.org/es-to-primitive/-/es-to-primitive-1.2.1.tgz attempt 1 failed with EACCES
1353 http fetch GET https://registry.npmjs.org/es-shim-unscopables/-/es-shim-unscopables-1.0.2.tgz attempt 1 failed with EACCES
1354 http fetch GET https://registry.npmjs.org/es-set-tostringtag/-/es-set-tostringtag-2.0.3.tgz attempt 1 failed with EACCES
1355 http fetch GET https://registry.npmjs.org/es-object-atoms/-/es-object-atoms-1.0.0.tgz attempt 1 failed with EACCES
1356 http fetch GET https://registry.npmjs.org/es-iterator-helpers/-/es-iterator-helpers-1.1.0.tgz attempt 1 failed with EACCES
1357 http fetch GET https://registry.npmjs.org/es-get-iterator/-/es-get-iterator-1.1.3.tgz attempt 1 failed with EACCES
1358 http fetch GET https://registry.npmjs.org/es-errors/-/es-errors-1.3.0.tgz attempt 1 failed with EACCES
1359 http fetch GET https://registry.npmjs.org/es-define-property/-/es-define-property-1.0.0.tgz attempt 1 failed with EACCES
1360 http fetch GET https://registry.npmjs.org/es-abstract/-/es-abstract-1.23.3.tgz attempt 1 failed with EACCES
1361 http fetch GET https://registry.npmjs.org/enhanced-resolve/-/enhanced-resolve-5.17.1.tgz attempt 1 failed with EACCES
1362 http fetch GET https://registry.npmjs.org/emoji-regex/-/emoji-regex-9.2.2.tgz attempt 1 failed with EACCES
1363 http fetch GET https://registry.npmjs.org/embla-carousel-reactive-utils/-/embla-carousel-reactive-utils-8.3.0.tgz attempt 1 failed with EACCES
1364 http fetch GET https://registry.npmjs.org/embla-carousel-react/-/embla-carousel-react-8.3.0.tgz attempt 1 failed with EACCES
1365 http fetch GET https://registry.npmjs.org/embla-carousel/-/embla-carousel-8.3.0.tgz attempt 1 failed with EACCES
1366 http fetch GET https://registry.npmjs.org/electron-to-chromium/-/electron-to-chromium-1.5.34.tgz attempt 1 failed with EACCES
1367 http fetch GET https://registry.npmjs.org/eastasianwidth/-/eastasianwidth-0.2.0.tgz attempt 1 failed with EACCES
1368 http fetch GET https://registry.npmjs.org/dom-helpers/-/dom-helpers-5.2.1.tgz attempt 1 failed with EACCES
1369 http fetch GET https://registry.npmjs.org/doctrine/-/doctrine-3.0.0.tgz attempt 1 failed with EACCES
1370 http fetch GET https://registry.npmjs.org/dir-glob/-/dir-glob-3.0.1.tgz attempt 1 failed with EACCES
1371 http fetch GET https://registry.npmjs.org/dlv/-/dlv-1.1.3.tgz attempt 1 failed with EACCES
1372 http fetch GET https://registry.npmjs.org/didyoumean/-/didyoumean-1.2.2.tgz attempt 1 failed with EACCES
1373 http fetch GET https://registry.npmjs.org/detect-node-es/-/detect-node-es-1.1.0.tgz attempt 1 failed with EACCES
1374 http fetch GET https://registry.npmjs.org/define-properties/-/define-properties-1.2.1.tgz attempt 1 failed with EACCES
1375 http fetch GET https://registry.npmjs.org/define-data-property/-/define-data-property-1.1.4.tgz attempt 1 failed with EACCES
1376 http fetch GET https://registry.npmjs.org/decimal.js-light/-/decimal.js-light-2.5.1.tgz attempt 1 failed with EACCES
1377 http fetch GET https://registry.npmjs.org/deep-is/-/deep-is-0.1.4.tgz attempt 1 failed with EACCES
1378 http fetch GET https://registry.npmjs.org/debug/-/debug-4.3.7.tgz attempt 1 failed with EACCES
1379 http fetch GET https://registry.npmjs.org/date-fns/-/date-fns-3.6.0.tgz attempt 1 failed with EACCES
1380 http fetch GET https://registry.npmjs.org/data-view-byte-offset/-/data-view-byte-offset-1.0.0.tgz attempt 1 failed with EACCES
1381 http fetch GET https://registry.npmjs.org/data-view-byte-length/-/data-view-byte-length-1.0.1.tgz attempt 1 failed with EACCES
1382 http fetch GET https://registry.npmjs.org/data-view-buffer/-/data-view-buffer-1.0.1.tgz attempt 1 failed with EACCES
1383 http fetch GET https://registry.npmjs.org/damerau-levenshtein/-/damerau-levenshtein-1.0.8.tgz attempt 1 failed with EACCES
1384 http fetch GET https://registry.npmjs.org/d3-timer/-/d3-timer-3.0.1.tgz attempt 1 failed with EACCES
1385 http fetch GET https://registry.npmjs.org/d3-time/-/d3-time-3.1.0.tgz attempt 1 failed with EACCES
1386 http fetch GET https://registry.npmjs.org/d3-time-format/-/d3-time-format-4.1.0.tgz attempt 1 failed with EACCES
1387 http fetch GET https://registry.npmjs.org/d3-shape/-/d3-shape-3.2.0.tgz attempt 1 failed with EACCES
1388 http fetch GET https://registry.npmjs.org/d3-scale/-/d3-scale-4.0.2.tgz attempt 1 failed with EACCES
1389 http fetch GET https://registry.npmjs.org/d3-path/-/d3-path-3.1.0.tgz attempt 1 failed with EACCES
1390 http fetch GET https://registry.npmjs.org/d3-interpolate/-/d3-interpolate-3.0.1.tgz attempt 1 failed with EACCES
1391 http fetch GET https://registry.npmjs.org/d3-format/-/d3-format-3.1.0.tgz attempt 1 failed with EACCES
1392 http fetch GET https://registry.npmjs.org/d3-ease/-/d3-ease-3.0.1.tgz attempt 1 failed with EACCES
1393 http fetch GET https://registry.npmjs.org/d3-color/-/d3-color-3.1.0.tgz attempt 1 failed with EACCES
1394 http fetch GET https://registry.npmjs.org/d3-array/-/d3-array-3.2.4.tgz attempt 1 failed with EACCES
1395 http fetch GET https://registry.npmjs.org/csstype/-/csstype-3.1.3.tgz attempt 1 failed with EACCES
1396 http fetch GET https://registry.npmjs.org/cssesc/-/cssesc-3.0.0.tgz attempt 1 failed with EACCES
1397 http fetch GET https://registry.npmjs.org/concat-map/-/concat-map-0.0.1.tgz attempt 1 failed with EACCES
1398 http fetch GET https://registry.npmjs.org/cross-spawn/-/cross-spawn-7.0.3.tgz attempt 1 failed with EACCES
1399 http fetch GET https://registry.npmjs.org/deep-equal/-/deep-equal-2.2.3.tgz attempt 1 failed with EACCES
1400 http fetch GET https://registry.npmjs.org/commander/-/commander-4.1.1.tgz attempt 1 failed with EACCES
1401 http fetch GET https://registry.npmjs.org/color-name/-/color-name-1.1.4.tgz attempt 1 failed with EACCES
1402 http fetch GET https://registry.npmjs.org/color-convert/-/color-convert-2.0.1.tgz attempt 1 failed with EACCES
1403 http fetch GET https://registry.npmjs.org/clsx/-/clsx-2.1.1.tgz attempt 1 failed with EACCES
1404 http fetch GET https://registry.npmjs.org/client-only/-/client-only-0.0.1.tgz attempt 1 failed with EACCES
1405 http fetch GET https://registry.npmjs.org/class-variance-authority/-/class-variance-authority-0.7.0.tgz attempt 1 failed with EACCES
1406 http fetch GET https://registry.npmjs.org/caniuse-lite/-/caniuse-lite-1.0.30001667.tgz attempt 1 failed with EACCES
1407 http fetch GET https://registry.npmjs.org/chokidar/-/chokidar-3.6.0.tgz attempt 1 failed with EACCES
1408 http fetch GET https://registry.npmjs.org/chalk/-/chalk-4.1.2.tgz attempt 1 failed with EACCES
1409 http fetch GET https://registry.npmjs.org/camelcase-css/-/camelcase-css-2.0.1.tgz attempt 1 failed with EACCES
1410 http fetch GET https://registry.npmjs.org/call-bind/-/call-bind-1.0.7.tgz attempt 1 failed with EACCES
1411 http fetch GET https://registry.npmjs.org/callsites/-/callsites-3.1.0.tgz attempt 1 failed with EACCES
1412 http fetch GET https://registry.npmjs.org/busboy/-/busboy-1.6.0.tgz attempt 1 failed with EACCES
1413 http fetch GET https://registry.npmjs.org/browserslist/-/browserslist-4.24.0.tgz attempt 1 failed with EACCES
1414 http fetch GET https://registry.npmjs.org/brace-expansion/-/brace-expansion-1.1.11.tgz attempt 1 failed with EACCES
1415 http fetch GET https://registry.npmjs.org/braces/-/braces-3.0.3.tgz attempt 1 failed with EACCES
1416 http fetch GET https://registry.npmjs.org/balanced-match/-/balanced-match-1.0.2.tgz attempt 1 failed with EACCES
1417 http fetch GET https://registry.npmjs.org/axobject-query/-/axobject-query-4.1.0.tgz attempt 1 failed with EACCES
1418 http fetch GET https://registry.npmjs.org/binary-extensions/-/binary-extensions-2.3.0.tgz attempt 1 failed with EACCES
1419 http fetch GET https://registry.npmjs.org/axe-core/-/axe-core-4.10.0.tgz attempt 1 failed with EACCES
1420 http fetch GET https://registry.npmjs.org/available-typed-arrays/-/available-typed-arrays-1.0.7.tgz attempt 1 failed with EACCES
1421 http fetch GET https://registry.npmjs.org/autoprefixer/-/autoprefixer-10.4.15.tgz attempt 1 failed with EACCES
1422 http fetch GET https://registry.npmjs.org/arraybuffer.prototype.slice/-/arraybuffer.prototype.slice-1.0.3.tgz attempt 1 failed with EACCES
1423 http fetch GET https://registry.npmjs.org/ast-types-flow/-/ast-types-flow-0.0.8.tgz attempt 1 failed with EACCES
1424 http fetch GET https://registry.npmjs.org/array.prototype.tosorted/-/array.prototype.tosorted-1.1.4.tgz attempt 1 failed with EACCES
1425 http fetch GET https://registry.npmjs.org/array.prototype.flatmap/-/array.prototype.flatmap-1.3.2.tgz attempt 1 failed with EACCES
1426 http fetch GET https://registry.npmjs.org/array.prototype.flat/-/array.prototype.flat-1.3.2.tgz attempt 1 failed with EACCES
1427 http fetch GET https://registry.npmjs.org/array.prototype.findlastindex/-/array.prototype.findlastindex-1.2.5.tgz attempt 1 failed with EACCES
1428 http fetch GET https://registry.npmjs.org/array.prototype.findlast/-/array.prototype.findlast-1.2.5.tgz attempt 1 failed with EACCES
1429 http fetch GET https://registry.npmjs.org/array-union/-/array-union-2.1.0.tgz attempt 1 failed with EACCES
1430 http fetch GET https://registry.npmjs.org/array-includes/-/array-includes-3.1.8.tgz attempt 1 failed with EACCES
1431 http fetch GET https://registry.npmjs.org/array-buffer-byte-length/-/array-buffer-byte-length-1.0.1.tgz attempt 1 failed with EACCES
1432 http fetch GET https://registry.npmjs.org/aria-query/-/aria-query-5.1.3.tgz attempt 1 failed with EACCES
1433 http fetch GET https://registry.npmjs.org/aria-hidden/-/aria-hidden-1.2.4.tgz attempt 1 failed with EACCES
1434 http fetch GET https://registry.npmjs.org/argparse/-/argparse-2.0.1.tgz attempt 1 failed with EACCES
1435 http fetch GET https://registry.npmjs.org/arg/-/arg-5.0.2.tgz attempt 1 failed with EACCES
1436 http fetch GET https://registry.npmjs.org/cmdk/-/cmdk-1.0.0.tgz attempt 1 failed with EACCES
1437 http fetch GET https://registry.npmjs.org/anymatch/-/anymatch-3.1.3.tgz attempt 1 failed with EACCES
1438 http fetch GET https://registry.npmjs.org/any-promise/-/any-promise-1.3.0.tgz attempt 1 failed with EACCES
1439 http fetch GET https://registry.npmjs.org/ansi-styles/-/ansi-styles-4.3.0.tgz attempt 1 failed with EACCES
1440 http fetch GET https://registry.npmjs.org/acorn-jsx/-/acorn-jsx-5.3.2.tgz attempt 1 failed with EACCES
1441 http fetch GET https://registry.npmjs.org/ansi-regex/-/ansi-regex-5.0.1.tgz attempt 1 failed with EACCES
1442 http fetch GET https://registry.npmjs.org/acorn/-/acorn-8.12.1.tgz attempt 1 failed with EACCES
1443 http fetch GET https://registry.npmjs.org/@typescript-eslint/visitor-keys/-/visitor-keys-6.21.0.tgz attempt 1 failed with EACCES
1444 http fetch GET https://registry.npmjs.org/ajv/-/ajv-6.12.6.tgz attempt 1 failed with EACCES
1445 http fetch GET https://registry.npmjs.org/@typescript-eslint/typescript-estree/-/typescript-estree-6.21.0.tgz attempt 1 failed with EACCES
1446 http fetch GET https://registry.npmjs.org/@typescript-eslint/types/-/types-6.21.0.tgz attempt 1 failed with EACCES
1447 http fetch GET https://registry.npmjs.org/@types/ws/-/ws-8.18.1.tgz attempt 1 failed with EACCES
1448 http fetch GET https://registry.npmjs.org/@typescript-eslint/scope-manager/-/scope-manager-6.21.0.tgz attempt 1 failed with EACCES
1449 http fetch GET https://registry.npmjs.org/@typescript-eslint/parser/-/parser-6.21.0.tgz attempt 1 failed with EACCES
1450 http fetch GET https://registry.npmjs.org/@types/scheduler/-/scheduler-0.23.0.tgz attempt 1 failed with EACCES
1451 http fetch GET https://registry.npmjs.org/@types/prop-types/-/prop-types-15.7.13.tgz attempt 1 failed with EACCES
1452 http fetch GET https://registry.npmjs.org/@types/react/-/react-18.2.22.tgz attempt 1 failed with EACCES
1453 http fetch GET https://registry.npmjs.org/@types/react-dom/-/react-dom-18.2.7.tgz attempt 1 failed with EACCES
1454 http fetch GET https://registry.npmjs.org/@types/phoenix/-/phoenix-1.6.6.tgz attempt 1 failed with EACCES
1455 http fetch GET https://registry.npmjs.org/@types/node/-/node-20.6.2.tgz attempt 1 failed with EACCES
1456 http fetch GET https://registry.npmjs.org/@types/d3-timer/-/d3-timer-3.0.2.tgz attempt 1 failed with EACCES
1457 http fetch GET https://registry.npmjs.org/@types/json5/-/json5-0.0.29.tgz attempt 1 failed with EACCES
1458 http fetch GET https://registry.npmjs.org/@types/d3-time/-/d3-time-3.0.3.tgz attempt 1 failed with EACCES
1459 http fetch GET https://registry.npmjs.org/@types/d3-shape/-/d3-shape-3.1.6.tgz attempt 1 failed with EACCES
1460 http fetch GET https://registry.npmjs.org/@types/d3-scale/-/d3-scale-4.0.8.tgz attempt 1 failed with EACCES
1461 http fetch GET https://registry.npmjs.org/@types/d3-interpolate/-/d3-interpolate-3.0.4.tgz attempt 1 failed with EACCES
1462 http fetch GET https://registry.npmjs.org/@types/d3-ease/-/d3-ease-3.0.2.tgz attempt 1 failed with EACCES
1463 http fetch GET https://registry.npmjs.org/@types/d3-color/-/d3-color-3.1.3.tgz attempt 1 failed with EACCES
1464 http fetch GET https://registry.npmjs.org/@types/d3-array/-/d3-array-3.2.1.tgz attempt 1 failed with EACCES
1465 http fetch GET https://registry.npmjs.org/@swc/helpers/-/helpers-0.5.2.tgz attempt 1 failed with EACCES
1466 http fetch GET https://registry.npmjs.org/@supabase/supabase-js/-/supabase-js-2.58.0.tgz attempt 1 failed with EACCES
1467 http fetch GET https://registry.npmjs.org/@supabase/storage-js/-/storage-js-2.12.2.tgz attempt 1 failed with EACCES
1468 http fetch GET https://registry.npmjs.org/@supabase/postgrest-js/-/postgrest-js-1.21.4.tgz attempt 1 failed with EACCES
1469 http fetch GET https://registry.npmjs.org/@supabase/realtime-js/-/realtime-js-2.15.5.tgz attempt 1 failed with EACCES
1470 http fetch GET https://registry.npmjs.org/@supabase/node-fetch/-/node-fetch-2.6.15.tgz attempt 1 failed with EACCES
1471 http fetch GET https://registry.npmjs.org/@supabase/functions-js/-/functions-js-2.5.0.tgz attempt 1 failed with EACCES
1472 http fetch GET https://registry.npmjs.org/@supabase/auth-js/-/auth-js-2.72.0.tgz attempt 1 failed with EACCES
1473 http fetch GET https://registry.npmjs.org/@rushstack/eslint-patch/-/eslint-patch-1.10.4.tgz attempt 1 failed with EACCES
1474 http fetch GET https://registry.npmjs.org/@rtsao/scc/-/scc-1.1.0.tgz attempt 1 failed with EACCES
1475 http fetch GET https://registry.npmjs.org/@radix-ui/rect/-/rect-1.1.0.tgz attempt 1 failed with EACCES
1476 http fetch GET https://registry.npmjs.org/@radix-ui/react-visually-hidden/-/react-visually-hidden-1.1.0.tgz attempt 1 failed with EACCES
1477 http fetch GET https://registry.npmjs.org/@radix-ui/react-use-size/-/react-use-size-1.1.0.tgz attempt 1 failed with EACCES
1478 http fetch GET https://registry.npmjs.org/@radix-ui/react-use-rect/-/react-use-rect-1.1.0.tgz attempt 1 failed with EACCES
1479 http fetch GET https://registry.npmjs.org/@radix-ui/react-use-previous/-/react-use-previous-1.1.0.tgz attempt 1 failed with EACCES
1480 http fetch GET https://registry.npmjs.org/@radix-ui/react-use-escape-keydown/-/react-use-escape-keydown-1.1.0.tgz attempt 1 failed with EACCES
1481 http fetch GET https://registry.npmjs.org/@radix-ui/react-use-layout-effect/-/react-use-layout-effect-1.1.0.tgz attempt 1 failed with EACCES
1482 http fetch GET https://registry.npmjs.org/@radix-ui/react-use-controllable-state/-/react-use-controllable-state-1.1.0.tgz attempt 1 failed with EACCES
1483 http fetch GET https://registry.npmjs.org/@radix-ui/react-use-callback-ref/-/react-use-callback-ref-1.1.0.tgz attempt 1 failed with EACCES
1484 http fetch GET https://registry.npmjs.org/@radix-ui/react-tooltip/-/react-tooltip-1.1.3.tgz attempt 1 failed with EACCES
1485 http fetch GET https://registry.npmjs.org/@radix-ui/react-toggle-group/-/react-toggle-group-1.1.0.tgz attempt 1 failed with EACCES
1486 http fetch GET https://registry.npmjs.org/@radix-ui/react-toggle/-/react-toggle-1.1.0.tgz attempt 1 failed with EACCES
1487 http fetch GET https://registry.npmjs.org/@radix-ui/react-toast/-/react-toast-1.2.2.tgz attempt 1 failed with EACCES
1488 http fetch GET https://registry.npmjs.org/@radix-ui/react-tabs/-/react-tabs-1.1.1.tgz attempt 1 failed with EACCES
1489 http fetch GET https://registry.npmjs.org/@radix-ui/react-switch/-/react-switch-1.1.1.tgz attempt 1 failed with EACCES
1490 http fetch GET https://registry.npmjs.org/@radix-ui/react-slot/-/react-slot-1.1.0.tgz attempt 1 failed with EACCES
1491 http fetch GET https://registry.npmjs.org/@radix-ui/react-slider/-/react-slider-1.2.1.tgz attempt 1 failed with EACCES
1492 http fetch GET https://registry.npmjs.org/@radix-ui/react-separator/-/react-separator-1.1.0.tgz attempt 1 failed with EACCES
1493 http fetch GET https://registry.npmjs.org/@radix-ui/react-scroll-area/-/react-scroll-area-1.2.0.tgz attempt 1 failed with EACCES
1494 http fetch GET https://registry.npmjs.org/@radix-ui/react-select/-/react-select-2.1.2.tgz attempt 1 failed with EACCES
1495 http fetch GET https://registry.npmjs.org/@radix-ui/react-roving-focus/-/react-roving-focus-1.1.0.tgz attempt 1 failed with EACCES
1496 http fetch GET https://registry.npmjs.org/@radix-ui/react-primitive/-/react-primitive-2.0.0.tgz attempt 1 failed with EACCES
1497 http fetch GET https://registry.npmjs.org/@radix-ui/react-radio-group/-/react-radio-group-1.2.1.tgz attempt 1 failed with EACCES
1498 http fetch GET https://registry.npmjs.org/@radix-ui/react-progress/-/react-progress-1.1.0.tgz attempt 1 failed with EACCES
1499 http fetch GET https://registry.npmjs.org/@radix-ui/react-presence/-/react-presence-1.1.1.tgz attempt 1 failed with EACCES
1500 http fetch GET https://registry.npmjs.org/@radix-ui/react-portal/-/react-portal-1.1.2.tgz attempt 1 failed with EACCES
1501 http fetch GET https://registry.npmjs.org/@radix-ui/react-popover/-/react-popover-1.1.2.tgz attempt 1 failed with EACCES
1502 http fetch GET https://registry.npmjs.org/@radix-ui/react-popper/-/react-popper-1.2.0.tgz attempt 1 failed with EACCES
1503 http fetch GET https://registry.npmjs.org/@radix-ui/react-menubar/-/react-menubar-1.1.2.tgz attempt 1 failed with EACCES
1504 http fetch GET https://registry.npmjs.org/@radix-ui/react-navigation-menu/-/react-navigation-menu-1.2.1.tgz attempt 1 failed with EACCES
1505 http fetch GET https://registry.npmjs.org/@radix-ui/react-menu/-/react-menu-2.1.2.tgz attempt 1 failed with EACCES
1506 http fetch GET https://registry.npmjs.org/@radix-ui/react-id/-/react-id-1.1.0.tgz attempt 1 failed with EACCES
1507 http fetch GET https://registry.npmjs.org/@radix-ui/react-label/-/react-label-2.1.0.tgz attempt 1 failed with EACCES
1508 http fetch GET https://registry.npmjs.org/@radix-ui/react-hover-card/-/react-hover-card-1.1.2.tgz attempt 1 failed with EACCES
1509 http fetch GET https://registry.npmjs.org/@radix-ui/react-focus-guards/-/react-focus-guards-1.1.1.tgz attempt 1 failed with EACCES
1510 http fetch GET https://registry.npmjs.org/@radix-ui/react-focus-scope/-/react-focus-scope-1.1.0.tgz attempt 1 failed with EACCES
1511 http fetch GET https://registry.npmjs.org/@radix-ui/react-dropdown-menu/-/react-dropdown-menu-2.1.2.tgz attempt 1 failed with EACCES
1512 http fetch GET https://registry.npmjs.org/@radix-ui/react-dialog/-/react-dialog-1.1.2.tgz attempt 1 failed with EACCES
1513 http fetch GET https://registry.npmjs.org/@radix-ui/react-dismissable-layer/-/react-dismissable-layer-1.1.1.tgz attempt 1 failed with EACCES
1514 http fetch GET https://registry.npmjs.org/@radix-ui/react-direction/-/react-direction-1.1.0.tgz attempt 1 failed with EACCES
1515 http fetch GET https://registry.npmjs.org/@radix-ui/react-context-menu/-/react-context-menu-2.2.2.tgz attempt 1 failed with EACCES
1516 http fetch GET https://registry.npmjs.org/@radix-ui/react-context/-/react-context-1.1.1.tgz attempt 1 failed with EACCES
1517 http fetch GET https://registry.npmjs.org/@radix-ui/react-compose-refs/-/react-compose-refs-1.1.0.tgz attempt 1 failed with EACCES
1518 http fetch GET https://registry.npmjs.org/@radix-ui/react-checkbox/-/react-checkbox-1.1.2.tgz attempt 1 failed with EACCES
1519 http fetch GET https://registry.npmjs.org/@radix-ui/react-collapsible/-/react-collapsible-1.1.1.tgz attempt 1 failed with EACCES
1520 http fetch GET https://registry.npmjs.org/@radix-ui/react-avatar/-/react-avatar-1.1.1.tgz attempt 1 failed with EACCES
1521 http fetch GET https://registry.npmjs.org/@radix-ui/react-aspect-ratio/-/react-aspect-ratio-1.1.0.tgz attempt 1 failed with EACCES
1522 http fetch GET https://registry.npmjs.org/@radix-ui/react-arrow/-/react-arrow-1.1.0.tgz attempt 1 failed with EACCES
1523 http fetch GET https://registry.npmjs.org/@radix-ui/react-alert-dialog/-/react-alert-dialog-1.1.2.tgz attempt 1 failed with EACCES
1524 http fetch GET https://registry.npmjs.org/@radix-ui/react-accordion/-/react-accordion-1.2.1.tgz attempt 1 failed with EACCES
1525 http fetch GET https://registry.npmjs.org/@radix-ui/primitive/-/primitive-1.1.0.tgz attempt 1 failed with EACCES
1526 http fetch GET https://registry.npmjs.org/@radix-ui/number/-/number-1.1.0.tgz attempt 1 failed with EACCES
1527 http fetch GET https://registry.npmjs.org/@pkgjs/parseargs/-/parseargs-0.11.0.tgz attempt 1 failed with EACCES
1528 http fetch GET https://registry.npmjs.org/@nolyfill/is-core-module/-/is-core-module-1.0.39.tgz attempt 1 failed with EACCES
1529 http fetch GET https://registry.npmjs.org/@nodelib/fs.walk/-/fs.walk-1.2.8.tgz attempt 1 failed with EACCES
1530 http fetch GET https://registry.npmjs.org/@nodelib/fs.stat/-/fs.stat-2.0.5.tgz attempt 1 failed with EACCES
1531 http fetch GET https://registry.npmjs.org/@nodelib/fs.scandir/-/fs.scandir-2.1.5.tgz attempt 1 failed with EACCES
1532 http fetch GET https://registry.npmjs.org/@next/swc-win32-x64-msvc/-/swc-win32-x64-msvc-13.5.1.tgz attempt 1 failed with EACCES
1533 http fetch GET https://registry.npmjs.org/@next/swc-wasm-nodejs/-/swc-wasm-nodejs-13.5.1.tgz attempt 1 failed with EACCES
1534 http fetch GET https://registry.npmjs.org/@next/env/-/env-13.5.1.tgz attempt 1 failed with EACCES
1535 http fetch GET https://registry.npmjs.org/@next/eslint-plugin-next/-/eslint-plugin-next-13.5.1.tgz attempt 1 failed with EACCES
1536 http fetch GET https://registry.npmjs.org/@netlify/plugin-nextjs/-/plugin-nextjs-5.15.1.tgz attempt 1 failed with EACCES
1537 http fetch GET https://registry.npmjs.org/@jridgewell/trace-mapping/-/trace-mapping-0.3.25.tgz attempt 1 failed with EACCES
1538 http fetch GET https://registry.npmjs.org/@jridgewell/set-array/-/set-array-1.2.1.tgz attempt 1 failed with EACCES
1539 http fetch GET https://registry.npmjs.org/@jridgewell/sourcemap-codec/-/sourcemap-codec-1.5.0.tgz attempt 1 failed with EACCES
1540 http fetch GET https://registry.npmjs.org/@jridgewell/resolve-uri/-/resolve-uri-3.1.2.tgz attempt 1 failed with EACCES
1541 http fetch GET https://registry.npmjs.org/@jridgewell/gen-mapping/-/gen-mapping-0.3.5.tgz attempt 1 failed with EACCES
1542 http fetch GET https://registry.npmjs.org/@isaacs/cliui/-/cliui-8.0.2.tgz attempt 1 failed with EACCES
1543 http fetch GET https://registry.npmjs.org/@humanwhocodes/object-schema/-/object-schema-2.0.3.tgz attempt 1 failed with EACCES
1544 http fetch GET https://registry.npmjs.org/@humanwhocodes/module-importer/-/module-importer-1.0.1.tgz attempt 1 failed with EACCES
1545 http fetch GET https://registry.npmjs.org/@humanwhocodes/config-array/-/config-array-0.11.14.tgz attempt 1 failed with EACCES
1546 http fetch GET https://registry.npmjs.org/@hookform/resolvers/-/resolvers-3.9.0.tgz attempt 1 failed with EACCES
1547 http fetch GET https://registry.npmjs.org/@floating-ui/utils/-/utils-0.2.8.tgz attempt 1 failed with EACCES
1548 http fetch GET https://registry.npmjs.org/@floating-ui/react-dom/-/react-dom-2.1.2.tgz attempt 1 failed with EACCES
1549 http fetch GET https://registry.npmjs.org/@floating-ui/dom/-/dom-1.6.11.tgz attempt 1 failed with EACCES
1550 http fetch GET https://registry.npmjs.org/@floating-ui/core/-/core-1.6.8.tgz attempt 1 failed with EACCES
1551 http fetch GET https://registry.npmjs.org/@eslint/js/-/js-8.49.0.tgz attempt 1 failed with EACCES
1552 http fetch GET https://registry.npmjs.org/@eslint/eslintrc/-/eslintrc-2.1.4.tgz attempt 1 failed with EACCES
1553 http fetch GET https://registry.npmjs.org/@eslint-community/regexpp/-/regexpp-4.11.1.tgz attempt 1 failed with EACCES
1554 http fetch GET https://registry.npmjs.org/@eslint-community/eslint-utils/-/eslint-utils-4.4.0.tgz attempt 1 failed with EACCES
1555 http fetch GET https://registry.npmjs.org/@babel/runtime/-/runtime-7.25.7.tgz attempt 1 failed with EACCES
1556 http fetch GET https://registry.npmjs.org/@alloc/quick-lru/-/quick-lru-5.2.0.tgz attempt 1 failed with EACCES
1557 http fetch GET https://registry.npmjs.org/@radix-ui/react-collection/-/react-collection-1.1.0.tgz attempt 1 failed with EACCES
1558 http fetch GET https://registry.npmjs.org/strip-ansi/-/strip-ansi-7.1.0.tgz attempt 1 failed with EACCES
1559 http fetch GET https://registry.npmjs.org/ansi-styles/-/ansi-styles-6.2.1.tgz attempt 1 failed with EACCES
1560 http fetch GET https://registry.npmjs.org/ansi-regex/-/ansi-regex-6.1.0.tgz attempt 1 failed with EACCES
1561 http fetch GET https://registry.npmjs.org/emoji-regex/-/emoji-regex-8.0.0.tgz attempt 1 failed with EACCES
1562 http fetch GET https://registry.npmjs.org/string-width/-/string-width-4.2.3.tgz attempt 1 failed with EACCES
1563 http fetch GET https://registry.npmjs.org/minimatch/-/minimatch-9.0.5.tgz attempt 1 failed with EACCES
1564 http fetch GET https://registry.npmjs.org/strip-ansi/-/strip-ansi-7.1.0.tgz attempt 1 failed with EACCES
1565 http fetch GET https://registry.npmjs.org/emoji-regex/-/emoji-regex-8.0.0.tgz attempt 1 failed with EACCES
1566 http fetch GET https://registry.npmjs.org/ansi-regex/-/ansi-regex-6.1.0.tgz attempt 1 failed with EACCES
1567 http fetch GET https://registry.npmjs.org/glob/-/glob-10.4.5.tgz attempt 1 failed with EACCES
1568 http fetch GET https://registry.npmjs.org/brace-expansion/-/brace-expansion-2.0.1.tgz attempt 1 failed with EACCES
1569 http fetch GET https://registry.npmjs.org/lilconfig/-/lilconfig-3.1.2.tgz attempt 1 failed with EACCES
1570 http fetch GET https://registry.npmjs.org/zod/-/zod-3.21.4.tgz attempt 1 failed with EACCES
1571 http fetch GET https://registry.npmjs.org/postcss/-/postcss-8.4.14.tgz attempt 1 failed with EACCES
1572 http fetch GET https://registry.npmjs.org/glob-parent/-/glob-parent-5.1.2.tgz attempt 1 failed with EACCES
1573 http fetch GET https://registry.npmjs.org/semver/-/semver-6.3.1.tgz attempt 1 failed with EACCES
1574 http fetch GET https://registry.npmjs.org/semver/-/semver-6.3.1.tgz attempt 1 failed with EACCES
1575 http fetch GET https://registry.npmjs.org/doctrine/-/doctrine-2.1.0.tgz attempt 1 failed with EACCES
1576 http fetch GET https://registry.npmjs.org/debug/-/debug-3.2.7.tgz attempt 1 failed with EACCES
1577 http fetch GET https://registry.npmjs.org/debug/-/debug-3.2.7.tgz attempt 1 failed with EACCES
1578 http fetch GET https://registry.npmjs.org/debug/-/debug-3.2.7.tgz attempt 1 failed with EACCES
1579 http fetch GET https://registry.npmjs.org/eslint-import-resolver-typescript/-/eslint-import-resolver-typescript-3.6.3.tgz attempt 1 failed with EACCES
1580 http fetch GET https://registry.npmjs.org/resolve/-/resolve-2.0.0-next.5.tgz attempt 1 failed with EACCES
1581 http fetch GET https://registry.npmjs.org/doctrine/-/doctrine-2.1.0.tgz attempt 1 failed with EACCES
1582 http fetch GET https://registry.npmjs.org/react-remove-scroll/-/react-remove-scroll-2.5.5.tgz attempt 1 failed with EACCES
1583 http fetch GET https://registry.npmjs.org/@radix-ui/react-use-layout-effect/-/react-use-layout-effect-1.0.1.tgz attempt 1 failed with EACCES
1584 http fetch GET https://registry.npmjs.org/@radix-ui/react-use-controllable-state/-/react-use-controllable-state-1.0.1.tgz attempt 1 failed with EACCES
1585 http fetch GET https://registry.npmjs.org/@radix-ui/react-use-escape-keydown/-/react-use-escape-keydown-1.0.3.tgz attempt 1 failed with EACCES
1586 http fetch GET https://registry.npmjs.org/@radix-ui/react-use-callback-ref/-/react-use-callback-ref-1.0.1.tgz attempt 1 failed with EACCES
1587 http fetch GET https://registry.npmjs.org/@radix-ui/react-slot/-/react-slot-1.0.2.tgz attempt 1 failed with EACCES
1588 http fetch GET https://registry.npmjs.org/@radix-ui/react-primitive/-/react-primitive-1.0.3.tgz attempt 1 failed with EACCES
1589 http fetch GET https://registry.npmjs.org/@radix-ui/react-presence/-/react-presence-1.0.1.tgz attempt 1 failed with EACCES
1590 http fetch GET https://registry.npmjs.org/@radix-ui/react-id/-/react-id-1.0.1.tgz attempt 1 failed with EACCES
1591 http fetch GET https://registry.npmjs.org/@radix-ui/react-portal/-/react-portal-1.0.4.tgz attempt 1 failed with EACCES
1592 http fetch GET https://registry.npmjs.org/@radix-ui/react-focus-scope/-/react-focus-scope-1.0.4.tgz attempt 1 failed with EACCES
1593 http fetch GET https://registry.npmjs.org/@radix-ui/react-focus-guards/-/react-focus-guards-1.0.1.tgz attempt 1 failed with EACCES
1594 http fetch GET https://registry.npmjs.org/@radix-ui/react-dialog/-/react-dialog-1.0.5.tgz attempt 1 failed with EACCES
1595 http fetch GET https://registry.npmjs.org/@radix-ui/react-dismissable-layer/-/react-dismissable-layer-1.0.5.tgz attempt 1 failed with EACCES
1596 http fetch GET https://registry.npmjs.org/@radix-ui/react-compose-refs/-/react-compose-refs-1.0.1.tgz attempt 1 failed with EACCES
1597 http fetch GET https://registry.npmjs.org/@radix-ui/react-context/-/react-context-1.0.1.tgz attempt 1 failed with EACCES
1598 http fetch GET https://registry.npmjs.org/glob-parent/-/glob-parent-5.1.2.tgz attempt 1 failed with EACCES
1599 http fetch GET https://registry.npmjs.org/clsx/-/clsx-2.0.0.tgz attempt 1 failed with EACCES
1600 http fetch GET https://registry.npmjs.org/@radix-ui/primitive/-/primitive-1.0.1.tgz attempt 1 failed with EACCES
1601 http fetch GET https://registry.npmjs.org/minimatch/-/minimatch-9.0.3.tgz attempt 1 failed with EACCES
1602 http fetch GET https://registry.npmjs.org/brace-expansion/-/brace-expansion-2.0.1.tgz attempt 1 failed with EACCES
1603 http fetch GET https://registry.npmjs.org/@radix-ui/react-context/-/react-context-1.1.0.tgz attempt 1 failed with EACCES
1604 http fetch GET https://registry.npmjs.org/@radix-ui/react-context/-/react-context-1.1.0.tgz attempt 1 failed with EACCES
1605 http fetch GET https://registry.npmjs.org/@radix-ui/react-context/-/react-context-1.1.0.tgz attempt 1 failed with EACCES
1606 http fetch GET https://registry.npmjs.org/@radix-ui/react-context/-/react-context-1.1.0.tgz attempt 1 failed with EACCES
1607 http fetch GET https://registry.npmjs.org/@radix-ui/react-context/-/react-context-1.1.0.tgz attempt 1 failed with EACCES
1608 http fetch GET https://registry.npmjs.org/strip-ansi/-/strip-ansi-7.1.0.tgz attempt 1 failed with EACCES
1609 http fetch GET https://registry.npmjs.org/ansi-regex/-/ansi-regex-6.1.0.tgz attempt 1 failed with EACCES
1610 http fetch GET https://registry.npmjs.org/@types/d3-path/-/d3-path-3.1.0.tgz attempt 1 failed with EACCES
1611 http fetch GET https://registry.npmjs.org/npm attempt 2 failed with EACCES
1612 http fetch GET https://registry.npmjs.org/yocto-queue/-/yocto-queue-0.1.0.tgz attempt 2 failed with EACCES
1613 http fetch GET https://registry.npmjs.org/zod/-/zod-3.23.8.tgz attempt 2 failed with EACCES
1614 http fetch GET https://registry.npmjs.org/yaml/-/yaml-2.5.1.tgz attempt 2 failed with EACCES
1615 http fetch GET https://registry.npmjs.org/ws/-/ws-8.18.3.tgz attempt 2 failed with EACCES
1616 http fetch GET https://registry.npmjs.org/wrappy/-/wrappy-1.0.2.tgz attempt 2 failed with EACCES
1617 http fetch GET https://registry.npmjs.org/wrap-ansi/-/wrap-ansi-7.0.0.tgz attempt 2 failed with EACCES
1618 http fetch GET https://registry.npmjs.org/wrap-ansi/-/wrap-ansi-8.1.0.tgz attempt 2 failed with EACCES
1619 http fetch GET https://registry.npmjs.org/word-wrap/-/word-wrap-1.2.5.tgz attempt 2 failed with EACCES
1620 http fetch GET https://registry.npmjs.org/which-typed-array/-/which-typed-array-1.1.15.tgz attempt 2 failed with EACCES
1621 http fetch GET https://registry.npmjs.org/which-collection/-/which-collection-1.0.2.tgz attempt 2 failed with EACCES
1622 http fetch GET https://registry.npmjs.org/which-builtin-type/-/which-builtin-type-1.1.4.tgz attempt 2 failed with EACCES
1623 http fetch GET https://registry.npmjs.org/which-boxed-primitive/-/which-boxed-primitive-1.0.2.tgz attempt 2 failed with EACCES
1624 http fetch GET https://registry.npmjs.org/which/-/which-2.0.2.tgz attempt 2 failed with EACCES
1625 http fetch GET https://registry.npmjs.org/whatwg-url/-/whatwg-url-5.0.0.tgz attempt 2 failed with EACCES
1626 http fetch GET https://registry.npmjs.org/webidl-conversions/-/webidl-conversions-3.0.1.tgz attempt 2 failed with EACCES
1627 http fetch GET https://registry.npmjs.org/watchpack/-/watchpack-2.4.0.tgz attempt 2 failed with EACCES
1628 http fetch GET https://registry.npmjs.org/victory-vendor/-/victory-vendor-36.9.2.tgz attempt 2 failed with EACCES
1629 http fetch GET https://registry.npmjs.org/vaul/-/vaul-0.9.9.tgz attempt 2 failed with EACCES
1630 http fetch GET https://registry.npmjs.org/util-deprecate/-/util-deprecate-1.0.2.tgz attempt 2 failed with EACCES
1631 http fetch GET https://registry.npmjs.org/use-sidecar/-/use-sidecar-1.1.2.tgz attempt 2 failed with EACCES
1632 http fetch GET https://registry.npmjs.org/use-callback-ref/-/use-callback-ref-1.3.2.tgz attempt 2 failed with EACCES
1633 http fetch GET https://registry.npmjs.org/uri-js/-/uri-js-4.4.1.tgz attempt 2 failed with EACCES
1634 http fetch GET https://registry.npmjs.org/update-browserslist-db/-/update-browserslist-db-1.1.1.tgz attempt 2 failed with EACCES
1635 http fetch GET https://registry.npmjs.org/unbox-primitive/-/unbox-primitive-1.0.2.tgz attempt 2 failed with EACCES
1636 http fetch GET https://registry.npmjs.org/typescript/-/typescript-5.2.2.tgz attempt 2 failed with EACCES
1637 http fetch GET https://registry.npmjs.org/typed-array-length/-/typed-array-length-1.0.6.tgz attempt 2 failed with EACCES
1638 http fetch GET https://registry.npmjs.org/typed-array-byte-offset/-/typed-array-byte-offset-1.0.2.tgz attempt 2 failed with EACCES
1639 http fetch GET https://registry.npmjs.org/typed-array-byte-length/-/typed-array-byte-length-1.0.1.tgz attempt 2 failed with EACCES
1640 http fetch GET https://registry.npmjs.org/typed-array-buffer/-/typed-array-buffer-1.0.2.tgz attempt 2 failed with EACCES
1641 http fetch GET https://registry.npmjs.org/type-fest/-/type-fest-0.20.2.tgz attempt 2 failed with EACCES
1642 http fetch GET https://registry.npmjs.org/type-check/-/type-check-0.4.0.tgz attempt 2 failed with EACCES
1643 http fetch GET https://registry.npmjs.org/tslib/-/tslib-2.7.0.tgz attempt 2 failed with EACCES
1644 http fetch GET https://registry.npmjs.org/tsconfig-paths/-/tsconfig-paths-3.15.0.tgz attempt 2 failed with EACCES
1645 http fetch GET https://registry.npmjs.org/ts-interface-checker/-/ts-interface-checker-0.1.13.tgz attempt 2 failed with EACCES
1646 http fetch GET https://registry.npmjs.org/tr46/-/tr46-0.0.3.tgz attempt 2 failed with EACCES
1647 http fetch GET https://registry.npmjs.org/ts-api-utils/-/ts-api-utils-1.3.0.tgz attempt 2 failed with EACCES
1648 http fetch GET https://registry.npmjs.org/to-regex-range/-/to-regex-range-5.0.1.tgz attempt 2 failed with EACCES
1649 http fetch GET https://registry.npmjs.org/tiny-invariant/-/tiny-invariant-1.3.3.tgz attempt 2 failed with EACCES
1650 http fetch GET https://registry.npmjs.org/thenify-all/-/thenify-all-1.6.0.tgz attempt 2 failed with EACCES
1651 http fetch GET https://registry.npmjs.org/thenify/-/thenify-3.3.1.tgz attempt 2 failed with EACCES
1652 http fetch GET https://registry.npmjs.org/text-table/-/text-table-0.2.0.tgz attempt 2 failed with EACCES
1653 http fetch GET https://registry.npmjs.org/tapable/-/tapable-2.2.1.tgz attempt 2 failed with EACCES
1654 http fetch GET https://registry.npmjs.org/tailwindcss-animate/-/tailwindcss-animate-1.0.7.tgz attempt 2 failed with EACCES
1655 http fetch GET https://registry.npmjs.org/tailwindcss/-/tailwindcss-3.3.3.tgz attempt 2 failed with EACCES
1656 http fetch GET https://registry.npmjs.org/tailwind-merge/-/tailwind-merge-2.5.3.tgz attempt 2 failed with EACCES
1657 http fetch GET https://registry.npmjs.org/supports-preserve-symlinks-flag/-/supports-preserve-symlinks-flag-1.0.0.tgz attempt 2 failed with EACCES
1658 http fetch GET https://registry.npmjs.org/supports-color/-/supports-color-7.2.0.tgz attempt 2 failed with EACCES
1659 http fetch GET https://registry.npmjs.org/sucrase/-/sucrase-3.35.0.tgz attempt 2 failed with EACCES
1660 http fetch GET https://registry.npmjs.org/styled-jsx/-/styled-jsx-5.1.1.tgz attempt 2 failed with EACCES
1661 http fetch GET https://registry.npmjs.org/strip-json-comments/-/strip-json-comments-3.1.1.tgz attempt 2 failed with EACCES
1662 http fetch GET https://registry.npmjs.org/strip-bom/-/strip-bom-3.0.0.tgz attempt 2 failed with EACCES
1663 http fetch GET https://registry.npmjs.org/strip-ansi/-/strip-ansi-6.0.1.tgz attempt 2 failed with EACCES
1664 http fetch GET https://registry.npmjs.org/strip-ansi/-/strip-ansi-6.0.1.tgz attempt 2 failed with EACCES
1665 http fetch GET https://registry.npmjs.org/string.prototype.trimstart/-/string.prototype.trimstart-1.0.8.tgz attempt 2 failed with EACCES
1666 http fetch GET https://registry.npmjs.org/string.prototype.trimend/-/string.prototype.trimend-1.0.8.tgz attempt 2 failed with EACCES
1667 http fetch GET https://registry.npmjs.org/string.prototype.trim/-/string.prototype.trim-1.2.9.tgz attempt 2 failed with EACCES
1668 http fetch GET https://registry.npmjs.org/string.prototype.repeat/-/string.prototype.repeat-1.0.0.tgz attempt 2 failed with EACCES
1669 http fetch GET https://registry.npmjs.org/string.prototype.matchall/-/string.prototype.matchall-4.0.11.tgz attempt 2 failed with EACCES
1670 http fetch GET https://registry.npmjs.org/string.prototype.includes/-/string.prototype.includes-2.0.0.tgz attempt 2 failed with EACCES
1671 http fetch GET https://registry.npmjs.org/string-width/-/string-width-5.1.2.tgz attempt 2 failed with EACCES
1672 http fetch GET https://registry.npmjs.org/string-width/-/string-width-4.2.3.tgz attempt 2 failed with EACCES
1673 http fetch GET https://registry.npmjs.org/streamsearch/-/streamsearch-1.1.0.tgz attempt 2 failed with EACCES
1674 http fetch GET https://registry.npmjs.org/stop-iteration-iterator/-/stop-iteration-iterator-1.0.0.tgz attempt 2 failed with EACCES
1675 http fetch GET https://registry.npmjs.org/source-map-js/-/source-map-js-1.2.1.tgz attempt 2 failed with EACCES
1676 http fetch GET https://registry.npmjs.org/sonner/-/sonner-1.5.0.tgz attempt 2 failed with EACCES
1677 http fetch GET https://registry.npmjs.org/slash/-/slash-3.0.0.tgz attempt 2 failed with EACCES
1678 http fetch GET https://registry.npmjs.org/signal-exit/-/signal-exit-4.1.0.tgz attempt 2 failed with EACCES
1679 http fetch GET https://registry.npmjs.org/side-channel/-/side-channel-1.0.6.tgz attempt 2 failed with EACCES
1680 http fetch GET https://registry.npmjs.org/shebang-regex/-/shebang-regex-3.0.0.tgz attempt 2 failed with EACCES
1681 http fetch GET https://registry.npmjs.org/shebang-command/-/shebang-command-2.0.0.tgz attempt 2 failed with EACCES
1682 http fetch GET https://registry.npmjs.org/set-function-name/-/set-function-name-2.0.2.tgz attempt 2 failed with EACCES
1683 http fetch GET https://registry.npmjs.org/set-function-length/-/set-function-length-1.2.2.tgz attempt 2 failed with EACCES
1684 http fetch GET https://registry.npmjs.org/semver/-/semver-7.6.3.tgz attempt 2 failed with EACCES
1685 http fetch GET https://registry.npmjs.org/scheduler/-/scheduler-0.23.2.tgz attempt 2 failed with EACCES
1686 http fetch GET https://registry.npmjs.org/safe-regex-test/-/safe-regex-test-1.0.3.tgz attempt 2 failed with EACCES
1687 http fetch GET https://registry.npmjs.org/safe-array-concat/-/safe-array-concat-1.1.2.tgz attempt 2 failed with EACCES
1688 http fetch GET https://registry.npmjs.org/run-parallel/-/run-parallel-1.2.0.tgz attempt 2 failed with EACCES
1689 http fetch GET https://registry.npmjs.org/rimraf/-/rimraf-3.0.2.tgz attempt 2 failed with EACCES
1690 http fetch GET https://registry.npmjs.org/reusify/-/reusify-1.0.4.tgz attempt 2 failed with EACCES
1691 http fetch GET https://registry.npmjs.org/resolve-pkg-maps/-/resolve-pkg-maps-1.0.0.tgz attempt 2 failed with EACCES
1692 http fetch GET https://registry.npmjs.org/resolve-from/-/resolve-from-4.0.0.tgz attempt 2 failed with EACCES
1693 http fetch GET https://registry.npmjs.org/resolve/-/resolve-1.22.8.tgz attempt 2 failed with EACCES
1694 http fetch GET https://registry.npmjs.org/regexp.prototype.flags/-/regexp.prototype.flags-1.5.3.tgz attempt 2 failed with EACCES
1695 http fetch GET https://registry.npmjs.org/regenerator-runtime/-/regenerator-runtime-0.14.1.tgz attempt 2 failed with EACCES
1696 http fetch GET https://registry.npmjs.org/reflect.getprototypeof/-/reflect.getprototypeof-1.0.6.tgz attempt 2 failed with EACCES
1697 http fetch GET https://registry.npmjs.org/recharts-scale/-/recharts-scale-0.4.5.tgz attempt 2 failed with EACCES
1698 http fetch GET https://registry.npmjs.org/recharts/-/recharts-2.12.7.tgz attempt 2 failed with EACCES
1699 http fetch GET https://registry.npmjs.org/readdirp/-/readdirp-3.6.0.tgz attempt 2 failed with EACCES
1700 http fetch GET https://registry.npmjs.org/read-cache/-/read-cache-1.0.0.tgz attempt 2 failed with EACCES
1701 http fetch GET https://registry.npmjs.org/react-transition-group/-/react-transition-group-4.4.5.tgz attempt 2 failed with EACCES
1702 http fetch GET https://registry.npmjs.org/react-style-singleton/-/react-style-singleton-2.2.1.tgz attempt 2 failed with EACCES
1703 http fetch GET https://registry.npmjs.org/react-smooth/-/react-smooth-4.0.1.tgz attempt 2 failed with EACCES
1704 http fetch GET https://registry.npmjs.org/react-remove-scroll-bar/-/react-remove-scroll-bar-2.3.6.tgz attempt 2 failed with EACCES
1705 http fetch GET https://registry.npmjs.org/react-resizable-panels/-/react-resizable-panels-2.1.4.tgz attempt 2 failed with EACCES
1706 http fetch GET https://registry.npmjs.org/react-is/-/react-is-16.13.1.tgz attempt 2 failed with EACCES
1707 http fetch GET https://registry.npmjs.org/react-remove-scroll/-/react-remove-scroll-2.6.0.tgz attempt 2 failed with EACCES
1708 http fetch GET https://registry.npmjs.org/react-hook-form/-/react-hook-form-7.53.0.tgz attempt 2 failed with EACCES
1709 http fetch GET https://registry.npmjs.org/react-day-picker/-/react-day-picker-8.10.1.tgz attempt 2 failed with EACCES
1710 http fetch GET https://registry.npmjs.org/react/-/react-18.2.0.tgz attempt 2 failed with EACCES
1711 http fetch GET https://registry.npmjs.org/queue-microtask/-/queue-microtask-1.2.3.tgz attempt 2 failed with EACCES
1712 http fetch GET https://registry.npmjs.org/react-dom/-/react-dom-18.2.0.tgz attempt 2 failed with EACCES
1713 http fetch GET https://registry.npmjs.org/prelude-ls/-/prelude-ls-1.2.1.tgz attempt 2 failed with EACCES
1714 http fetch GET https://registry.npmjs.org/punycode/-/punycode-2.3.1.tgz attempt 2 failed with EACCES
1715 http fetch GET https://registry.npmjs.org/prop-types/-/prop-types-15.8.1.tgz attempt 2 failed with EACCES
1716 http fetch GET https://registry.npmjs.org/postcss-selector-parser/-/postcss-selector-parser-6.1.2.tgz attempt 2 failed with EACCES
1717 http fetch GET https://registry.npmjs.org/postcss-js/-/postcss-js-4.0.1.tgz attempt 2 failed with EACCES
1718 http fetch GET https://registry.npmjs.org/postcss-nested/-/postcss-nested-6.2.0.tgz attempt 2 failed with EACCES
1719 http fetch GET https://registry.npmjs.org/postcss-value-parser/-/postcss-value-parser-4.2.0.tgz attempt 2 failed with EACCES
1720 http fetch GET https://registry.npmjs.org/postcss-load-config/-/postcss-load-config-4.0.2.tgz attempt 2 failed with EACCES
1721 http fetch GET https://registry.npmjs.org/postcss/-/postcss-8.4.30.tgz attempt 2 failed with EACCES
1722 http fetch GET https://registry.npmjs.org/postcss-import/-/postcss-import-15.1.0.tgz attempt 2 failed with EACCES
1723 http fetch GET https://registry.npmjs.org/pirates/-/pirates-4.0.6.tgz attempt 2 failed with EACCES
1724 http fetch GET https://registry.npmjs.org/pify/-/pify-2.3.0.tgz attempt 2 failed with EACCES
1725 http fetch GET https://registry.npmjs.org/picomatch/-/picomatch-2.3.1.tgz attempt 2 failed with EACCES
1726 http fetch GET https://registry.npmjs.org/picocolors/-/picocolors-1.1.0.tgz attempt 2 failed with EACCES
1727 http fetch GET https://registry.npmjs.org/path-type/-/path-type-4.0.0.tgz attempt 2 failed with EACCES
1728 http fetch GET https://registry.npmjs.org/path-scurry/-/path-scurry-1.11.1.tgz attempt 2 failed with EACCES
1729 http fetch GET https://registry.npmjs.org/path-parse/-/path-parse-1.0.7.tgz attempt 2 failed with EACCES
1730 http fetch GET https://registry.npmjs.org/path-key/-/path-key-3.1.1.tgz attempt 2 failed with EACCES
1731 http fetch GET https://registry.npmjs.org/path-is-absolute/-/path-is-absolute-1.0.1.tgz attempt 2 failed with EACCES
1732 http fetch GET https://registry.npmjs.org/path-exists/-/path-exists-4.0.0.tgz attempt 2 failed with EACCES
1733 http fetch GET https://registry.npmjs.org/possible-typed-array-names/-/possible-typed-array-names-1.0.0.tgz attempt 2 failed with EACCES
1734 http fetch GET https://registry.npmjs.org/package-json-from-dist/-/package-json-from-dist-1.0.1.tgz attempt 2 failed with EACCES
1735 http fetch GET https://registry.npmjs.org/p-limit/-/p-limit-3.1.0.tgz attempt 2 failed with EACCES
1736 http fetch GET https://registry.npmjs.org/p-locate/-/p-locate-5.0.0.tgz attempt 2 failed with EACCES
1737 http fetch GET https://registry.npmjs.org/optionator/-/optionator-0.9.4.tgz attempt 2 failed with EACCES
1738 http fetch GET https://registry.npmjs.org/once/-/once-1.4.0.tgz attempt 2 failed with EACCES
1739 http fetch GET https://registry.npmjs.org/object.values/-/object.values-1.2.0.tgz attempt 2 failed with EACCES
1740 http fetch GET https://registry.npmjs.org/object.groupby/-/object.groupby-1.0.3.tgz attempt 2 failed with EACCES
1741 http fetch GET https://registry.npmjs.org/object.fromentries/-/object.fromentries-2.0.8.tgz attempt 2 failed with EACCES
1742 http fetch GET https://registry.npmjs.org/object.entries/-/object.entries-1.1.8.tgz attempt 2 failed with EACCES
1743 http fetch GET https://registry.npmjs.org/object.assign/-/object.assign-4.1.5.tgz attempt 2 failed with EACCES
1744 http fetch GET https://registry.npmjs.org/object-keys/-/object-keys-1.1.1.tgz attempt 2 failed with EACCES
1745 http fetch GET https://registry.npmjs.org/object-is/-/object-is-1.1.6.tgz attempt 2 failed with EACCES
1746 http fetch GET https://registry.npmjs.org/object-inspect/-/object-inspect-1.13.2.tgz attempt 2 failed with EACCES
1747 http fetch GET https://registry.npmjs.org/object-hash/-/object-hash-3.0.0.tgz attempt 2 failed with EACCES
1748 http fetch GET https://registry.npmjs.org/object-assign/-/object-assign-4.1.1.tgz attempt 2 failed with EACCES
1749 http fetch GET https://registry.npmjs.org/normalize-range/-/normalize-range-0.1.2.tgz attempt 2 failed with EACCES
1750 http fetch GET https://registry.npmjs.org/normalize-path/-/normalize-path-3.0.0.tgz attempt 2 failed with EACCES
1751 http fetch GET https://registry.npmjs.org/node-releases/-/node-releases-2.0.18.tgz attempt 2 failed with EACCES
1752 http fetch GET https://registry.npmjs.org/next-themes/-/next-themes-0.3.0.tgz attempt 2 failed with EACCES
1753 http fetch GET https://registry.npmjs.org/next/-/next-13.5.1.tgz attempt 2 failed with EACCES
1754 http fetch GET https://registry.npmjs.org/natural-compare/-/natural-compare-1.4.0.tgz attempt 2 failed with EACCES
1755 http fetch GET https://registry.npmjs.org/nanoid/-/nanoid-3.3.7.tgz attempt 2 failed with EACCES
1756 http fetch GET https://registry.npmjs.org/mz/-/mz-2.7.0.tgz attempt 2 failed with EACCES
1757 http fetch GET https://registry.npmjs.org/ms/-/ms-2.1.3.tgz attempt 2 failed with EACCES
1758 http fetch GET https://registry.npmjs.org/minipass/-/minipass-7.1.2.tgz attempt 2 failed with EACCES
1759 http fetch GET https://registry.npmjs.org/minimist/-/minimist-1.2.8.tgz attempt 2 failed with EACCES
1760 http fetch GET https://registry.npmjs.org/minimatch/-/minimatch-3.1.2.tgz attempt 2 failed with EACCES
1761 http fetch GET https://registry.npmjs.org/micromatch/-/micromatch-4.0.8.tgz attempt 2 failed with EACCES
1762 http fetch GET https://registry.npmjs.org/merge2/-/merge2-1.4.1.tgz attempt 2 failed with EACCES
1763 http fetch GET https://registry.npmjs.org/lucide-react/-/lucide-react-0.446.0.tgz attempt 2 failed with EACCES
1764 http fetch GET https://registry.npmjs.org/lru-cache/-/lru-cache-10.4.3.tgz attempt 2 failed with EACCES
1765 http fetch GET https://registry.npmjs.org/loose-envify/-/loose-envify-1.4.0.tgz attempt 2 failed with EACCES
1766 http fetch GET https://registry.npmjs.org/lodash.merge/-/lodash.merge-4.6.2.tgz attempt 2 failed with EACCES
1767 http fetch GET https://registry.npmjs.org/lodash/-/lodash-4.17.21.tgz attempt 2 failed with EACCES
1768 http fetch GET https://registry.npmjs.org/locate-path/-/locate-path-6.0.0.tgz attempt 2 failed with EACCES
1769 http fetch GET https://registry.npmjs.org/lines-and-columns/-/lines-and-columns-1.2.4.tgz attempt 2 failed with EACCES
1770 http fetch GET https://registry.npmjs.org/lilconfig/-/lilconfig-2.1.0.tgz attempt 2 failed with EACCES
1771 http fetch GET https://registry.npmjs.org/levn/-/levn-0.4.1.tgz attempt 2 failed with EACCES
1772 http fetch GET https://registry.npmjs.org/language-tags/-/language-tags-1.0.9.tgz attempt 2 failed with EACCES
1773 http fetch GET https://registry.npmjs.org/language-subtag-registry/-/language-subtag-registry-0.3.23.tgz attempt 2 failed with EACCES
1774 http fetch GET https://registry.npmjs.org/keyv/-/keyv-4.5.4.tgz attempt 2 failed with EACCES
1775 http fetch GET https://registry.npmjs.org/jsx-ast-utils/-/jsx-ast-utils-3.3.5.tgz attempt 2 failed with EACCES
1776 http fetch GET https://registry.npmjs.org/json5/-/json5-1.0.2.tgz attempt 2 failed with EACCES
1777 http fetch GET https://registry.npmjs.org/json-stable-stringify-without-jsonify/-/json-stable-stringify-without-jsonify-1.0.1.tgz attempt 2 failed with EACCES
1778 http fetch GET https://registry.npmjs.org/json-schema-traverse/-/json-schema-traverse-0.4.1.tgz attempt 2 failed with EACCES
1779 http fetch GET https://registry.npmjs.org/json-buffer/-/json-buffer-3.0.1.tgz attempt 2 failed with EACCES
1780 http fetch GET https://registry.npmjs.org/js-yaml/-/js-yaml-4.1.0.tgz attempt 2 failed with EACCES
1781 http fetch GET https://registry.npmjs.org/js-tokens/-/js-tokens-4.0.0.tgz attempt 2 failed with EACCES
1782 http fetch GET https://registry.npmjs.org/jiti/-/jiti-1.21.6.tgz attempt 2 failed with EACCES
1783 http fetch GET https://registry.npmjs.org/jackspeak/-/jackspeak-3.4.3.tgz attempt 2 failed with EACCES
1784 http fetch GET https://registry.npmjs.org/iterator.prototype/-/iterator.prototype-1.1.3.tgz attempt 2 failed with EACCES
1785 http fetch GET https://registry.npmjs.org/isexe/-/isexe-2.0.0.tgz attempt 2 failed with EACCES
1786 http fetch GET https://registry.npmjs.org/isarray/-/isarray-2.0.5.tgz attempt 2 failed with EACCES
1787 http fetch GET https://registry.npmjs.org/is-weakset/-/is-weakset-2.0.3.tgz attempt 2 failed with EACCES
1788 http fetch GET https://registry.npmjs.org/is-weakref/-/is-weakref-1.0.2.tgz attempt 2 failed with EACCES
1789 http fetch GET https://registry.npmjs.org/is-weakmap/-/is-weakmap-2.0.2.tgz attempt 2 failed with EACCES
1790 http fetch GET https://registry.npmjs.org/is-typed-array/-/is-typed-array-1.1.13.tgz attempt 2 failed with EACCES
1791 http fetch GET https://registry.npmjs.org/is-symbol/-/is-symbol-1.0.4.tgz attempt 2 failed with EACCES
1792 http fetch GET https://registry.npmjs.org/is-string/-/is-string-1.0.7.tgz attempt 2 failed with EACCES
1793 http fetch GET https://registry.npmjs.org/is-shared-array-buffer/-/is-shared-array-buffer-1.0.3.tgz attempt 2 failed with EACCES
1794 http fetch GET https://registry.npmjs.org/is-set/-/is-set-2.0.3.tgz attempt 2 failed with EACCES
1795 http fetch GET https://registry.npmjs.org/is-regex/-/is-regex-1.1.4.tgz attempt 2 failed with EACCES
1796 http fetch GET https://registry.npmjs.org/is-path-inside/-/is-path-inside-3.0.3.tgz attempt 2 failed with EACCES
1797 http fetch GET https://registry.npmjs.org/is-number-object/-/is-number-object-1.0.7.tgz attempt 2 failed with EACCES
1798 http fetch GET https://registry.npmjs.org/is-number/-/is-number-7.0.0.tgz attempt 2 failed with EACCES
1799 http fetch GET https://registry.npmjs.org/is-negative-zero/-/is-negative-zero-2.0.3.tgz attempt 2 failed with EACCES
1800 http fetch GET https://registry.npmjs.org/is-map/-/is-map-2.0.3.tgz attempt 2 failed with EACCES
1801 http fetch GET https://registry.npmjs.org/is-glob/-/is-glob-4.0.3.tgz attempt 2 failed with EACCES
1802 http fetch GET https://registry.npmjs.org/is-generator-function/-/is-generator-function-1.0.10.tgz attempt 2 failed with EACCES
1803 http fetch GET https://registry.npmjs.org/is-fullwidth-code-point/-/is-fullwidth-code-point-3.0.0.tgz attempt 2 failed with EACCES
1804 http fetch GET https://registry.npmjs.org/is-finalizationregistry/-/is-finalizationregistry-1.0.2.tgz attempt 2 failed with EACCES
1805 http fetch GET https://registry.npmjs.org/is-extglob/-/is-extglob-2.1.1.tgz attempt 2 failed with EACCES
1806 http fetch GET https://registry.npmjs.org/is-date-object/-/is-date-object-1.0.5.tgz attempt 2 failed with EACCES
1807 http fetch GET https://registry.npmjs.org/is-data-view/-/is-data-view-1.0.1.tgz attempt 2 failed with EACCES
1808 http fetch GET https://registry.npmjs.org/is-core-module/-/is-core-module-2.15.1.tgz attempt 2 failed with EACCES
1809 http fetch GET https://registry.npmjs.org/is-callable/-/is-callable-1.2.7.tgz attempt 2 failed with EACCES
1810 http fetch GET https://registry.npmjs.org/is-bun-module/-/is-bun-module-1.2.1.tgz attempt 2 failed with EACCES
1811 http fetch GET https://registry.npmjs.org/is-boolean-object/-/is-boolean-object-1.1.2.tgz attempt 2 failed with EACCES
1812 http fetch GET https://registry.npmjs.org/is-binary-path/-/is-binary-path-2.1.0.tgz attempt 2 failed with EACCES
1813 http fetch GET https://registry.npmjs.org/is-bigint/-/is-bigint-1.0.4.tgz attempt 2 failed with EACCES
1814 http fetch GET https://registry.npmjs.org/is-async-function/-/is-async-function-2.0.0.tgz attempt 2 failed with EACCES
1815 http fetch GET https://registry.npmjs.org/is-array-buffer/-/is-array-buffer-3.0.4.tgz attempt 2 failed with EACCES
1816 http fetch GET https://registry.npmjs.org/is-arguments/-/is-arguments-1.1.1.tgz attempt 2 failed with EACCES
1817 http fetch GET https://registry.npmjs.org/invariant/-/invariant-2.2.4.tgz attempt 2 failed with EACCES
1818 http fetch GET https://registry.npmjs.org/internmap/-/internmap-2.0.3.tgz attempt 2 failed with EACCES
1819 http fetch GET https://registry.npmjs.org/internal-slot/-/internal-slot-1.0.7.tgz attempt 2 failed with EACCES
1820 http fetch GET https://registry.npmjs.org/input-otp/-/input-otp-1.2.4.tgz attempt 2 failed with EACCES
1821 http fetch GET https://registry.npmjs.org/inherits/-/inherits-2.0.4.tgz attempt 2 failed with EACCES
1822 http fetch GET https://registry.npmjs.org/inflight/-/inflight-1.0.6.tgz attempt 2 failed with EACCES
1823 http fetch GET https://registry.npmjs.org/imurmurhash/-/imurmurhash-0.1.4.tgz attempt 2 failed with EACCES
1824 http fetch GET https://registry.npmjs.org/import-fresh/-/import-fresh-3.3.0.tgz attempt 2 failed with EACCES
1825 http fetch GET https://registry.npmjs.org/ignore/-/ignore-5.3.2.tgz attempt 2 failed with EACCES
1826 http fetch GET https://registry.npmjs.org/hasown/-/hasown-2.0.2.tgz attempt 2 failed with EACCES
1827 http fetch GET https://registry.npmjs.org/has-tostringtag/-/has-tostringtag-1.0.2.tgz attempt 2 failed with EACCES
1828 http fetch GET https://registry.npmjs.org/has-symbols/-/has-symbols-1.0.3.tgz attempt 2 failed with EACCES
1829 http fetch GET https://registry.npmjs.org/has-proto/-/has-proto-1.0.3.tgz attempt 2 failed with EACCES
1830 http fetch GET https://registry.npmjs.org/has-property-descriptors/-/has-property-descriptors-1.0.2.tgz attempt 2 failed with EACCES
1831 http fetch GET https://registry.npmjs.org/has-flag/-/has-flag-4.0.0.tgz attempt 2 failed with EACCES
1832 http fetch GET https://registry.npmjs.org/has-bigints/-/has-bigints-1.0.2.tgz attempt 2 failed with EACCES
1833 http fetch GET https://registry.npmjs.org/graphemer/-/graphemer-1.4.0.tgz attempt 2 failed with EACCES
1834 http fetch GET https://registry.npmjs.org/graceful-fs/-/graceful-fs-4.2.11.tgz attempt 2 failed with EACCES
1835 http fetch GET https://registry.npmjs.org/gopd/-/gopd-1.0.1.tgz attempt 2 failed with EACCES
1836 http fetch GET https://registry.npmjs.org/globby/-/globby-11.1.0.tgz attempt 2 failed with EACCES
1837 http fetch GET https://registry.npmjs.org/globalthis/-/globalthis-1.0.4.tgz attempt 2 failed with EACCES
1838 http fetch GET https://registry.npmjs.org/globals/-/globals-13.24.0.tgz attempt 2 failed with EACCES
1839 http fetch GET https://registry.npmjs.org/glob-to-regexp/-/glob-to-regexp-0.4.1.tgz attempt 2 failed with EACCES
1840 http fetch GET https://registry.npmjs.org/glob-parent/-/glob-parent-6.0.2.tgz attempt 2 failed with EACCES
1841 http fetch GET https://registry.npmjs.org/get-tsconfig/-/get-tsconfig-4.8.1.tgz attempt 2 failed with EACCES
1842 http fetch GET https://registry.npmjs.org/glob/-/glob-7.1.7.tgz attempt 2 failed with EACCES
1843 http fetch GET https://registry.npmjs.org/get-symbol-description/-/get-symbol-description-1.0.2.tgz attempt 2 failed with EACCES
1844 http fetch GET https://registry.npmjs.org/get-nonce/-/get-nonce-1.0.1.tgz attempt 2 failed with EACCES
1845 http fetch GET https://registry.npmjs.org/get-intrinsic/-/get-intrinsic-1.2.4.tgz attempt 2 failed with EACCES
1846 http fetch GET https://registry.npmjs.org/functions-have-names/-/functions-have-names-1.2.3.tgz attempt 2 failed with EACCES
1847 http fetch GET https://registry.npmjs.org/parent-module/-/parent-module-1.0.1.tgz attempt 2 failed with EACCES
1848 http fetch GET https://registry.npmjs.org/function.prototype.name/-/function.prototype.name-1.1.6.tgz attempt 2 failed with EACCES
1849 http fetch GET https://registry.npmjs.org/function-bind/-/function-bind-1.1.2.tgz attempt 2 failed with EACCES
1850 http fetch GET https://registry.npmjs.org/fs.realpath/-/fs.realpath-1.0.0.tgz attempt 2 failed with EACCES
1851 http fetch GET https://registry.npmjs.org/fraction.js/-/fraction.js-4.3.7.tgz attempt 2 failed with EACCES
1852 http fetch GET https://registry.npmjs.org/foreground-child/-/foreground-child-3.3.0.tgz attempt 2 failed with EACCES
1853 http fetch GET https://registry.npmjs.org/for-each/-/for-each-0.3.3.tgz attempt 2 failed with EACCES
1854 http fetch GET https://registry.npmjs.org/flatted/-/flatted-3.3.1.tgz attempt 2 failed with EACCES
1855 http fetch GET https://registry.npmjs.org/flat-cache/-/flat-cache-3.2.0.tgz attempt 2 failed with EACCES
1856 http fetch GET https://registry.npmjs.org/find-up/-/find-up-5.0.0.tgz attempt 2 failed with EACCES
1857 http fetch GET https://registry.npmjs.org/fill-range/-/fill-range-7.1.1.tgz attempt 2 failed with EACCES
1858 http fetch GET https://registry.npmjs.org/fastq/-/fastq-1.17.1.tgz attempt 2 failed with EACCES
1859 http fetch GET https://registry.npmjs.org/file-entry-cache/-/file-entry-cache-6.0.1.tgz attempt 2 failed with EACCES
1860 http fetch GET https://registry.npmjs.org/fast-levenshtein/-/fast-levenshtein-2.0.6.tgz attempt 2 failed with EACCES
1861 http fetch GET https://registry.npmjs.org/fast-json-stable-stringify/-/fast-json-stable-stringify-2.1.0.tgz attempt 2 failed with EACCES
1862 http fetch GET https://registry.npmjs.org/fast-glob/-/fast-glob-3.3.2.tgz attempt 2 failed with EACCES
1863 http fetch GET https://registry.npmjs.org/fast-equals/-/fast-equals-5.0.1.tgz attempt 2 failed with EACCES
1864 http fetch GET https://registry.npmjs.org/fast-deep-equal/-/fast-deep-equal-3.1.3.tgz attempt 2 failed with EACCES
1865 http fetch GET https://registry.npmjs.org/eventemitter3/-/eventemitter3-4.0.7.tgz attempt 2 failed with EACCES
1866 http fetch GET https://registry.npmjs.org/esutils/-/esutils-2.0.3.tgz attempt 2 failed with EACCES
1867 http fetch GET https://registry.npmjs.org/estraverse/-/estraverse-5.3.0.tgz attempt 2 failed with EACCES
1868 http fetch GET https://registry.npmjs.org/esrecurse/-/esrecurse-4.3.0.tgz attempt 2 failed with EACCES
1869 http fetch GET https://registry.npmjs.org/esquery/-/esquery-1.6.0.tgz attempt 2 failed with EACCES
1870 http fetch GET https://registry.npmjs.org/espree/-/espree-9.6.1.tgz attempt 2 failed with EACCES
1871 http fetch GET https://registry.npmjs.org/eslint-visitor-keys/-/eslint-visitor-keys-3.4.3.tgz attempt 2 failed with EACCES
1872 http fetch GET https://registry.npmjs.org/eslint-scope/-/eslint-scope-7.2.2.tgz attempt 2 failed with EACCES
1873 http fetch GET https://registry.npmjs.org/eslint-plugin-react-hooks/-/eslint-plugin-react-hooks-4.6.2.tgz attempt 2 failed with EACCES
1874 http fetch GET https://registry.npmjs.org/eslint-plugin-react/-/eslint-plugin-react-7.37.1.tgz attempt 2 failed with EACCES
1875 http fetch GET https://registry.npmjs.org/eslint-plugin-jsx-a11y/-/eslint-plugin-jsx-a11y-6.10.0.tgz attempt 2 failed with EACCES
1876 http fetch GET https://registry.npmjs.org/eslint-plugin-import/-/eslint-plugin-import-2.31.0.tgz attempt 2 failed with EACCES
1877 http fetch GET https://registry.npmjs.org/eslint-module-utils/-/eslint-module-utils-2.12.0.tgz attempt 2 failed with EACCES
1878 http fetch GET https://registry.npmjs.org/eslint-import-resolver-node/-/eslint-import-resolver-node-0.3.9.tgz attempt 2 failed with EACCES
1879 http fetch GET https://registry.npmjs.org/eslint-config-next/-/eslint-config-next-13.5.1.tgz attempt 2 failed with EACCES
1880 http fetch GET https://registry.npmjs.org/eslint/-/eslint-8.49.0.tgz attempt 2 failed with EACCES
1881 http fetch GET https://registry.npmjs.org/escape-string-regexp/-/escape-string-regexp-4.0.0.tgz attempt 2 failed with EACCES
1882 http fetch GET https://registry.npmjs.org/escalade/-/escalade-3.2.0.tgz attempt 2 failed with EACCES
1883 http fetch GET https://registry.npmjs.org/es-to-primitive/-/es-to-primitive-1.2.1.tgz attempt 2 failed with EACCES
1884 http fetch GET https://registry.npmjs.org/es-shim-unscopables/-/es-shim-unscopables-1.0.2.tgz attempt 2 failed with EACCES
1885 http fetch GET https://registry.npmjs.org/es-set-tostringtag/-/es-set-tostringtag-2.0.3.tgz attempt 2 failed with EACCES
1886 http fetch GET https://registry.npmjs.org/es-object-atoms/-/es-object-atoms-1.0.0.tgz attempt 2 failed with EACCES
1887 http fetch GET https://registry.npmjs.org/es-iterator-helpers/-/es-iterator-helpers-1.1.0.tgz attempt 2 failed with EACCES
1888 http fetch GET https://registry.npmjs.org/es-get-iterator/-/es-get-iterator-1.1.3.tgz attempt 2 failed with EACCES
1889 http fetch GET https://registry.npmjs.org/es-errors/-/es-errors-1.3.0.tgz attempt 2 failed with EACCES
1890 http fetch GET https://registry.npmjs.org/es-define-property/-/es-define-property-1.0.0.tgz attempt 2 failed with EACCES
1891 http fetch GET https://registry.npmjs.org/es-abstract/-/es-abstract-1.23.3.tgz attempt 2 failed with EACCES
1892 http fetch GET https://registry.npmjs.org/enhanced-resolve/-/enhanced-resolve-5.17.1.tgz attempt 2 failed with EACCES
1893 http fetch GET https://registry.npmjs.org/emoji-regex/-/emoji-regex-9.2.2.tgz attempt 2 failed with EACCES
1894 http fetch GET https://registry.npmjs.org/embla-carousel-reactive-utils/-/embla-carousel-reactive-utils-8.3.0.tgz attempt 2 failed with EACCES
1895 http fetch GET https://registry.npmjs.org/embla-carousel-react/-/embla-carousel-react-8.3.0.tgz attempt 2 failed with EACCES
1896 http fetch GET https://registry.npmjs.org/embla-carousel/-/embla-carousel-8.3.0.tgz attempt 2 failed with EACCES
1897 http fetch GET https://registry.npmjs.org/electron-to-chromium/-/electron-to-chromium-1.5.34.tgz attempt 2 failed with EACCES
1898 http fetch GET https://registry.npmjs.org/eastasianwidth/-/eastasianwidth-0.2.0.tgz attempt 2 failed with EACCES
1899 http fetch GET https://registry.npmjs.org/dom-helpers/-/dom-helpers-5.2.1.tgz attempt 2 failed with EACCES
1900 http fetch GET https://registry.npmjs.org/doctrine/-/doctrine-3.0.0.tgz attempt 2 failed with EACCES
1901 http fetch GET https://registry.npmjs.org/dir-glob/-/dir-glob-3.0.1.tgz attempt 2 failed with EACCES
1902 http fetch GET https://registry.npmjs.org/dlv/-/dlv-1.1.3.tgz attempt 2 failed with EACCES
1903 http fetch GET https://registry.npmjs.org/didyoumean/-/didyoumean-1.2.2.tgz attempt 2 failed with EACCES
1904 http fetch GET https://registry.npmjs.org/detect-node-es/-/detect-node-es-1.1.0.tgz attempt 2 failed with EACCES
1905 http fetch GET https://registry.npmjs.org/define-properties/-/define-properties-1.2.1.tgz attempt 2 failed with EACCES
1906 http fetch GET https://registry.npmjs.org/define-data-property/-/define-data-property-1.1.4.tgz attempt 2 failed with EACCES
1907 http fetch GET https://registry.npmjs.org/decimal.js-light/-/decimal.js-light-2.5.1.tgz attempt 2 failed with EACCES
1908 http fetch GET https://registry.npmjs.org/deep-is/-/deep-is-0.1.4.tgz attempt 2 failed with EACCES
1909 http fetch GET https://registry.npmjs.org/debug/-/debug-4.3.7.tgz attempt 2 failed with EACCES
1910 http fetch GET https://registry.npmjs.org/date-fns/-/date-fns-3.6.0.tgz attempt 2 failed with EACCES
1911 http fetch GET https://registry.npmjs.org/data-view-byte-offset/-/data-view-byte-offset-1.0.0.tgz attempt 2 failed with EACCES
1912 http fetch GET https://registry.npmjs.org/data-view-byte-length/-/data-view-byte-length-1.0.1.tgz attempt 2 failed with EACCES
1913 http fetch GET https://registry.npmjs.org/data-view-buffer/-/data-view-buffer-1.0.1.tgz attempt 2 failed with EACCES
1914 http fetch GET https://registry.npmjs.org/damerau-levenshtein/-/damerau-levenshtein-1.0.8.tgz attempt 2 failed with EACCES
1915 http fetch GET https://registry.npmjs.org/d3-timer/-/d3-timer-3.0.1.tgz attempt 2 failed with EACCES
1916 http fetch GET https://registry.npmjs.org/d3-time/-/d3-time-3.1.0.tgz attempt 2 failed with EACCES
1917 http fetch GET https://registry.npmjs.org/d3-time-format/-/d3-time-format-4.1.0.tgz attempt 2 failed with EACCES
1918 http fetch GET https://registry.npmjs.org/d3-shape/-/d3-shape-3.2.0.tgz attempt 2 failed with EACCES
1919 http fetch GET https://registry.npmjs.org/d3-scale/-/d3-scale-4.0.2.tgz attempt 2 failed with EACCES
1920 http fetch GET https://registry.npmjs.org/d3-path/-/d3-path-3.1.0.tgz attempt 2 failed with EACCES
1921 http fetch GET https://registry.npmjs.org/d3-interpolate/-/d3-interpolate-3.0.1.tgz attempt 2 failed with EACCES
1922 http fetch GET https://registry.npmjs.org/d3-format/-/d3-format-3.1.0.tgz attempt 2 failed with EACCES
1923 http fetch GET https://registry.npmjs.org/d3-ease/-/d3-ease-3.0.1.tgz attempt 2 failed with EACCES
1924 http fetch GET https://registry.npmjs.org/d3-color/-/d3-color-3.1.0.tgz attempt 2 failed with EACCES
1925 http fetch GET https://registry.npmjs.org/d3-array/-/d3-array-3.2.4.tgz attempt 2 failed with EACCES
1926 http fetch GET https://registry.npmjs.org/csstype/-/csstype-3.1.3.tgz attempt 2 failed with EACCES
1927 http fetch GET https://registry.npmjs.org/cssesc/-/cssesc-3.0.0.tgz attempt 2 failed with EACCES
1928 http fetch GET https://registry.npmjs.org/concat-map/-/concat-map-0.0.1.tgz attempt 2 failed with EACCES
1929 http fetch GET https://registry.npmjs.org/cross-spawn/-/cross-spawn-7.0.3.tgz attempt 2 failed with EACCES
1930 http fetch GET https://registry.npmjs.org/deep-equal/-/deep-equal-2.2.3.tgz attempt 2 failed with EACCES
1931 http fetch GET https://registry.npmjs.org/commander/-/commander-4.1.1.tgz attempt 2 failed with EACCES
1932 http fetch GET https://registry.npmjs.org/color-name/-/color-name-1.1.4.tgz attempt 2 failed with EACCES
1933 http fetch GET https://registry.npmjs.org/color-convert/-/color-convert-2.0.1.tgz attempt 2 failed with EACCES
1934 http fetch GET https://registry.npmjs.org/clsx/-/clsx-2.1.1.tgz attempt 2 failed with EACCES
1935 http fetch GET https://registry.npmjs.org/client-only/-/client-only-0.0.1.tgz attempt 2 failed with EACCES
1936 http fetch GET https://registry.npmjs.org/class-variance-authority/-/class-variance-authority-0.7.0.tgz attempt 2 failed with EACCES
1937 http fetch GET https://registry.npmjs.org/caniuse-lite/-/caniuse-lite-1.0.30001667.tgz attempt 2 failed with EACCES
1938 http fetch GET https://registry.npmjs.org/chokidar/-/chokidar-3.6.0.tgz attempt 2 failed with EACCES
1939 http fetch GET https://registry.npmjs.org/chalk/-/chalk-4.1.2.tgz attempt 2 failed with EACCES
1940 http fetch GET https://registry.npmjs.org/camelcase-css/-/camelcase-css-2.0.1.tgz attempt 2 failed with EACCES
1941 http fetch GET https://registry.npmjs.org/call-bind/-/call-bind-1.0.7.tgz attempt 2 failed with EACCES
1942 http fetch GET https://registry.npmjs.org/callsites/-/callsites-3.1.0.tgz attempt 2 failed with EACCES
1943 http fetch GET https://registry.npmjs.org/busboy/-/busboy-1.6.0.tgz attempt 2 failed with EACCES
1944 http fetch GET https://registry.npmjs.org/browserslist/-/browserslist-4.24.0.tgz attempt 2 failed with EACCES
1945 http fetch GET https://registry.npmjs.org/brace-expansion/-/brace-expansion-1.1.11.tgz attempt 2 failed with EACCES
1946 http fetch GET https://registry.npmjs.org/braces/-/braces-3.0.3.tgz attempt 2 failed with EACCES
1947 http fetch GET https://registry.npmjs.org/balanced-match/-/balanced-match-1.0.2.tgz attempt 2 failed with EACCES
1948 http fetch GET https://registry.npmjs.org/axobject-query/-/axobject-query-4.1.0.tgz attempt 2 failed with EACCES
1949 http fetch GET https://registry.npmjs.org/binary-extensions/-/binary-extensions-2.3.0.tgz attempt 2 failed with EACCES
1950 http fetch GET https://registry.npmjs.org/axe-core/-/axe-core-4.10.0.tgz attempt 2 failed with EACCES
1951 http fetch GET https://registry.npmjs.org/available-typed-arrays/-/available-typed-arrays-1.0.7.tgz attempt 2 failed with EACCES
1952 http fetch GET https://registry.npmjs.org/autoprefixer/-/autoprefixer-10.4.15.tgz attempt 2 failed with EACCES
1953 http fetch GET https://registry.npmjs.org/arraybuffer.prototype.slice/-/arraybuffer.prototype.slice-1.0.3.tgz attempt 2 failed with EACCES
1954 http fetch GET https://registry.npmjs.org/ast-types-flow/-/ast-types-flow-0.0.8.tgz attempt 2 failed with EACCES
1955 http fetch GET https://registry.npmjs.org/array.prototype.tosorted/-/array.prototype.tosorted-1.1.4.tgz attempt 2 failed with EACCES
1956 http fetch GET https://registry.npmjs.org/array.prototype.flatmap/-/array.prototype.flatmap-1.3.2.tgz attempt 2 failed with EACCES
1957 http fetch GET https://registry.npmjs.org/array.prototype.flat/-/array.prototype.flat-1.3.2.tgz attempt 2 failed with EACCES
1958 http fetch GET https://registry.npmjs.org/array.prototype.findlastindex/-/array.prototype.findlastindex-1.2.5.tgz attempt 2 failed with EACCES
1959 http fetch GET https://registry.npmjs.org/array.prototype.findlast/-/array.prototype.findlast-1.2.5.tgz attempt 2 failed with EACCES
1960 http fetch GET https://registry.npmjs.org/array-union/-/array-union-2.1.0.tgz attempt 2 failed with EACCES
1961 http fetch GET https://registry.npmjs.org/array-includes/-/array-includes-3.1.8.tgz attempt 2 failed with EACCES
1962 http fetch GET https://registry.npmjs.org/array-buffer-byte-length/-/array-buffer-byte-length-1.0.1.tgz attempt 2 failed with EACCES
1963 http fetch GET https://registry.npmjs.org/aria-query/-/aria-query-5.1.3.tgz attempt 2 failed with EACCES
1964 http fetch GET https://registry.npmjs.org/aria-hidden/-/aria-hidden-1.2.4.tgz attempt 2 failed with EACCES
1965 http fetch GET https://registry.npmjs.org/argparse/-/argparse-2.0.1.tgz attempt 2 failed with EACCES
1966 http fetch GET https://registry.npmjs.org/arg/-/arg-5.0.2.tgz attempt 2 failed with EACCES
1967 http fetch GET https://registry.npmjs.org/cmdk/-/cmdk-1.0.0.tgz attempt 2 failed with EACCES
1968 http fetch GET https://registry.npmjs.org/anymatch/-/anymatch-3.1.3.tgz attempt 2 failed with EACCES
1969 http fetch GET https://registry.npmjs.org/any-promise/-/any-promise-1.3.0.tgz attempt 2 failed with EACCES
1970 http fetch GET https://registry.npmjs.org/ansi-styles/-/ansi-styles-4.3.0.tgz attempt 2 failed with EACCES
1971 http fetch GET https://registry.npmjs.org/acorn-jsx/-/acorn-jsx-5.3.2.tgz attempt 2 failed with EACCES
1972 http fetch GET https://registry.npmjs.org/ansi-regex/-/ansi-regex-5.0.1.tgz attempt 2 failed with EACCES
1973 http fetch GET https://registry.npmjs.org/acorn/-/acorn-8.12.1.tgz attempt 2 failed with EACCES
1974 http fetch GET https://registry.npmjs.org/@typescript-eslint/visitor-keys/-/visitor-keys-6.21.0.tgz attempt 2 failed with EACCES
1975 http fetch GET https://registry.npmjs.org/ajv/-/ajv-6.12.6.tgz attempt 2 failed with EACCES
1976 http fetch GET https://registry.npmjs.org/@typescript-eslint/typescript-estree/-/typescript-estree-6.21.0.tgz attempt 2 failed with EACCES
1977 http fetch GET https://registry.npmjs.org/@typescript-eslint/types/-/types-6.21.0.tgz attempt 2 failed with EACCES
1978 http fetch GET https://registry.npmjs.org/@types/ws/-/ws-8.18.1.tgz attempt 2 failed with EACCES
1979 http fetch GET https://registry.npmjs.org/@typescript-eslint/scope-manager/-/scope-manager-6.21.0.tgz attempt 2 failed with EACCES
1980 http fetch GET https://registry.npmjs.org/@typescript-eslint/parser/-/parser-6.21.0.tgz attempt 2 failed with EACCES
1981 http fetch GET https://registry.npmjs.org/@types/scheduler/-/scheduler-0.23.0.tgz attempt 2 failed with EACCES
1982 http fetch GET https://registry.npmjs.org/@types/prop-types/-/prop-types-15.7.13.tgz attempt 2 failed with EACCES
1983 http fetch GET https://registry.npmjs.org/@types/react/-/react-18.2.22.tgz attempt 2 failed with EACCES
1984 http fetch GET https://registry.npmjs.org/@types/react-dom/-/react-dom-18.2.7.tgz attempt 2 failed with EACCES
1985 http fetch GET https://registry.npmjs.org/@types/phoenix/-/phoenix-1.6.6.tgz attempt 2 failed with EACCES
1986 http fetch GET https://registry.npmjs.org/@types/node/-/node-20.6.2.tgz attempt 2 failed with EACCES
1987 http fetch GET https://registry.npmjs.org/@types/d3-timer/-/d3-timer-3.0.2.tgz attempt 2 failed with EACCES
1988 http fetch GET https://registry.npmjs.org/@types/json5/-/json5-0.0.29.tgz attempt 2 failed with EACCES
1989 http fetch GET https://registry.npmjs.org/@types/d3-time/-/d3-time-3.0.3.tgz attempt 2 failed with EACCES
1990 http fetch GET https://registry.npmjs.org/@types/d3-shape/-/d3-shape-3.1.6.tgz attempt 2 failed with EACCES
1991 http fetch GET https://registry.npmjs.org/@types/d3-scale/-/d3-scale-4.0.8.tgz attempt 2 failed with EACCES
1992 http fetch GET https://registry.npmjs.org/@types/d3-interpolate/-/d3-interpolate-3.0.4.tgz attempt 2 failed with EACCES
1993 http fetch GET https://registry.npmjs.org/@types/d3-ease/-/d3-ease-3.0.2.tgz attempt 2 failed with EACCES
1994 http fetch GET https://registry.npmjs.org/@types/d3-color/-/d3-color-3.1.3.tgz attempt 2 failed with EACCES
1995 http fetch GET https://registry.npmjs.org/@types/d3-array/-/d3-array-3.2.1.tgz attempt 2 failed with EACCES
1996 http fetch GET https://registry.npmjs.org/@swc/helpers/-/helpers-0.5.2.tgz attempt 2 failed with EACCES
1997 http fetch GET https://registry.npmjs.org/@supabase/supabase-js/-/supabase-js-2.58.0.tgz attempt 2 failed with EACCES
1998 http fetch GET https://registry.npmjs.org/@supabase/storage-js/-/storage-js-2.12.2.tgz attempt 2 failed with EACCES
1999 http fetch GET https://registry.npmjs.org/@supabase/postgrest-js/-/postgrest-js-1.21.4.tgz attempt 2 failed with EACCES
2000 http fetch GET https://registry.npmjs.org/@supabase/realtime-js/-/realtime-js-2.15.5.tgz attempt 2 failed with EACCES
2001 http fetch GET https://registry.npmjs.org/@supabase/node-fetch/-/node-fetch-2.6.15.tgz attempt 2 failed with EACCES
2002 http fetch GET https://registry.npmjs.org/@supabase/functions-js/-/functions-js-2.5.0.tgz attempt 2 failed with EACCES
2003 http fetch GET https://registry.npmjs.org/@supabase/auth-js/-/auth-js-2.72.0.tgz attempt 2 failed with EACCES
2004 http fetch GET https://registry.npmjs.org/@rushstack/eslint-patch/-/eslint-patch-1.10.4.tgz attempt 2 failed with EACCES
2005 http fetch GET https://registry.npmjs.org/@rtsao/scc/-/scc-1.1.0.tgz attempt 2 failed with EACCES
2006 http fetch GET https://registry.npmjs.org/@radix-ui/rect/-/rect-1.1.0.tgz attempt 2 failed with EACCES
2007 http fetch GET https://registry.npmjs.org/@radix-ui/react-visually-hidden/-/react-visually-hidden-1.1.0.tgz attempt 2 failed with EACCES
2008 http fetch GET https://registry.npmjs.org/@radix-ui/react-use-size/-/react-use-size-1.1.0.tgz attempt 2 failed with EACCES
2009 http fetch GET https://registry.npmjs.org/@radix-ui/react-use-rect/-/react-use-rect-1.1.0.tgz attempt 2 failed with EACCES
2010 http fetch GET https://registry.npmjs.org/@radix-ui/react-use-previous/-/react-use-previous-1.1.0.tgz attempt 2 failed with EACCES
2011 http fetch GET https://registry.npmjs.org/@radix-ui/react-use-escape-keydown/-/react-use-escape-keydown-1.1.0.tgz attempt 2 failed with EACCES
2012 http fetch GET https://registry.npmjs.org/@radix-ui/react-use-layout-effect/-/react-use-layout-effect-1.1.0.tgz attempt 2 failed with EACCES
2013 http fetch GET https://registry.npmjs.org/@radix-ui/react-use-controllable-state/-/react-use-controllable-state-1.1.0.tgz attempt 2 failed with EACCES
2014 http fetch GET https://registry.npmjs.org/@radix-ui/react-use-callback-ref/-/react-use-callback-ref-1.1.0.tgz attempt 2 failed with EACCES
2015 http fetch GET https://registry.npmjs.org/@radix-ui/react-tooltip/-/react-tooltip-1.1.3.tgz attempt 2 failed with EACCES
2016 http fetch GET https://registry.npmjs.org/@radix-ui/react-toggle-group/-/react-toggle-group-1.1.0.tgz attempt 2 failed with EACCES
2017 http fetch GET https://registry.npmjs.org/@radix-ui/react-toggle/-/react-toggle-1.1.0.tgz attempt 2 failed with EACCES
2018 http fetch GET https://registry.npmjs.org/@radix-ui/react-toast/-/react-toast-1.2.2.tgz attempt 2 failed with EACCES
2019 http fetch GET https://registry.npmjs.org/@radix-ui/react-tabs/-/react-tabs-1.1.1.tgz attempt 2 failed with EACCES
2020 http fetch GET https://registry.npmjs.org/@radix-ui/react-switch/-/react-switch-1.1.1.tgz attempt 2 failed with EACCES
2021 http fetch GET https://registry.npmjs.org/@radix-ui/react-slot/-/react-slot-1.1.0.tgz attempt 2 failed with EACCES
2022 http fetch GET https://registry.npmjs.org/@radix-ui/react-slider/-/react-slider-1.2.1.tgz attempt 2 failed with EACCES
2023 http fetch GET https://registry.npmjs.org/@radix-ui/react-separator/-/react-separator-1.1.0.tgz attempt 2 failed with EACCES
2024 http fetch GET https://registry.npmjs.org/@radix-ui/react-scroll-area/-/react-scroll-area-1.2.0.tgz attempt 2 failed with EACCES
2025 http fetch GET https://registry.npmjs.org/@radix-ui/react-select/-/react-select-2.1.2.tgz attempt 2 failed with EACCES
2026 http fetch GET https://registry.npmjs.org/@radix-ui/react-roving-focus/-/react-roving-focus-1.1.0.tgz attempt 2 failed with EACCES
2027 http fetch GET https://registry.npmjs.org/@radix-ui/react-primitive/-/react-primitive-2.0.0.tgz attempt 2 failed with EACCES
2028 http fetch GET https://registry.npmjs.org/@radix-ui/react-radio-group/-/react-radio-group-1.2.1.tgz attempt 2 failed with EACCES
2029 http fetch GET https://registry.npmjs.org/@radix-ui/react-progress/-/react-progress-1.1.0.tgz attempt 2 failed with EACCES
2030 http fetch GET https://registry.npmjs.org/@radix-ui/react-presence/-/react-presence-1.1.1.tgz attempt 2 failed with EACCES
2031 http fetch GET https://registry.npmjs.org/@radix-ui/react-portal/-/react-portal-1.1.2.tgz attempt 2 failed with EACCES
2032 http fetch GET https://registry.npmjs.org/@radix-ui/react-popover/-/react-popover-1.1.2.tgz attempt 2 failed with EACCES
2033 http fetch GET https://registry.npmjs.org/@radix-ui/react-popper/-/react-popper-1.2.0.tgz attempt 2 failed with EACCES
2034 http fetch GET https://registry.npmjs.org/@radix-ui/react-menubar/-/react-menubar-1.1.2.tgz attempt 2 failed with EACCES
2035 http fetch GET https://registry.npmjs.org/@radix-ui/react-navigation-menu/-/react-navigation-menu-1.2.1.tgz attempt 2 failed with EACCES
2036 http fetch GET https://registry.npmjs.org/@radix-ui/react-menu/-/react-menu-2.1.2.tgz attempt 2 failed with EACCES
2037 http fetch GET https://registry.npmjs.org/@radix-ui/react-id/-/react-id-1.1.0.tgz attempt 2 failed with EACCES
2038 http fetch GET https://registry.npmjs.org/@radix-ui/react-label/-/react-label-2.1.0.tgz attempt 2 failed with EACCES
2039 http fetch GET https://registry.npmjs.org/@radix-ui/react-hover-card/-/react-hover-card-1.1.2.tgz attempt 2 failed with EACCES
2040 http fetch GET https://registry.npmjs.org/@radix-ui/react-focus-guards/-/react-focus-guards-1.1.1.tgz attempt 2 failed with EACCES
2041 http fetch GET https://registry.npmjs.org/@radix-ui/react-focus-scope/-/react-focus-scope-1.1.0.tgz attempt 2 failed with EACCES
2042 http fetch GET https://registry.npmjs.org/@radix-ui/react-dropdown-menu/-/react-dropdown-menu-2.1.2.tgz attempt 2 failed with EACCES
2043 http fetch GET https://registry.npmjs.org/@radix-ui/react-dialog/-/react-dialog-1.1.2.tgz attempt 2 failed with EACCES
2044 http fetch GET https://registry.npmjs.org/@radix-ui/react-dismissable-layer/-/react-dismissable-layer-1.1.1.tgz attempt 2 failed with EACCES
2045 http fetch GET https://registry.npmjs.org/@radix-ui/react-direction/-/react-direction-1.1.0.tgz attempt 2 failed with EACCES
2046 http fetch GET https://registry.npmjs.org/@radix-ui/react-context-menu/-/react-context-menu-2.2.2.tgz attempt 2 failed with EACCES
2047 http fetch GET https://registry.npmjs.org/@radix-ui/react-context/-/react-context-1.1.1.tgz attempt 2 failed with EACCES
2048 http fetch GET https://registry.npmjs.org/@radix-ui/react-compose-refs/-/react-compose-refs-1.1.0.tgz attempt 2 failed with EACCES
2049 http fetch GET https://registry.npmjs.org/@radix-ui/react-checkbox/-/react-checkbox-1.1.2.tgz attempt 2 failed with EACCES
2050 http fetch GET https://registry.npmjs.org/@radix-ui/react-collapsible/-/react-collapsible-1.1.1.tgz attempt 2 failed with EACCES
2051 http fetch GET https://registry.npmjs.org/@radix-ui/react-avatar/-/react-avatar-1.1.1.tgz attempt 2 failed with EACCES
2052 http fetch GET https://registry.npmjs.org/@radix-ui/react-aspect-ratio/-/react-aspect-ratio-1.1.0.tgz attempt 2 failed with EACCES
2053 http fetch GET https://registry.npmjs.org/@radix-ui/react-arrow/-/react-arrow-1.1.0.tgz attempt 2 failed with EACCES
2054 http fetch GET https://registry.npmjs.org/@radix-ui/react-alert-dialog/-/react-alert-dialog-1.1.2.tgz attempt 2 failed with EACCES
2055 http fetch GET https://registry.npmjs.org/@radix-ui/react-accordion/-/react-accordion-1.2.1.tgz attempt 2 failed with EACCES
2056 http fetch GET https://registry.npmjs.org/@radix-ui/primitive/-/primitive-1.1.0.tgz attempt 2 failed with EACCES
2057 http fetch GET https://registry.npmjs.org/@radix-ui/number/-/number-1.1.0.tgz attempt 2 failed with EACCES
2058 http fetch GET https://registry.npmjs.org/@pkgjs/parseargs/-/parseargs-0.11.0.tgz attempt 2 failed with EACCES
2059 http fetch GET https://registry.npmjs.org/@nolyfill/is-core-module/-/is-core-module-1.0.39.tgz attempt 2 failed with EACCES
2060 http fetch GET https://registry.npmjs.org/@nodelib/fs.walk/-/fs.walk-1.2.8.tgz attempt 2 failed with EACCES
2061 http fetch GET https://registry.npmjs.org/@nodelib/fs.stat/-/fs.stat-2.0.5.tgz attempt 2 failed with EACCES
2062 http fetch GET https://registry.npmjs.org/@nodelib/fs.scandir/-/fs.scandir-2.1.5.tgz attempt 2 failed with EACCES
2063 http fetch GET https://registry.npmjs.org/@next/swc-win32-x64-msvc/-/swc-win32-x64-msvc-13.5.1.tgz attempt 2 failed with EACCES
2064 http fetch GET https://registry.npmjs.org/@next/swc-wasm-nodejs/-/swc-wasm-nodejs-13.5.1.tgz attempt 2 failed with EACCES
2065 http fetch GET https://registry.npmjs.org/@next/env/-/env-13.5.1.tgz attempt 2 failed with EACCES
2066 http fetch GET https://registry.npmjs.org/@next/eslint-plugin-next/-/eslint-plugin-next-13.5.1.tgz attempt 2 failed with EACCES
2067 http fetch GET https://registry.npmjs.org/@netlify/plugin-nextjs/-/plugin-nextjs-5.15.1.tgz attempt 2 failed with EACCES
2068 http fetch GET https://registry.npmjs.org/@jridgewell/trace-mapping/-/trace-mapping-0.3.25.tgz attempt 2 failed with EACCES
2069 http fetch GET https://registry.npmjs.org/@jridgewell/set-array/-/set-array-1.2.1.tgz attempt 2 failed with EACCES
2070 http fetch GET https://registry.npmjs.org/@jridgewell/sourcemap-codec/-/sourcemap-codec-1.5.0.tgz attempt 2 failed with EACCES
2071 http fetch GET https://registry.npmjs.org/@jridgewell/resolve-uri/-/resolve-uri-3.1.2.tgz attempt 2 failed with EACCES
2072 http fetch GET https://registry.npmjs.org/@jridgewell/gen-mapping/-/gen-mapping-0.3.5.tgz attempt 2 failed with EACCES
2073 http fetch GET https://registry.npmjs.org/@isaacs/cliui/-/cliui-8.0.2.tgz attempt 2 failed with EACCES
2074 http fetch GET https://registry.npmjs.org/@humanwhocodes/object-schema/-/object-schema-2.0.3.tgz attempt 2 failed with EACCES
2075 http fetch GET https://registry.npmjs.org/@humanwhocodes/module-importer/-/module-importer-1.0.1.tgz attempt 2 failed with EACCES
2076 http fetch GET https://registry.npmjs.org/@humanwhocodes/config-array/-/config-array-0.11.14.tgz attempt 2 failed with EACCES
2077 http fetch GET https://registry.npmjs.org/@hookform/resolvers/-/resolvers-3.9.0.tgz attempt 2 failed with EACCES
2078 http fetch GET https://registry.npmjs.org/@floating-ui/utils/-/utils-0.2.8.tgz attempt 2 failed with EACCES
2079 http fetch GET https://registry.npmjs.org/@floating-ui/react-dom/-/react-dom-2.1.2.tgz attempt 2 failed with EACCES
2080 http fetch GET https://registry.npmjs.org/@floating-ui/dom/-/dom-1.6.11.tgz attempt 2 failed with EACCES
2081 http fetch GET https://registry.npmjs.org/@floating-ui/core/-/core-1.6.8.tgz attempt 2 failed with EACCES
2082 http fetch GET https://registry.npmjs.org/@eslint/js/-/js-8.49.0.tgz attempt 2 failed with EACCES
2083 http fetch GET https://registry.npmjs.org/@eslint/eslintrc/-/eslintrc-2.1.4.tgz attempt 2 failed with EACCES
2084 http fetch GET https://registry.npmjs.org/@eslint-community/regexpp/-/regexpp-4.11.1.tgz attempt 2 failed with EACCES
2085 http fetch GET https://registry.npmjs.org/@eslint-community/eslint-utils/-/eslint-utils-4.4.0.tgz attempt 2 failed with EACCES
2086 http fetch GET https://registry.npmjs.org/@babel/runtime/-/runtime-7.25.7.tgz attempt 2 failed with EACCES
2087 http fetch GET https://registry.npmjs.org/@alloc/quick-lru/-/quick-lru-5.2.0.tgz attempt 2 failed with EACCES
2088 http fetch GET https://registry.npmjs.org/@radix-ui/react-collection/-/react-collection-1.1.0.tgz attempt 2 failed with EACCES
2089 http fetch GET https://registry.npmjs.org/strip-ansi/-/strip-ansi-7.1.0.tgz attempt 2 failed with EACCES
2090 http fetch GET https://registry.npmjs.org/ansi-styles/-/ansi-styles-6.2.1.tgz attempt 2 failed with EACCES
2091 http fetch GET https://registry.npmjs.org/ansi-regex/-/ansi-regex-6.1.0.tgz attempt 2 failed with EACCES
2092 http fetch GET https://registry.npmjs.org/emoji-regex/-/emoji-regex-8.0.0.tgz attempt 2 failed with EACCES
2093 http fetch GET https://registry.npmjs.org/string-width/-/string-width-4.2.3.tgz attempt 2 failed with EACCES
2094 http fetch GET https://registry.npmjs.org/minimatch/-/minimatch-9.0.5.tgz attempt 2 failed with EACCES
2095 http fetch GET https://registry.npmjs.org/strip-ansi/-/strip-ansi-7.1.0.tgz attempt 2 failed with EACCES
2096 http fetch GET https://registry.npmjs.org/emoji-regex/-/emoji-regex-8.0.0.tgz attempt 2 failed with EACCES
2097 http fetch GET https://registry.npmjs.org/ansi-regex/-/ansi-regex-6.1.0.tgz attempt 2 failed with EACCES
2098 http fetch GET https://registry.npmjs.org/glob/-/glob-10.4.5.tgz attempt 2 failed with EACCES
2099 http fetch GET https://registry.npmjs.org/brace-expansion/-/brace-expansion-2.0.1.tgz attempt 2 failed with EACCES
2100 http fetch GET https://registry.npmjs.org/lilconfig/-/lilconfig-3.1.2.tgz attempt 2 failed with EACCES
2101 http fetch GET https://registry.npmjs.org/zod/-/zod-3.21.4.tgz attempt 2 failed with EACCES
2102 http fetch GET https://registry.npmjs.org/postcss/-/postcss-8.4.14.tgz attempt 2 failed with EACCES
2103 http fetch GET https://registry.npmjs.org/glob-parent/-/glob-parent-5.1.2.tgz attempt 2 failed with EACCES
2104 http fetch GET https://registry.npmjs.org/semver/-/semver-6.3.1.tgz attempt 2 failed with EACCES
2105 http fetch GET https://registry.npmjs.org/semver/-/semver-6.3.1.tgz attempt 2 failed with EACCES
2106 http fetch GET https://registry.npmjs.org/doctrine/-/doctrine-2.1.0.tgz attempt 2 failed with EACCES
2107 http fetch GET https://registry.npmjs.org/debug/-/debug-3.2.7.tgz attempt 2 failed with EACCES
2108 http fetch GET https://registry.npmjs.org/debug/-/debug-3.2.7.tgz attempt 2 failed with EACCES
2109 http fetch GET https://registry.npmjs.org/debug/-/debug-3.2.7.tgz attempt 2 failed with EACCES
2110 http fetch GET https://registry.npmjs.org/eslint-import-resolver-typescript/-/eslint-import-resolver-typescript-3.6.3.tgz attempt 2 failed with EACCES
2111 http fetch GET https://registry.npmjs.org/resolve/-/resolve-2.0.0-next.5.tgz attempt 2 failed with EACCES
2112 http fetch GET https://registry.npmjs.org/doctrine/-/doctrine-2.1.0.tgz attempt 2 failed with EACCES
2113 http fetch GET https://registry.npmjs.org/react-remove-scroll/-/react-remove-scroll-2.5.5.tgz attempt 2 failed with EACCES
2114 http fetch GET https://registry.npmjs.org/@radix-ui/react-use-layout-effect/-/react-use-layout-effect-1.0.1.tgz attempt 2 failed with EACCES
2115 http fetch GET https://registry.npmjs.org/@radix-ui/react-use-controllable-state/-/react-use-controllable-state-1.0.1.tgz attempt 2 failed with EACCES
2116 http fetch GET https://registry.npmjs.org/@radix-ui/react-use-escape-keydown/-/react-use-escape-keydown-1.0.3.tgz attempt 2 failed with EACCES
2117 http fetch GET https://registry.npmjs.org/@radix-ui/react-use-callback-ref/-/react-use-callback-ref-1.0.1.tgz attempt 2 failed with EACCES
2118 http fetch GET https://registry.npmjs.org/@radix-ui/react-slot/-/react-slot-1.0.2.tgz attempt 2 failed with EACCES
2119 http fetch GET https://registry.npmjs.org/@radix-ui/react-primitive/-/react-primitive-1.0.3.tgz attempt 2 failed with EACCES
2120 http fetch GET https://registry.npmjs.org/@radix-ui/react-presence/-/react-presence-1.0.1.tgz attempt 2 failed with EACCES
2121 http fetch GET https://registry.npmjs.org/@radix-ui/react-id/-/react-id-1.0.1.tgz attempt 2 failed with EACCES
2122 http fetch GET https://registry.npmjs.org/@radix-ui/react-portal/-/react-portal-1.0.4.tgz attempt 2 failed with EACCES
2123 http fetch GET https://registry.npmjs.org/@radix-ui/react-focus-scope/-/react-focus-scope-1.0.4.tgz attempt 2 failed with EACCES
2124 http fetch GET https://registry.npmjs.org/@radix-ui/react-focus-guards/-/react-focus-guards-1.0.1.tgz attempt 2 failed with EACCES
2125 http fetch GET https://registry.npmjs.org/@radix-ui/react-dialog/-/react-dialog-1.0.5.tgz attempt 2 failed with EACCES
2126 http fetch GET https://registry.npmjs.org/@radix-ui/react-dismissable-layer/-/react-dismissable-layer-1.0.5.tgz attempt 2 failed with EACCES
2127 http fetch GET https://registry.npmjs.org/@radix-ui/react-compose-refs/-/react-compose-refs-1.0.1.tgz attempt 2 failed with EACCES
2128 http fetch GET https://registry.npmjs.org/@radix-ui/react-context/-/react-context-1.0.1.tgz attempt 2 failed with EACCES
2129 http fetch GET https://registry.npmjs.org/glob-parent/-/glob-parent-5.1.2.tgz attempt 2 failed with EACCES
2130 http fetch GET https://registry.npmjs.org/clsx/-/clsx-2.0.0.tgz attempt 2 failed with EACCES
2131 http fetch GET https://registry.npmjs.org/@radix-ui/primitive/-/primitive-1.0.1.tgz attempt 2 failed with EACCES
2132 http fetch GET https://registry.npmjs.org/minimatch/-/minimatch-9.0.3.tgz attempt 2 failed with EACCES
2133 http fetch GET https://registry.npmjs.org/brace-expansion/-/brace-expansion-2.0.1.tgz attempt 2 failed with EACCES
2134 http fetch GET https://registry.npmjs.org/@radix-ui/react-context/-/react-context-1.1.0.tgz attempt 2 failed with EACCES
2135 http fetch GET https://registry.npmjs.org/@radix-ui/react-context/-/react-context-1.1.0.tgz attempt 2 failed with EACCES
2136 http fetch GET https://registry.npmjs.org/@radix-ui/react-context/-/react-context-1.1.0.tgz attempt 2 failed with EACCES
2137 http fetch GET https://registry.npmjs.org/@radix-ui/react-context/-/react-context-1.1.0.tgz attempt 2 failed with EACCES
2138 http fetch GET https://registry.npmjs.org/@radix-ui/react-context/-/react-context-1.1.0.tgz attempt 2 failed with EACCES
2139 http fetch GET https://registry.npmjs.org/strip-ansi/-/strip-ansi-7.1.0.tgz attempt 2 failed with EACCES
2140 http fetch GET https://registry.npmjs.org/ansi-regex/-/ansi-regex-6.1.0.tgz attempt 2 failed with EACCES
2141 http fetch GET https://registry.npmjs.org/@types/d3-path/-/d3-path-3.1.0.tgz attempt 2 failed with EACCES
2142 http fetch GET https://registry.npmjs.org/npm attempt 3 failed with EACCES
2143 http fetch GET https://registry.npmjs.org/yocto-queue/-/yocto-queue-0.1.0.tgz attempt 3 failed with EACCES
2144 http fetch GET https://registry.npmjs.org/zod/-/zod-3.23.8.tgz attempt 3 failed with EACCES
2145 http fetch GET https://registry.npmjs.org/yaml/-/yaml-2.5.1.tgz attempt 3 failed with EACCES
2146 http fetch GET https://registry.npmjs.org/ws/-/ws-8.18.3.tgz attempt 3 failed with EACCES
2147 http fetch GET https://registry.npmjs.org/wrappy/-/wrappy-1.0.2.tgz attempt 3 failed with EACCES
2148 http fetch GET https://registry.npmjs.org/wrap-ansi/-/wrap-ansi-7.0.0.tgz attempt 3 failed with EACCES
2149 http fetch GET https://registry.npmjs.org/wrap-ansi/-/wrap-ansi-8.1.0.tgz attempt 3 failed with EACCES
2150 http fetch GET https://registry.npmjs.org/word-wrap/-/word-wrap-1.2.5.tgz attempt 3 failed with EACCES
2151 http fetch GET https://registry.npmjs.org/which-typed-array/-/which-typed-array-1.1.15.tgz attempt 3 failed with EACCES
2152 http fetch GET https://registry.npmjs.org/which-collection/-/which-collection-1.0.2.tgz attempt 3 failed with EACCES
2153 http fetch GET https://registry.npmjs.org/which-builtin-type/-/which-builtin-type-1.1.4.tgz attempt 3 failed with EACCES
2154 http fetch GET https://registry.npmjs.org/which-boxed-primitive/-/which-boxed-primitive-1.0.2.tgz attempt 3 failed with EACCES
2155 http fetch GET https://registry.npmjs.org/which/-/which-2.0.2.tgz attempt 3 failed with EACCES
2156 http fetch GET https://registry.npmjs.org/whatwg-url/-/whatwg-url-5.0.0.tgz attempt 3 failed with EACCES
2157 http fetch GET https://registry.npmjs.org/webidl-conversions/-/webidl-conversions-3.0.1.tgz attempt 3 failed with EACCES
2158 http fetch GET https://registry.npmjs.org/watchpack/-/watchpack-2.4.0.tgz attempt 3 failed with EACCES
2159 http fetch GET https://registry.npmjs.org/victory-vendor/-/victory-vendor-36.9.2.tgz attempt 3 failed with EACCES
2160 http fetch GET https://registry.npmjs.org/vaul/-/vaul-0.9.9.tgz attempt 3 failed with EACCES
2161 http fetch GET https://registry.npmjs.org/util-deprecate/-/util-deprecate-1.0.2.tgz attempt 3 failed with EACCES
2162 http fetch GET https://registry.npmjs.org/use-sidecar/-/use-sidecar-1.1.2.tgz attempt 3 failed with EACCES
2163 http fetch GET https://registry.npmjs.org/use-callback-ref/-/use-callback-ref-1.3.2.tgz attempt 3 failed with EACCES
2164 http fetch GET https://registry.npmjs.org/uri-js/-/uri-js-4.4.1.tgz attempt 3 failed with EACCES
2165 http fetch GET https://registry.npmjs.org/update-browserslist-db/-/update-browserslist-db-1.1.1.tgz attempt 3 failed with EACCES
2166 http fetch GET https://registry.npmjs.org/unbox-primitive/-/unbox-primitive-1.0.2.tgz attempt 3 failed with EACCES
2167 http fetch GET https://registry.npmjs.org/typescript/-/typescript-5.2.2.tgz attempt 3 failed with EACCES
2168 http fetch GET https://registry.npmjs.org/typed-array-length/-/typed-array-length-1.0.6.tgz attempt 3 failed with EACCES
2169 http fetch GET https://registry.npmjs.org/typed-array-byte-offset/-/typed-array-byte-offset-1.0.2.tgz attempt 3 failed with EACCES
2170 http fetch GET https://registry.npmjs.org/typed-array-byte-length/-/typed-array-byte-length-1.0.1.tgz attempt 3 failed with EACCES
2171 http fetch GET https://registry.npmjs.org/typed-array-buffer/-/typed-array-buffer-1.0.2.tgz attempt 3 failed with EACCES
2172 http fetch GET https://registry.npmjs.org/type-fest/-/type-fest-0.20.2.tgz attempt 3 failed with EACCES
2173 http fetch GET https://registry.npmjs.org/type-check/-/type-check-0.4.0.tgz attempt 3 failed with EACCES
2174 http fetch GET https://registry.npmjs.org/tslib/-/tslib-2.7.0.tgz attempt 3 failed with EACCES
2175 http fetch GET https://registry.npmjs.org/tsconfig-paths/-/tsconfig-paths-3.15.0.tgz attempt 3 failed with EACCES
2176 http fetch GET https://registry.npmjs.org/ts-interface-checker/-/ts-interface-checker-0.1.13.tgz attempt 3 failed with EACCES
2177 http fetch GET https://registry.npmjs.org/tr46/-/tr46-0.0.3.tgz attempt 3 failed with EACCES
2178 http fetch GET https://registry.npmjs.org/ts-api-utils/-/ts-api-utils-1.3.0.tgz attempt 3 failed with EACCES
2179 http fetch GET https://registry.npmjs.org/to-regex-range/-/to-regex-range-5.0.1.tgz attempt 3 failed with EACCES
2180 http fetch GET https://registry.npmjs.org/tiny-invariant/-/tiny-invariant-1.3.3.tgz attempt 3 failed with EACCES
2181 http fetch GET https://registry.npmjs.org/thenify-all/-/thenify-all-1.6.0.tgz attempt 3 failed with EACCES
2182 http fetch GET https://registry.npmjs.org/thenify/-/thenify-3.3.1.tgz attempt 3 failed with EACCES
2183 http fetch GET https://registry.npmjs.org/text-table/-/text-table-0.2.0.tgz attempt 3 failed with EACCES
2184 http fetch GET https://registry.npmjs.org/tapable/-/tapable-2.2.1.tgz attempt 3 failed with EACCES
2185 http fetch GET https://registry.npmjs.org/tailwindcss-animate/-/tailwindcss-animate-1.0.7.tgz attempt 3 failed with EACCES
2186 http fetch GET https://registry.npmjs.org/tailwindcss/-/tailwindcss-3.3.3.tgz attempt 3 failed with EACCES
2187 http fetch GET https://registry.npmjs.org/tailwind-merge/-/tailwind-merge-2.5.3.tgz attempt 3 failed with EACCES
2188 http fetch GET https://registry.npmjs.org/supports-preserve-symlinks-flag/-/supports-preserve-symlinks-flag-1.0.0.tgz attempt 3 failed with EACCES
2189 http fetch GET https://registry.npmjs.org/supports-color/-/supports-color-7.2.0.tgz attempt 3 failed with EACCES
2190 http fetch GET https://registry.npmjs.org/sucrase/-/sucrase-3.35.0.tgz attempt 3 failed with EACCES
2191 http fetch GET https://registry.npmjs.org/styled-jsx/-/styled-jsx-5.1.1.tgz attempt 3 failed with EACCES
2192 http fetch GET https://registry.npmjs.org/strip-json-comments/-/strip-json-comments-3.1.1.tgz attempt 3 failed with EACCES
2193 http fetch GET https://registry.npmjs.org/strip-bom/-/strip-bom-3.0.0.tgz attempt 3 failed with EACCES
2194 http fetch GET https://registry.npmjs.org/strip-ansi/-/strip-ansi-6.0.1.tgz attempt 3 failed with EACCES
2195 http fetch GET https://registry.npmjs.org/strip-ansi/-/strip-ansi-6.0.1.tgz attempt 3 failed with EACCES
2196 http fetch GET https://registry.npmjs.org/string.prototype.trimstart/-/string.prototype.trimstart-1.0.8.tgz attempt 3 failed with EACCES
2197 http fetch GET https://registry.npmjs.org/string.prototype.trimend/-/string.prototype.trimend-1.0.8.tgz attempt 3 failed with EACCES
2198 http fetch GET https://registry.npmjs.org/string.prototype.trim/-/string.prototype.trim-1.2.9.tgz attempt 3 failed with EACCES
2199 http fetch GET https://registry.npmjs.org/string.prototype.repeat/-/string.prototype.repeat-1.0.0.tgz attempt 3 failed with EACCES
2200 http fetch GET https://registry.npmjs.org/string.prototype.matchall/-/string.prototype.matchall-4.0.11.tgz attempt 3 failed with EACCES
2201 http fetch GET https://registry.npmjs.org/string.prototype.includes/-/string.prototype.includes-2.0.0.tgz attempt 3 failed with EACCES
2202 http fetch GET https://registry.npmjs.org/string-width/-/string-width-5.1.2.tgz attempt 3 failed with EACCES
2203 http fetch GET https://registry.npmjs.org/string-width/-/string-width-4.2.3.tgz attempt 3 failed with EACCES
2204 http fetch GET https://registry.npmjs.org/streamsearch/-/streamsearch-1.1.0.tgz attempt 3 failed with EACCES
2205 http fetch GET https://registry.npmjs.org/stop-iteration-iterator/-/stop-iteration-iterator-1.0.0.tgz attempt 3 failed with EACCES
2206 http fetch GET https://registry.npmjs.org/source-map-js/-/source-map-js-1.2.1.tgz attempt 3 failed with EACCES
2207 http fetch GET https://registry.npmjs.org/sonner/-/sonner-1.5.0.tgz attempt 3 failed with EACCES
2208 http fetch GET https://registry.npmjs.org/slash/-/slash-3.0.0.tgz attempt 3 failed with EACCES
2209 http fetch GET https://registry.npmjs.org/signal-exit/-/signal-exit-4.1.0.tgz attempt 3 failed with EACCES
2210 http fetch GET https://registry.npmjs.org/side-channel/-/side-channel-1.0.6.tgz attempt 3 failed with EACCES
2211 http fetch GET https://registry.npmjs.org/shebang-regex/-/shebang-regex-3.0.0.tgz attempt 3 failed with EACCES
2212 http fetch GET https://registry.npmjs.org/shebang-command/-/shebang-command-2.0.0.tgz attempt 3 failed with EACCES
2213 http fetch GET https://registry.npmjs.org/set-function-name/-/set-function-name-2.0.2.tgz attempt 3 failed with EACCES
2214 http fetch GET https://registry.npmjs.org/set-function-length/-/set-function-length-1.2.2.tgz attempt 3 failed with EACCES
2215 http fetch GET https://registry.npmjs.org/semver/-/semver-7.6.3.tgz attempt 3 failed with EACCES
2216 http fetch GET https://registry.npmjs.org/scheduler/-/scheduler-0.23.2.tgz attempt 3 failed with EACCES
2217 http fetch GET https://registry.npmjs.org/safe-regex-test/-/safe-regex-test-1.0.3.tgz attempt 3 failed with EACCES
2218 http fetch GET https://registry.npmjs.org/safe-array-concat/-/safe-array-concat-1.1.2.tgz attempt 3 failed with EACCES
2219 http fetch GET https://registry.npmjs.org/run-parallel/-/run-parallel-1.2.0.tgz attempt 3 failed with EACCES
2220 http fetch GET https://registry.npmjs.org/rimraf/-/rimraf-3.0.2.tgz attempt 3 failed with EACCES
2221 http fetch GET https://registry.npmjs.org/reusify/-/reusify-1.0.4.tgz attempt 3 failed with EACCES
2222 http fetch GET https://registry.npmjs.org/resolve-pkg-maps/-/resolve-pkg-maps-1.0.0.tgz attempt 3 failed with EACCES
2223 http fetch GET https://registry.npmjs.org/resolve-from/-/resolve-from-4.0.0.tgz attempt 3 failed with EACCES
2224 http fetch GET https://registry.npmjs.org/resolve/-/resolve-1.22.8.tgz attempt 3 failed with EACCES
2225 http fetch GET https://registry.npmjs.org/regexp.prototype.flags/-/regexp.prototype.flags-1.5.3.tgz attempt 3 failed with EACCES
2226 http fetch GET https://registry.npmjs.org/regenerator-runtime/-/regenerator-runtime-0.14.1.tgz attempt 3 failed with EACCES
2227 http fetch GET https://registry.npmjs.org/reflect.getprototypeof/-/reflect.getprototypeof-1.0.6.tgz attempt 3 failed with EACCES
2228 http fetch GET https://registry.npmjs.org/recharts-scale/-/recharts-scale-0.4.5.tgz attempt 3 failed with EACCES
2229 http fetch GET https://registry.npmjs.org/recharts/-/recharts-2.12.7.tgz attempt 3 failed with EACCES
2230 http fetch GET https://registry.npmjs.org/readdirp/-/readdirp-3.6.0.tgz attempt 3 failed with EACCES
2231 http fetch GET https://registry.npmjs.org/read-cache/-/read-cache-1.0.0.tgz attempt 3 failed with EACCES
2232 http fetch GET https://registry.npmjs.org/react-transition-group/-/react-transition-group-4.4.5.tgz attempt 3 failed with EACCES
2233 http fetch GET https://registry.npmjs.org/react-style-singleton/-/react-style-singleton-2.2.1.tgz attempt 3 failed with EACCES
2234 http fetch GET https://registry.npmjs.org/react-smooth/-/react-smooth-4.0.1.tgz attempt 3 failed with EACCES
2235 http fetch GET https://registry.npmjs.org/react-remove-scroll-bar/-/react-remove-scroll-bar-2.3.6.tgz attempt 3 failed with EACCES
2236 http fetch GET https://registry.npmjs.org/react-resizable-panels/-/react-resizable-panels-2.1.4.tgz attempt 3 failed with EACCES
2237 http fetch GET https://registry.npmjs.org/react-is/-/react-is-16.13.1.tgz attempt 3 failed with EACCES
2238 http fetch GET https://registry.npmjs.org/react-remove-scroll/-/react-remove-scroll-2.6.0.tgz attempt 3 failed with EACCES
2239 http fetch GET https://registry.npmjs.org/react-hook-form/-/react-hook-form-7.53.0.tgz attempt 3 failed with EACCES
2240 http fetch GET https://registry.npmjs.org/react-day-picker/-/react-day-picker-8.10.1.tgz attempt 3 failed with EACCES
2241 http fetch GET https://registry.npmjs.org/react/-/react-18.2.0.tgz attempt 3 failed with EACCES
2242 http fetch GET https://registry.npmjs.org/queue-microtask/-/queue-microtask-1.2.3.tgz attempt 3 failed with EACCES
2243 http fetch GET https://registry.npmjs.org/react-dom/-/react-dom-18.2.0.tgz attempt 3 failed with EACCES
2244 http fetch GET https://registry.npmjs.org/prelude-ls/-/prelude-ls-1.2.1.tgz attempt 3 failed with EACCES
2245 http fetch GET https://registry.npmjs.org/punycode/-/punycode-2.3.1.tgz attempt 3 failed with EACCES
2246 http fetch GET https://registry.npmjs.org/prop-types/-/prop-types-15.8.1.tgz attempt 3 failed with EACCES
2247 http fetch GET https://registry.npmjs.org/postcss-selector-parser/-/postcss-selector-parser-6.1.2.tgz attempt 3 failed with EACCES
2248 http fetch GET https://registry.npmjs.org/postcss-js/-/postcss-js-4.0.1.tgz attempt 3 failed with EACCES
2249 http fetch GET https://registry.npmjs.org/postcss-nested/-/postcss-nested-6.2.0.tgz attempt 3 failed with EACCES
2250 http fetch GET https://registry.npmjs.org/postcss-value-parser/-/postcss-value-parser-4.2.0.tgz attempt 3 failed with EACCES
2251 http fetch GET https://registry.npmjs.org/postcss-load-config/-/postcss-load-config-4.0.2.tgz attempt 3 failed with EACCES
2252 http fetch GET https://registry.npmjs.org/postcss/-/postcss-8.4.30.tgz attempt 3 failed with EACCES
2253 http fetch GET https://registry.npmjs.org/postcss-import/-/postcss-import-15.1.0.tgz attempt 3 failed with EACCES
2254 http fetch GET https://registry.npmjs.org/pirates/-/pirates-4.0.6.tgz attempt 3 failed with EACCES
2255 http fetch GET https://registry.npmjs.org/pify/-/pify-2.3.0.tgz attempt 3 failed with EACCES
2256 http fetch GET https://registry.npmjs.org/picomatch/-/picomatch-2.3.1.tgz attempt 3 failed with EACCES
2257 http fetch GET https://registry.npmjs.org/picocolors/-/picocolors-1.1.0.tgz attempt 3 failed with EACCES
2258 http fetch GET https://registry.npmjs.org/path-type/-/path-type-4.0.0.tgz attempt 3 failed with EACCES
2259 http fetch GET https://registry.npmjs.org/path-scurry/-/path-scurry-1.11.1.tgz attempt 3 failed with EACCES
2260 http fetch GET https://registry.npmjs.org/path-parse/-/path-parse-1.0.7.tgz attempt 3 failed with EACCES
2261 http fetch GET https://registry.npmjs.org/path-key/-/path-key-3.1.1.tgz attempt 3 failed with EACCES
2262 http fetch GET https://registry.npmjs.org/path-is-absolute/-/path-is-absolute-1.0.1.tgz attempt 3 failed with EACCES
2263 http fetch GET https://registry.npmjs.org/path-exists/-/path-exists-4.0.0.tgz attempt 3 failed with EACCES
2264 http fetch GET https://registry.npmjs.org/possible-typed-array-names/-/possible-typed-array-names-1.0.0.tgz attempt 3 failed with EACCES
2265 http fetch GET https://registry.npmjs.org/package-json-from-dist/-/package-json-from-dist-1.0.1.tgz attempt 3 failed with EACCES
2266 http fetch GET https://registry.npmjs.org/p-limit/-/p-limit-3.1.0.tgz attempt 3 failed with EACCES
2267 http fetch GET https://registry.npmjs.org/p-locate/-/p-locate-5.0.0.tgz attempt 3 failed with EACCES
2268 http fetch GET https://registry.npmjs.org/optionator/-/optionator-0.9.4.tgz attempt 3 failed with EACCES
2269 http fetch GET https://registry.npmjs.org/once/-/once-1.4.0.tgz attempt 3 failed with EACCES
2270 http fetch GET https://registry.npmjs.org/object.values/-/object.values-1.2.0.tgz attempt 3 failed with EACCES
2271 http fetch GET https://registry.npmjs.org/object.groupby/-/object.groupby-1.0.3.tgz attempt 3 failed with EACCES
2272 http fetch GET https://registry.npmjs.org/object.fromentries/-/object.fromentries-2.0.8.tgz attempt 3 failed with EACCES
2273 http fetch GET https://registry.npmjs.org/object.entries/-/object.entries-1.1.8.tgz attempt 3 failed with EACCES
2274 http fetch GET https://registry.npmjs.org/object.assign/-/object.assign-4.1.5.tgz attempt 3 failed with EACCES
2275 http fetch GET https://registry.npmjs.org/object-keys/-/object-keys-1.1.1.tgz attempt 3 failed with EACCES
2276 http fetch GET https://registry.npmjs.org/object-is/-/object-is-1.1.6.tgz attempt 3 failed with EACCES
2277 http fetch GET https://registry.npmjs.org/object-inspect/-/object-inspect-1.13.2.tgz attempt 3 failed with EACCES
2278 http fetch GET https://registry.npmjs.org/object-hash/-/object-hash-3.0.0.tgz attempt 3 failed with EACCES
2279 http fetch GET https://registry.npmjs.org/object-assign/-/object-assign-4.1.1.tgz attempt 3 failed with EACCES
2280 http fetch GET https://registry.npmjs.org/normalize-range/-/normalize-range-0.1.2.tgz attempt 3 failed with EACCES
2281 http fetch GET https://registry.npmjs.org/normalize-path/-/normalize-path-3.0.0.tgz attempt 3 failed with EACCES
2282 http fetch GET https://registry.npmjs.org/node-releases/-/node-releases-2.0.18.tgz attempt 3 failed with EACCES
2283 http fetch GET https://registry.npmjs.org/next-themes/-/next-themes-0.3.0.tgz attempt 3 failed with EACCES
2284 http fetch GET https://registry.npmjs.org/next/-/next-13.5.1.tgz attempt 3 failed with EACCES
2285 http fetch GET https://registry.npmjs.org/natural-compare/-/natural-compare-1.4.0.tgz attempt 3 failed with EACCES
2286 http fetch GET https://registry.npmjs.org/nanoid/-/nanoid-3.3.7.tgz attempt 3 failed with EACCES
2287 http fetch GET https://registry.npmjs.org/mz/-/mz-2.7.0.tgz attempt 3 failed with EACCES
2288 http fetch GET https://registry.npmjs.org/ms/-/ms-2.1.3.tgz attempt 3 failed with EACCES
2289 http fetch GET https://registry.npmjs.org/minipass/-/minipass-7.1.2.tgz attempt 3 failed with EACCES
2290 http fetch GET https://registry.npmjs.org/minimist/-/minimist-1.2.8.tgz attempt 3 failed with EACCES
2291 http fetch GET https://registry.npmjs.org/minimatch/-/minimatch-3.1.2.tgz attempt 3 failed with EACCES
2292 http fetch GET https://registry.npmjs.org/micromatch/-/micromatch-4.0.8.tgz attempt 3 failed with EACCES
2293 http fetch GET https://registry.npmjs.org/merge2/-/merge2-1.4.1.tgz attempt 3 failed with EACCES
2294 http fetch GET https://registry.npmjs.org/lucide-react/-/lucide-react-0.446.0.tgz attempt 3 failed with EACCES
2295 http fetch GET https://registry.npmjs.org/lru-cache/-/lru-cache-10.4.3.tgz attempt 3 failed with EACCES
2296 http fetch GET https://registry.npmjs.org/loose-envify/-/loose-envify-1.4.0.tgz attempt 3 failed with EACCES
2297 http fetch GET https://registry.npmjs.org/lodash.merge/-/lodash.merge-4.6.2.tgz attempt 3 failed with EACCES
2298 http fetch GET https://registry.npmjs.org/lodash/-/lodash-4.17.21.tgz attempt 3 failed with EACCES
2299 http fetch GET https://registry.npmjs.org/locate-path/-/locate-path-6.0.0.tgz attempt 3 failed with EACCES
2300 http fetch GET https://registry.npmjs.org/lines-and-columns/-/lines-and-columns-1.2.4.tgz attempt 3 failed with EACCES
2301 http fetch GET https://registry.npmjs.org/lilconfig/-/lilconfig-2.1.0.tgz attempt 3 failed with EACCES
2302 http fetch GET https://registry.npmjs.org/levn/-/levn-0.4.1.tgz attempt 3 failed with EACCES
2303 http fetch GET https://registry.npmjs.org/language-tags/-/language-tags-1.0.9.tgz attempt 3 failed with EACCES
2304 http fetch GET https://registry.npmjs.org/language-subtag-registry/-/language-subtag-registry-0.3.23.tgz attempt 3 failed with EACCES
2305 http fetch GET https://registry.npmjs.org/keyv/-/keyv-4.5.4.tgz attempt 3 failed with EACCES
2306 http fetch GET https://registry.npmjs.org/jsx-ast-utils/-/jsx-ast-utils-3.3.5.tgz attempt 3 failed with EACCES
2307 http fetch GET https://registry.npmjs.org/json5/-/json5-1.0.2.tgz attempt 3 failed with EACCES
2308 http fetch GET https://registry.npmjs.org/json-stable-stringify-without-jsonify/-/json-stable-stringify-without-jsonify-1.0.1.tgz attempt 3 failed with EACCES
2309 http fetch GET https://registry.npmjs.org/json-schema-traverse/-/json-schema-traverse-0.4.1.tgz attempt 3 failed with EACCES
2310 http fetch GET https://registry.npmjs.org/json-buffer/-/json-buffer-3.0.1.tgz attempt 3 failed with EACCES
2311 http fetch GET https://registry.npmjs.org/js-yaml/-/js-yaml-4.1.0.tgz attempt 3 failed with EACCES
2312 http fetch GET https://registry.npmjs.org/js-tokens/-/js-tokens-4.0.0.tgz attempt 3 failed with EACCES
2313 http fetch GET https://registry.npmjs.org/jiti/-/jiti-1.21.6.tgz attempt 3 failed with EACCES
2314 http fetch GET https://registry.npmjs.org/jackspeak/-/jackspeak-3.4.3.tgz attempt 3 failed with EACCES
2315 http fetch GET https://registry.npmjs.org/iterator.prototype/-/iterator.prototype-1.1.3.tgz attempt 3 failed with EACCES
2316 http fetch GET https://registry.npmjs.org/isexe/-/isexe-2.0.0.tgz attempt 3 failed with EACCES
2317 http fetch GET https://registry.npmjs.org/isarray/-/isarray-2.0.5.tgz attempt 3 failed with EACCES
2318 http fetch GET https://registry.npmjs.org/is-weakset/-/is-weakset-2.0.3.tgz attempt 3 failed with EACCES
2319 http fetch GET https://registry.npmjs.org/is-weakref/-/is-weakref-1.0.2.tgz attempt 3 failed with EACCES
2320 http fetch GET https://registry.npmjs.org/is-weakmap/-/is-weakmap-2.0.2.tgz attempt 3 failed with EACCES
2321 http fetch GET https://registry.npmjs.org/is-typed-array/-/is-typed-array-1.1.13.tgz attempt 3 failed with EACCES
2322 http fetch GET https://registry.npmjs.org/is-symbol/-/is-symbol-1.0.4.tgz attempt 3 failed with EACCES
2323 http fetch GET https://registry.npmjs.org/is-string/-/is-string-1.0.7.tgz attempt 3 failed with EACCES
2324 http fetch GET https://registry.npmjs.org/is-shared-array-buffer/-/is-shared-array-buffer-1.0.3.tgz attempt 3 failed with EACCES
2325 http fetch GET https://registry.npmjs.org/is-set/-/is-set-2.0.3.tgz attempt 3 failed with EACCES
2326 http fetch GET https://registry.npmjs.org/is-regex/-/is-regex-1.1.4.tgz attempt 3 failed with EACCES
2327 http fetch GET https://registry.npmjs.org/is-path-inside/-/is-path-inside-3.0.3.tgz attempt 3 failed with EACCES
2328 http fetch GET https://registry.npmjs.org/is-number-object/-/is-number-object-1.0.7.tgz attempt 3 failed with EACCES
2329 http fetch GET https://registry.npmjs.org/is-number/-/is-number-7.0.0.tgz attempt 3 failed with EACCES
2330 http fetch GET https://registry.npmjs.org/is-negative-zero/-/is-negative-zero-2.0.3.tgz attempt 3 failed with EACCES
2331 http fetch GET https://registry.npmjs.org/is-map/-/is-map-2.0.3.tgz attempt 3 failed with EACCES
2332 http fetch GET https://registry.npmjs.org/is-glob/-/is-glob-4.0.3.tgz attempt 3 failed with EACCES
2333 http fetch GET https://registry.npmjs.org/is-generator-function/-/is-generator-function-1.0.10.tgz attempt 3 failed with EACCES
2334 http fetch GET https://registry.npmjs.org/is-fullwidth-code-point/-/is-fullwidth-code-point-3.0.0.tgz attempt 3 failed with EACCES
2335 http fetch GET https://registry.npmjs.org/is-finalizationregistry/-/is-finalizationregistry-1.0.2.tgz attempt 3 failed with EACCES
2336 http fetch GET https://registry.npmjs.org/is-extglob/-/is-extglob-2.1.1.tgz attempt 3 failed with EACCES
2337 http fetch GET https://registry.npmjs.org/is-date-object/-/is-date-object-1.0.5.tgz attempt 3 failed with EACCES
2338 http fetch GET https://registry.npmjs.org/is-data-view/-/is-data-view-1.0.1.tgz attempt 3 failed with EACCES
2339 http fetch GET https://registry.npmjs.org/is-core-module/-/is-core-module-2.15.1.tgz attempt 3 failed with EACCES
2340 http fetch GET https://registry.npmjs.org/is-callable/-/is-callable-1.2.7.tgz attempt 3 failed with EACCES
2341 http fetch GET https://registry.npmjs.org/is-bun-module/-/is-bun-module-1.2.1.tgz attempt 3 failed with EACCES
2342 http fetch GET https://registry.npmjs.org/is-boolean-object/-/is-boolean-object-1.1.2.tgz attempt 3 failed with EACCES
2343 http fetch GET https://registry.npmjs.org/is-binary-path/-/is-binary-path-2.1.0.tgz attempt 3 failed with EACCES
2344 http fetch GET https://registry.npmjs.org/is-bigint/-/is-bigint-1.0.4.tgz attempt 3 failed with EACCES
2345 http fetch GET https://registry.npmjs.org/is-async-function/-/is-async-function-2.0.0.tgz attempt 3 failed with EACCES
2346 http fetch GET https://registry.npmjs.org/is-array-buffer/-/is-array-buffer-3.0.4.tgz attempt 3 failed with EACCES
2347 http fetch GET https://registry.npmjs.org/is-arguments/-/is-arguments-1.1.1.tgz attempt 3 failed with EACCES
2348 http fetch GET https://registry.npmjs.org/invariant/-/invariant-2.2.4.tgz attempt 3 failed with EACCES
2349 http fetch GET https://registry.npmjs.org/internmap/-/internmap-2.0.3.tgz attempt 3 failed with EACCES
2350 http fetch GET https://registry.npmjs.org/internal-slot/-/internal-slot-1.0.7.tgz attempt 3 failed with EACCES
2351 http fetch GET https://registry.npmjs.org/input-otp/-/input-otp-1.2.4.tgz attempt 3 failed with EACCES
2352 http fetch GET https://registry.npmjs.org/inherits/-/inherits-2.0.4.tgz attempt 3 failed with EACCES
2353 http fetch GET https://registry.npmjs.org/inflight/-/inflight-1.0.6.tgz attempt 3 failed with EACCES
2354 http fetch GET https://registry.npmjs.org/imurmurhash/-/imurmurhash-0.1.4.tgz attempt 3 failed with EACCES
2355 http fetch GET https://registry.npmjs.org/import-fresh/-/import-fresh-3.3.0.tgz attempt 3 failed with EACCES
2356 http fetch GET https://registry.npmjs.org/ignore/-/ignore-5.3.2.tgz attempt 3 failed with EACCES
2357 http fetch GET https://registry.npmjs.org/hasown/-/hasown-2.0.2.tgz attempt 3 failed with EACCES
2358 http fetch GET https://registry.npmjs.org/has-tostringtag/-/has-tostringtag-1.0.2.tgz attempt 3 failed with EACCES
2359 http fetch GET https://registry.npmjs.org/has-symbols/-/has-symbols-1.0.3.tgz attempt 3 failed with EACCES
2360 http fetch GET https://registry.npmjs.org/has-proto/-/has-proto-1.0.3.tgz attempt 3 failed with EACCES
2361 http fetch GET https://registry.npmjs.org/has-property-descriptors/-/has-property-descriptors-1.0.2.tgz attempt 3 failed with EACCES
2362 http fetch GET https://registry.npmjs.org/has-flag/-/has-flag-4.0.0.tgz attempt 3 failed with EACCES
2363 http fetch GET https://registry.npmjs.org/has-bigints/-/has-bigints-1.0.2.tgz attempt 3 failed with EACCES
2364 http fetch GET https://registry.npmjs.org/graphemer/-/graphemer-1.4.0.tgz attempt 3 failed with EACCES
2365 http fetch GET https://registry.npmjs.org/graceful-fs/-/graceful-fs-4.2.11.tgz attempt 3 failed with EACCES
2366 http fetch GET https://registry.npmjs.org/gopd/-/gopd-1.0.1.tgz attempt 3 failed with EACCES
2367 http fetch GET https://registry.npmjs.org/globby/-/globby-11.1.0.tgz attempt 3 failed with EACCES
2368 http fetch GET https://registry.npmjs.org/globalthis/-/globalthis-1.0.4.tgz attempt 3 failed with EACCES
2369 http fetch GET https://registry.npmjs.org/globals/-/globals-13.24.0.tgz attempt 3 failed with EACCES
2370 http fetch GET https://registry.npmjs.org/glob-to-regexp/-/glob-to-regexp-0.4.1.tgz attempt 3 failed with EACCES
2371 http fetch GET https://registry.npmjs.org/glob-parent/-/glob-parent-6.0.2.tgz attempt 3 failed with EACCES
2372 http fetch GET https://registry.npmjs.org/get-tsconfig/-/get-tsconfig-4.8.1.tgz attempt 3 failed with EACCES
2373 http fetch GET https://registry.npmjs.org/glob/-/glob-7.1.7.tgz attempt 3 failed with EACCES
2374 http fetch GET https://registry.npmjs.org/get-symbol-description/-/get-symbol-description-1.0.2.tgz attempt 3 failed with EACCES
2375 http fetch GET https://registry.npmjs.org/get-nonce/-/get-nonce-1.0.1.tgz attempt 3 failed with EACCES
2376 http fetch GET https://registry.npmjs.org/get-intrinsic/-/get-intrinsic-1.2.4.tgz attempt 3 failed with EACCES
2377 http fetch GET https://registry.npmjs.org/functions-have-names/-/functions-have-names-1.2.3.tgz attempt 3 failed with EACCES
2378 http fetch GET https://registry.npmjs.org/parent-module/-/parent-module-1.0.1.tgz attempt 3 failed with EACCES
2379 http fetch GET https://registry.npmjs.org/function.prototype.name/-/function.prototype.name-1.1.6.tgz attempt 3 failed with EACCES
2380 http fetch GET https://registry.npmjs.org/function-bind/-/function-bind-1.1.2.tgz attempt 3 failed with EACCES
2381 http fetch GET https://registry.npmjs.org/fs.realpath/-/fs.realpath-1.0.0.tgz attempt 3 failed with EACCES
2382 http fetch GET https://registry.npmjs.org/fraction.js/-/fraction.js-4.3.7.tgz attempt 3 failed with EACCES
2383 http fetch GET https://registry.npmjs.org/foreground-child/-/foreground-child-3.3.0.tgz attempt 3 failed with EACCES
2384 http fetch GET https://registry.npmjs.org/for-each/-/for-each-0.3.3.tgz attempt 3 failed with EACCES
2385 http fetch GET https://registry.npmjs.org/flatted/-/flatted-3.3.1.tgz attempt 3 failed with EACCES
2386 http fetch GET https://registry.npmjs.org/flat-cache/-/flat-cache-3.2.0.tgz attempt 3 failed with EACCES
2387 http fetch GET https://registry.npmjs.org/find-up/-/find-up-5.0.0.tgz attempt 3 failed with EACCES
2388 http fetch GET https://registry.npmjs.org/fill-range/-/fill-range-7.1.1.tgz attempt 3 failed with EACCES
2389 http fetch GET https://registry.npmjs.org/fastq/-/fastq-1.17.1.tgz attempt 3 failed with EACCES
2390 http fetch GET https://registry.npmjs.org/file-entry-cache/-/file-entry-cache-6.0.1.tgz attempt 3 failed with EACCES
2391 http fetch GET https://registry.npmjs.org/fast-levenshtein/-/fast-levenshtein-2.0.6.tgz attempt 3 failed with EACCES
2392 http fetch GET https://registry.npmjs.org/fast-json-stable-stringify/-/fast-json-stable-stringify-2.1.0.tgz attempt 3 failed with EACCES
2393 http fetch GET https://registry.npmjs.org/fast-glob/-/fast-glob-3.3.2.tgz attempt 3 failed with EACCES
2394 http fetch GET https://registry.npmjs.org/fast-equals/-/fast-equals-5.0.1.tgz attempt 3 failed with EACCES
2395 http fetch GET https://registry.npmjs.org/fast-deep-equal/-/fast-deep-equal-3.1.3.tgz attempt 3 failed with EACCES
2396 http fetch GET https://registry.npmjs.org/eventemitter3/-/eventemitter3-4.0.7.tgz attempt 3 failed with EACCES
2397 http fetch GET https://registry.npmjs.org/esutils/-/esutils-2.0.3.tgz attempt 3 failed with EACCES
2398 http fetch GET https://registry.npmjs.org/estraverse/-/estraverse-5.3.0.tgz attempt 3 failed with EACCES
2399 http fetch GET https://registry.npmjs.org/esrecurse/-/esrecurse-4.3.0.tgz attempt 3 failed with EACCES
2400 http fetch GET https://registry.npmjs.org/esquery/-/esquery-1.6.0.tgz attempt 3 failed with EACCES
2401 http fetch GET https://registry.npmjs.org/espree/-/espree-9.6.1.tgz attempt 3 failed with EACCES
2402 http fetch GET https://registry.npmjs.org/eslint-visitor-keys/-/eslint-visitor-keys-3.4.3.tgz attempt 3 failed with EACCES
2403 http fetch GET https://registry.npmjs.org/eslint-scope/-/eslint-scope-7.2.2.tgz attempt 3 failed with EACCES
2404 http fetch GET https://registry.npmjs.org/eslint-plugin-react-hooks/-/eslint-plugin-react-hooks-4.6.2.tgz attempt 3 failed with EACCES
2405 http fetch GET https://registry.npmjs.org/eslint-plugin-react/-/eslint-plugin-react-7.37.1.tgz attempt 3 failed with EACCES
2406 http fetch GET https://registry.npmjs.org/eslint-plugin-jsx-a11y/-/eslint-plugin-jsx-a11y-6.10.0.tgz attempt 3 failed with EACCES
2407 http fetch GET https://registry.npmjs.org/eslint-plugin-import/-/eslint-plugin-import-2.31.0.tgz attempt 3 failed with EACCES
2408 http fetch GET https://registry.npmjs.org/eslint-module-utils/-/eslint-module-utils-2.12.0.tgz attempt 3 failed with EACCES
2409 http fetch GET https://registry.npmjs.org/eslint-import-resolver-node/-/eslint-import-resolver-node-0.3.9.tgz attempt 3 failed with EACCES
2410 http fetch GET https://registry.npmjs.org/eslint-config-next/-/eslint-config-next-13.5.1.tgz attempt 3 failed with EACCES
2411 http fetch GET https://registry.npmjs.org/eslint/-/eslint-8.49.0.tgz attempt 3 failed with EACCES
2412 http fetch GET https://registry.npmjs.org/escape-string-regexp/-/escape-string-regexp-4.0.0.tgz attempt 3 failed with EACCES
2413 http fetch GET https://registry.npmjs.org/escalade/-/escalade-3.2.0.tgz attempt 3 failed with EACCES
2414 http fetch GET https://registry.npmjs.org/es-to-primitive/-/es-to-primitive-1.2.1.tgz attempt 3 failed with EACCES
2415 http fetch GET https://registry.npmjs.org/es-shim-unscopables/-/es-shim-unscopables-1.0.2.tgz attempt 3 failed with EACCES
2416 http fetch GET https://registry.npmjs.org/es-set-tostringtag/-/es-set-tostringtag-2.0.3.tgz attempt 3 failed with EACCES
2417 http fetch GET https://registry.npmjs.org/es-object-atoms/-/es-object-atoms-1.0.0.tgz attempt 3 failed with EACCES
2418 http fetch GET https://registry.npmjs.org/es-iterator-helpers/-/es-iterator-helpers-1.1.0.tgz attempt 3 failed with EACCES
2419 http fetch GET https://registry.npmjs.org/es-get-iterator/-/es-get-iterator-1.1.3.tgz attempt 3 failed with EACCES
2420 http fetch GET https://registry.npmjs.org/es-errors/-/es-errors-1.3.0.tgz attempt 3 failed with EACCES
2421 http fetch GET https://registry.npmjs.org/es-define-property/-/es-define-property-1.0.0.tgz attempt 3 failed with EACCES
2422 http fetch GET https://registry.npmjs.org/es-abstract/-/es-abstract-1.23.3.tgz attempt 3 failed with EACCES
2423 http fetch GET https://registry.npmjs.org/enhanced-resolve/-/enhanced-resolve-5.17.1.tgz attempt 3 failed with EACCES
2424 http fetch GET https://registry.npmjs.org/emoji-regex/-/emoji-regex-9.2.2.tgz attempt 3 failed with EACCES
2425 http fetch GET https://registry.npmjs.org/embla-carousel-reactive-utils/-/embla-carousel-reactive-utils-8.3.0.tgz attempt 3 failed with EACCES
2426 http fetch GET https://registry.npmjs.org/embla-carousel-react/-/embla-carousel-react-8.3.0.tgz attempt 3 failed with EACCES
2427 http fetch GET https://registry.npmjs.org/embla-carousel/-/embla-carousel-8.3.0.tgz attempt 3 failed with EACCES
2428 http fetch GET https://registry.npmjs.org/electron-to-chromium/-/electron-to-chromium-1.5.34.tgz attempt 3 failed with EACCES
2429 http fetch GET https://registry.npmjs.org/eastasianwidth/-/eastasianwidth-0.2.0.tgz attempt 3 failed with EACCES
2430 http fetch GET https://registry.npmjs.org/dom-helpers/-/dom-helpers-5.2.1.tgz attempt 3 failed with EACCES
2431 http fetch GET https://registry.npmjs.org/doctrine/-/doctrine-3.0.0.tgz attempt 3 failed with EACCES
2432 http fetch GET https://registry.npmjs.org/dir-glob/-/dir-glob-3.0.1.tgz attempt 3 failed with EACCES
2433 http fetch GET https://registry.npmjs.org/dlv/-/dlv-1.1.3.tgz attempt 3 failed with EACCES
2434 http fetch GET https://registry.npmjs.org/didyoumean/-/didyoumean-1.2.2.tgz attempt 3 failed with EACCES
2435 http fetch GET https://registry.npmjs.org/detect-node-es/-/detect-node-es-1.1.0.tgz attempt 3 failed with EACCES
2436 http fetch GET https://registry.npmjs.org/define-properties/-/define-properties-1.2.1.tgz attempt 3 failed with EACCES
2437 http fetch GET https://registry.npmjs.org/define-data-property/-/define-data-property-1.1.4.tgz attempt 3 failed with EACCES
2438 http fetch GET https://registry.npmjs.org/decimal.js-light/-/decimal.js-light-2.5.1.tgz attempt 3 failed with EACCES
2439 http fetch GET https://registry.npmjs.org/deep-is/-/deep-is-0.1.4.tgz attempt 3 failed with EACCES
2440 http fetch GET https://registry.npmjs.org/debug/-/debug-4.3.7.tgz attempt 3 failed with EACCES
2441 http fetch GET https://registry.npmjs.org/date-fns/-/date-fns-3.6.0.tgz attempt 3 failed with EACCES
2442 http fetch GET https://registry.npmjs.org/data-view-byte-offset/-/data-view-byte-offset-1.0.0.tgz attempt 3 failed with EACCES
2443 http fetch GET https://registry.npmjs.org/data-view-byte-length/-/data-view-byte-length-1.0.1.tgz attempt 3 failed with EACCES
2444 http fetch GET https://registry.npmjs.org/data-view-buffer/-/data-view-buffer-1.0.1.tgz attempt 3 failed with EACCES
2445 http fetch GET https://registry.npmjs.org/damerau-levenshtein/-/damerau-levenshtein-1.0.8.tgz attempt 3 failed with EACCES
2446 http fetch GET https://registry.npmjs.org/d3-timer/-/d3-timer-3.0.1.tgz attempt 3 failed with EACCES
2447 http fetch GET https://registry.npmjs.org/d3-time/-/d3-time-3.1.0.tgz attempt 3 failed with EACCES
2448 http fetch GET https://registry.npmjs.org/d3-time-format/-/d3-time-format-4.1.0.tgz attempt 3 failed with EACCES
2449 http fetch GET https://registry.npmjs.org/d3-shape/-/d3-shape-3.2.0.tgz attempt 3 failed with EACCES
2450 http fetch GET https://registry.npmjs.org/d3-scale/-/d3-scale-4.0.2.tgz attempt 3 failed with EACCES
2451 http fetch GET https://registry.npmjs.org/d3-path/-/d3-path-3.1.0.tgz attempt 3 failed with EACCES
2452 http fetch GET https://registry.npmjs.org/d3-interpolate/-/d3-interpolate-3.0.1.tgz attempt 3 failed with EACCES
2453 http fetch GET https://registry.npmjs.org/d3-format/-/d3-format-3.1.0.tgz attempt 3 failed with EACCES
2454 http fetch GET https://registry.npmjs.org/d3-ease/-/d3-ease-3.0.1.tgz attempt 3 failed with EACCES
2455 http fetch GET https://registry.npmjs.org/d3-color/-/d3-color-3.1.0.tgz attempt 3 failed with EACCES
2456 http fetch GET https://registry.npmjs.org/d3-array/-/d3-array-3.2.4.tgz attempt 3 failed with EACCES
2457 http fetch GET https://registry.npmjs.org/csstype/-/csstype-3.1.3.tgz attempt 3 failed with EACCES
2458 http fetch GET https://registry.npmjs.org/cssesc/-/cssesc-3.0.0.tgz attempt 3 failed with EACCES
2459 http fetch GET https://registry.npmjs.org/concat-map/-/concat-map-0.0.1.tgz attempt 3 failed with EACCES
2460 http fetch GET https://registry.npmjs.org/cross-spawn/-/cross-spawn-7.0.3.tgz attempt 3 failed with EACCES
2461 http fetch GET https://registry.npmjs.org/deep-equal/-/deep-equal-2.2.3.tgz attempt 3 failed with EACCES
2462 http fetch GET https://registry.npmjs.org/commander/-/commander-4.1.1.tgz attempt 3 failed with EACCES
2463 http fetch GET https://registry.npmjs.org/color-name/-/color-name-1.1.4.tgz attempt 3 failed with EACCES
2464 http fetch GET https://registry.npmjs.org/color-convert/-/color-convert-2.0.1.tgz attempt 3 failed with EACCES
2465 http fetch GET https://registry.npmjs.org/clsx/-/clsx-2.1.1.tgz attempt 3 failed with EACCES
2466 http fetch GET https://registry.npmjs.org/client-only/-/client-only-0.0.1.tgz attempt 3 failed with EACCES
2467 http fetch GET https://registry.npmjs.org/class-variance-authority/-/class-variance-authority-0.7.0.tgz attempt 3 failed with EACCES
2468 http fetch GET https://registry.npmjs.org/caniuse-lite/-/caniuse-lite-1.0.30001667.tgz attempt 3 failed with EACCES
2469 http fetch GET https://registry.npmjs.org/chokidar/-/chokidar-3.6.0.tgz attempt 3 failed with EACCES
2470 http fetch GET https://registry.npmjs.org/chalk/-/chalk-4.1.2.tgz attempt 3 failed with EACCES
2471 http fetch GET https://registry.npmjs.org/camelcase-css/-/camelcase-css-2.0.1.tgz attempt 3 failed with EACCES
2472 http fetch GET https://registry.npmjs.org/call-bind/-/call-bind-1.0.7.tgz attempt 3 failed with EACCES
2473 http fetch GET https://registry.npmjs.org/callsites/-/callsites-3.1.0.tgz attempt 3 failed with EACCES
2474 http fetch GET https://registry.npmjs.org/busboy/-/busboy-1.6.0.tgz attempt 3 failed with EACCES
2475 http fetch GET https://registry.npmjs.org/browserslist/-/browserslist-4.24.0.tgz attempt 3 failed with EACCES
2476 http fetch GET https://registry.npmjs.org/brace-expansion/-/brace-expansion-1.1.11.tgz attempt 3 failed with EACCES
2477 http fetch GET https://registry.npmjs.org/braces/-/braces-3.0.3.tgz attempt 3 failed with EACCES
2478 http fetch GET https://registry.npmjs.org/balanced-match/-/balanced-match-1.0.2.tgz attempt 3 failed with EACCES
2479 http fetch GET https://registry.npmjs.org/axobject-query/-/axobject-query-4.1.0.tgz attempt 3 failed with EACCES
2480 http fetch GET https://registry.npmjs.org/binary-extensions/-/binary-extensions-2.3.0.tgz attempt 3 failed with EACCES
2481 http fetch GET https://registry.npmjs.org/axe-core/-/axe-core-4.10.0.tgz attempt 3 failed with EACCES
2482 http fetch GET https://registry.npmjs.org/available-typed-arrays/-/available-typed-arrays-1.0.7.tgz attempt 3 failed with EACCES
2483 http fetch GET https://registry.npmjs.org/autoprefixer/-/autoprefixer-10.4.15.tgz attempt 3 failed with EACCES
2484 http fetch GET https://registry.npmjs.org/arraybuffer.prototype.slice/-/arraybuffer.prototype.slice-1.0.3.tgz attempt 3 failed with EACCES
2485 http fetch GET https://registry.npmjs.org/ast-types-flow/-/ast-types-flow-0.0.8.tgz attempt 3 failed with EACCES
2486 http fetch GET https://registry.npmjs.org/array.prototype.tosorted/-/array.prototype.tosorted-1.1.4.tgz attempt 3 failed with EACCES
2487 http fetch GET https://registry.npmjs.org/array.prototype.flatmap/-/array.prototype.flatmap-1.3.2.tgz attempt 3 failed with EACCES
2488 http fetch GET https://registry.npmjs.org/array.prototype.flat/-/array.prototype.flat-1.3.2.tgz attempt 3 failed with EACCES
2489 http fetch GET https://registry.npmjs.org/array.prototype.findlastindex/-/array.prototype.findlastindex-1.2.5.tgz attempt 3 failed with EACCES
2490 http fetch GET https://registry.npmjs.org/array.prototype.findlast/-/array.prototype.findlast-1.2.5.tgz attempt 3 failed with EACCES
2491 http fetch GET https://registry.npmjs.org/array-union/-/array-union-2.1.0.tgz attempt 3 failed with EACCES
2492 http fetch GET https://registry.npmjs.org/array-includes/-/array-includes-3.1.8.tgz attempt 3 failed with EACCES
2493 http fetch GET https://registry.npmjs.org/array-buffer-byte-length/-/array-buffer-byte-length-1.0.1.tgz attempt 3 failed with EACCES
2494 http fetch GET https://registry.npmjs.org/aria-query/-/aria-query-5.1.3.tgz attempt 3 failed with EACCES
2495 http fetch GET https://registry.npmjs.org/aria-hidden/-/aria-hidden-1.2.4.tgz attempt 3 failed with EACCES
2496 http fetch GET https://registry.npmjs.org/argparse/-/argparse-2.0.1.tgz attempt 3 failed with EACCES
2497 http fetch GET https://registry.npmjs.org/arg/-/arg-5.0.2.tgz attempt 3 failed with EACCES
2498 http fetch GET https://registry.npmjs.org/cmdk/-/cmdk-1.0.0.tgz attempt 3 failed with EACCES
2499 http fetch GET https://registry.npmjs.org/anymatch/-/anymatch-3.1.3.tgz attempt 3 failed with EACCES
2500 http fetch GET https://registry.npmjs.org/any-promise/-/any-promise-1.3.0.tgz attempt 3 failed with EACCES
2501 http fetch GET https://registry.npmjs.org/ansi-styles/-/ansi-styles-4.3.0.tgz attempt 3 failed with EACCES
2502 http fetch GET https://registry.npmjs.org/acorn-jsx/-/acorn-jsx-5.3.2.tgz attempt 3 failed with EACCES
2503 http fetch GET https://registry.npmjs.org/ansi-regex/-/ansi-regex-5.0.1.tgz attempt 3 failed with EACCES
2504 http fetch GET https://registry.npmjs.org/acorn/-/acorn-8.12.1.tgz attempt 3 failed with EACCES
2505 http fetch GET https://registry.npmjs.org/@typescript-eslint/visitor-keys/-/visitor-keys-6.21.0.tgz attempt 3 failed with EACCES
2506 http fetch GET https://registry.npmjs.org/ajv/-/ajv-6.12.6.tgz attempt 3 failed with EACCES
2507 http fetch GET https://registry.npmjs.org/@typescript-eslint/typescript-estree/-/typescript-estree-6.21.0.tgz attempt 3 failed with EACCES
2508 http fetch GET https://registry.npmjs.org/@typescript-eslint/types/-/types-6.21.0.tgz attempt 3 failed with EACCES
2509 http fetch GET https://registry.npmjs.org/@types/ws/-/ws-8.18.1.tgz attempt 3 failed with EACCES
2510 http fetch GET https://registry.npmjs.org/@typescript-eslint/scope-manager/-/scope-manager-6.21.0.tgz attempt 3 failed with EACCES
2511 http fetch GET https://registry.npmjs.org/@typescript-eslint/parser/-/parser-6.21.0.tgz attempt 3 failed with EACCES
2512 http fetch GET https://registry.npmjs.org/@types/scheduler/-/scheduler-0.23.0.tgz attempt 3 failed with EACCES
2513 http fetch GET https://registry.npmjs.org/@types/prop-types/-/prop-types-15.7.13.tgz attempt 3 failed with EACCES
2514 http fetch GET https://registry.npmjs.org/@types/react/-/react-18.2.22.tgz attempt 3 failed with EACCES
2515 http fetch GET https://registry.npmjs.org/@types/react-dom/-/react-dom-18.2.7.tgz attempt 3 failed with EACCES
2516 http fetch GET https://registry.npmjs.org/@types/phoenix/-/phoenix-1.6.6.tgz attempt 3 failed with EACCES
2517 http fetch GET https://registry.npmjs.org/@types/node/-/node-20.6.2.tgz attempt 3 failed with EACCES
2518 http fetch GET https://registry.npmjs.org/@types/d3-timer/-/d3-timer-3.0.2.tgz attempt 3 failed with EACCES
2519 http fetch GET https://registry.npmjs.org/@types/json5/-/json5-0.0.29.tgz attempt 3 failed with EACCES
2520 http fetch GET https://registry.npmjs.org/@types/d3-time/-/d3-time-3.0.3.tgz attempt 3 failed with EACCES
2521 http fetch GET https://registry.npmjs.org/@types/d3-shape/-/d3-shape-3.1.6.tgz attempt 3 failed with EACCES
2522 http fetch GET https://registry.npmjs.org/@types/d3-scale/-/d3-scale-4.0.8.tgz attempt 3 failed with EACCES
2523 http fetch GET https://registry.npmjs.org/@types/d3-interpolate/-/d3-interpolate-3.0.4.tgz attempt 3 failed with EACCES
2524 http fetch GET https://registry.npmjs.org/@types/d3-ease/-/d3-ease-3.0.2.tgz attempt 3 failed with EACCES
2525 http fetch GET https://registry.npmjs.org/@types/d3-color/-/d3-color-3.1.3.tgz attempt 3 failed with EACCES
2526 http fetch GET https://registry.npmjs.org/@types/d3-array/-/d3-array-3.2.1.tgz attempt 3 failed with EACCES
2527 http fetch GET https://registry.npmjs.org/@swc/helpers/-/helpers-0.5.2.tgz attempt 3 failed with EACCES
2528 http fetch GET https://registry.npmjs.org/@supabase/supabase-js/-/supabase-js-2.58.0.tgz attempt 3 failed with EACCES
2529 http fetch GET https://registry.npmjs.org/@supabase/storage-js/-/storage-js-2.12.2.tgz attempt 3 failed with EACCES
2530 http fetch GET https://registry.npmjs.org/@supabase/postgrest-js/-/postgrest-js-1.21.4.tgz attempt 3 failed with EACCES
2531 http fetch GET https://registry.npmjs.org/@supabase/realtime-js/-/realtime-js-2.15.5.tgz attempt 3 failed with EACCES
2532 http fetch GET https://registry.npmjs.org/@supabase/node-fetch/-/node-fetch-2.6.15.tgz attempt 3 failed with EACCES
2533 http fetch GET https://registry.npmjs.org/@supabase/functions-js/-/functions-js-2.5.0.tgz attempt 3 failed with EACCES
2534 http fetch GET https://registry.npmjs.org/@supabase/auth-js/-/auth-js-2.72.0.tgz attempt 3 failed with EACCES
2535 http fetch GET https://registry.npmjs.org/@rushstack/eslint-patch/-/eslint-patch-1.10.4.tgz attempt 3 failed with EACCES
2536 http fetch GET https://registry.npmjs.org/@rtsao/scc/-/scc-1.1.0.tgz attempt 3 failed with EACCES
2537 http fetch GET https://registry.npmjs.org/@radix-ui/rect/-/rect-1.1.0.tgz attempt 3 failed with EACCES
2538 http fetch GET https://registry.npmjs.org/@radix-ui/react-visually-hidden/-/react-visually-hidden-1.1.0.tgz attempt 3 failed with EACCES
2539 http fetch GET https://registry.npmjs.org/@radix-ui/react-use-size/-/react-use-size-1.1.0.tgz attempt 3 failed with EACCES
2540 http fetch GET https://registry.npmjs.org/@radix-ui/react-use-rect/-/react-use-rect-1.1.0.tgz attempt 3 failed with EACCES
2541 http fetch GET https://registry.npmjs.org/@radix-ui/react-use-previous/-/react-use-previous-1.1.0.tgz attempt 3 failed with EACCES
2542 http fetch GET https://registry.npmjs.org/@radix-ui/react-use-escape-keydown/-/react-use-escape-keydown-1.1.0.tgz attempt 3 failed with EACCES
2543 http fetch GET https://registry.npmjs.org/@radix-ui/react-use-layout-effect/-/react-use-layout-effect-1.1.0.tgz attempt 3 failed with EACCES
2544 http fetch GET https://registry.npmjs.org/@radix-ui/react-use-controllable-state/-/react-use-controllable-state-1.1.0.tgz attempt 3 failed with EACCES
2545 http fetch GET https://registry.npmjs.org/@radix-ui/react-use-callback-ref/-/react-use-callback-ref-1.1.0.tgz attempt 3 failed with EACCES
2546 http fetch GET https://registry.npmjs.org/@radix-ui/react-tooltip/-/react-tooltip-1.1.3.tgz attempt 3 failed with EACCES
2547 http fetch GET https://registry.npmjs.org/@radix-ui/react-toggle-group/-/react-toggle-group-1.1.0.tgz attempt 3 failed with EACCES
2548 http fetch GET https://registry.npmjs.org/@radix-ui/react-toggle/-/react-toggle-1.1.0.tgz attempt 3 failed with EACCES
2549 http fetch GET https://registry.npmjs.org/@radix-ui/react-toast/-/react-toast-1.2.2.tgz attempt 3 failed with EACCES
2550 http fetch GET https://registry.npmjs.org/@radix-ui/react-tabs/-/react-tabs-1.1.1.tgz attempt 3 failed with EACCES
2551 http fetch GET https://registry.npmjs.org/@radix-ui/react-switch/-/react-switch-1.1.1.tgz attempt 3 failed with EACCES
2552 http fetch GET https://registry.npmjs.org/@radix-ui/react-slot/-/react-slot-1.1.0.tgz attempt 3 failed with EACCES
2553 http fetch GET https://registry.npmjs.org/@radix-ui/react-slider/-/react-slider-1.2.1.tgz attempt 3 failed with EACCES
2554 http fetch GET https://registry.npmjs.org/@radix-ui/react-separator/-/react-separator-1.1.0.tgz attempt 3 failed with EACCES
2555 http fetch GET https://registry.npmjs.org/@radix-ui/react-scroll-area/-/react-scroll-area-1.2.0.tgz attempt 3 failed with EACCES
2556 http fetch GET https://registry.npmjs.org/@radix-ui/react-select/-/react-select-2.1.2.tgz attempt 3 failed with EACCES
2557 http fetch GET https://registry.npmjs.org/@radix-ui/react-roving-focus/-/react-roving-focus-1.1.0.tgz attempt 3 failed with EACCES
2558 http fetch GET https://registry.npmjs.org/@radix-ui/react-primitive/-/react-primitive-2.0.0.tgz attempt 3 failed with EACCES
2559 http fetch GET https://registry.npmjs.org/@radix-ui/react-radio-group/-/react-radio-group-1.2.1.tgz attempt 3 failed with EACCES
2560 http fetch GET https://registry.npmjs.org/@radix-ui/react-progress/-/react-progress-1.1.0.tgz attempt 3 failed with EACCES
2561 http fetch GET https://registry.npmjs.org/@radix-ui/react-presence/-/react-presence-1.1.1.tgz attempt 3 failed with EACCES
2562 http fetch GET https://registry.npmjs.org/@radix-ui/react-portal/-/react-portal-1.1.2.tgz attempt 3 failed with EACCES
2563 http fetch GET https://registry.npmjs.org/@radix-ui/react-popover/-/react-popover-1.1.2.tgz attempt 3 failed with EACCES
2564 http fetch GET https://registry.npmjs.org/@radix-ui/react-popper/-/react-popper-1.2.0.tgz attempt 3 failed with EACCES
2565 http fetch GET https://registry.npmjs.org/@radix-ui/react-menubar/-/react-menubar-1.1.2.tgz attempt 3 failed with EACCES
2566 http fetch GET https://registry.npmjs.org/@radix-ui/react-navigation-menu/-/react-navigation-menu-1.2.1.tgz attempt 3 failed with EACCES
2567 http fetch GET https://registry.npmjs.org/@radix-ui/react-menu/-/react-menu-2.1.2.tgz attempt 3 failed with EACCES
2568 http fetch GET https://registry.npmjs.org/@radix-ui/react-id/-/react-id-1.1.0.tgz attempt 3 failed with EACCES
2569 http fetch GET https://registry.npmjs.org/@radix-ui/react-label/-/react-label-2.1.0.tgz attempt 3 failed with EACCES
2570 http fetch GET https://registry.npmjs.org/@radix-ui/react-hover-card/-/react-hover-card-1.1.2.tgz attempt 3 failed with EACCES
2571 http fetch GET https://registry.npmjs.org/@radix-ui/react-focus-guards/-/react-focus-guards-1.1.1.tgz attempt 3 failed with EACCES
2572 http fetch GET https://registry.npmjs.org/@radix-ui/react-focus-scope/-/react-focus-scope-1.1.0.tgz attempt 3 failed with EACCES
2573 http fetch GET https://registry.npmjs.org/@radix-ui/react-dropdown-menu/-/react-dropdown-menu-2.1.2.tgz attempt 3 failed with EACCES
2574 http fetch GET https://registry.npmjs.org/@radix-ui/react-dialog/-/react-dialog-1.1.2.tgz attempt 3 failed with EACCES
2575 http fetch GET https://registry.npmjs.org/@radix-ui/react-dismissable-layer/-/react-dismissable-layer-1.1.1.tgz attempt 3 failed with EACCES
2576 http fetch GET https://registry.npmjs.org/@radix-ui/react-direction/-/react-direction-1.1.0.tgz attempt 3 failed with EACCES
2577 http fetch GET https://registry.npmjs.org/@radix-ui/react-context-menu/-/react-context-menu-2.2.2.tgz attempt 3 failed with EACCES
2578 http fetch GET https://registry.npmjs.org/@radix-ui/react-context/-/react-context-1.1.1.tgz attempt 3 failed with EACCES
2579 http fetch GET https://registry.npmjs.org/@radix-ui/react-compose-refs/-/react-compose-refs-1.1.0.tgz attempt 3 failed with EACCES
2580 http fetch GET https://registry.npmjs.org/@radix-ui/react-checkbox/-/react-checkbox-1.1.2.tgz attempt 3 failed with EACCES
2581 http fetch GET https://registry.npmjs.org/@radix-ui/react-collapsible/-/react-collapsible-1.1.1.tgz attempt 3 failed with EACCES
2582 http fetch GET https://registry.npmjs.org/@radix-ui/react-avatar/-/react-avatar-1.1.1.tgz attempt 3 failed with EACCES
2583 http fetch GET https://registry.npmjs.org/@radix-ui/react-aspect-ratio/-/react-aspect-ratio-1.1.0.tgz attempt 3 failed with EACCES
2584 http fetch GET https://registry.npmjs.org/@radix-ui/react-arrow/-/react-arrow-1.1.0.tgz attempt 3 failed with EACCES
2585 http fetch GET https://registry.npmjs.org/@radix-ui/react-alert-dialog/-/react-alert-dialog-1.1.2.tgz attempt 3 failed with EACCES
2586 http fetch GET https://registry.npmjs.org/@radix-ui/react-accordion/-/react-accordion-1.2.1.tgz attempt 3 failed with EACCES
2587 http fetch GET https://registry.npmjs.org/@radix-ui/primitive/-/primitive-1.1.0.tgz attempt 3 failed with EACCES
2588 http fetch GET https://registry.npmjs.org/@radix-ui/number/-/number-1.1.0.tgz attempt 3 failed with EACCES
2589 http fetch GET https://registry.npmjs.org/@pkgjs/parseargs/-/parseargs-0.11.0.tgz attempt 3 failed with EACCES
2590 verbose reify failed optional dependency C:\Users\Admin\Downloads\project\node_modules\@pkgjs\parseargs
2591 silly reify mark deleted [
2591 silly reify   'C:\\Users\\Admin\\Downloads\\project\\node_modules\\@pkgjs\\parseargs'
2591 silly reify ]
2592 http fetch GET https://registry.npmjs.org/@nolyfill/is-core-module/-/is-core-module-1.0.39.tgz attempt 3 failed with EACCES
2593 http fetch GET https://registry.npmjs.org/@nodelib/fs.walk/-/fs.walk-1.2.8.tgz attempt 3 failed with EACCES
2594 http fetch GET https://registry.npmjs.org/@nodelib/fs.stat/-/fs.stat-2.0.5.tgz attempt 3 failed with EACCES
2595 http fetch GET https://registry.npmjs.org/@nodelib/fs.scandir/-/fs.scandir-2.1.5.tgz attempt 3 failed with EACCES
2596 http fetch GET https://registry.npmjs.org/@next/swc-win32-x64-msvc/-/swc-win32-x64-msvc-13.5.1.tgz attempt 3 failed with EACCES
2597 verbose reify failed optional dependency C:\Users\Admin\Downloads\project\node_modules\@next\swc-win32-x64-msvc
2598 silly reify mark deleted [
2598 silly reify   'C:\\Users\\Admin\\Downloads\\project\\node_modules\\@next\\swc-win32-x64-msvc'
2598 silly reify ]
2599 http fetch GET https://registry.npmjs.org/@next/swc-wasm-nodejs/-/swc-wasm-nodejs-13.5.1.tgz attempt 3 failed with EACCES
2600 http fetch GET https://registry.npmjs.org/@next/env/-/env-13.5.1.tgz attempt 3 failed with EACCES
2601 http fetch GET https://registry.npmjs.org/@next/eslint-plugin-next/-/eslint-plugin-next-13.5.1.tgz attempt 3 failed with EACCES
2602 http fetch GET https://registry.npmjs.org/@netlify/plugin-nextjs/-/plugin-nextjs-5.15.1.tgz attempt 3 failed with EACCES
2603 http fetch GET https://registry.npmjs.org/@jridgewell/trace-mapping/-/trace-mapping-0.3.25.tgz attempt 3 failed with EACCES
2604 http fetch GET https://registry.npmjs.org/@jridgewell/set-array/-/set-array-1.2.1.tgz attempt 3 failed with EACCES
2605 http fetch GET https://registry.npmjs.org/@jridgewell/sourcemap-codec/-/sourcemap-codec-1.5.0.tgz attempt 3 failed with EACCES
2606 http fetch GET https://registry.npmjs.org/@jridgewell/resolve-uri/-/resolve-uri-3.1.2.tgz attempt 3 failed with EACCES
2607 http fetch GET https://registry.npmjs.org/@jridgewell/gen-mapping/-/gen-mapping-0.3.5.tgz attempt 3 failed with EACCES
2608 http fetch GET https://registry.npmjs.org/@isaacs/cliui/-/cliui-8.0.2.tgz attempt 3 failed with EACCES
2609 http fetch GET https://registry.npmjs.org/@humanwhocodes/object-schema/-/object-schema-2.0.3.tgz attempt 3 failed with EACCES
2610 http fetch GET https://registry.npmjs.org/@humanwhocodes/module-importer/-/module-importer-1.0.1.tgz attempt 3 failed with EACCES
2611 http fetch GET https://registry.npmjs.org/@humanwhocodes/config-array/-/config-array-0.11.14.tgz attempt 3 failed with EACCES
2612 http fetch GET https://registry.npmjs.org/@hookform/resolvers/-/resolvers-3.9.0.tgz attempt 3 failed with EACCES
2613 http fetch GET https://registry.npmjs.org/@floating-ui/utils/-/utils-0.2.8.tgz attempt 3 failed with EACCES
2614 http fetch GET https://registry.npmjs.org/@floating-ui/react-dom/-/react-dom-2.1.2.tgz attempt 3 failed with EACCES
2615 http fetch GET https://registry.npmjs.org/@floating-ui/dom/-/dom-1.6.11.tgz attempt 3 failed with EACCES
2616 http fetch GET https://registry.npmjs.org/@floating-ui/core/-/core-1.6.8.tgz attempt 3 failed with EACCES
2617 http fetch GET https://registry.npmjs.org/@eslint/js/-/js-8.49.0.tgz attempt 3 failed with EACCES
2618 http fetch GET https://registry.npmjs.org/@eslint/eslintrc/-/eslintrc-2.1.4.tgz attempt 3 failed with EACCES
2619 http fetch GET https://registry.npmjs.org/@eslint-community/regexpp/-/regexpp-4.11.1.tgz attempt 3 failed with EACCES
2620 http fetch GET https://registry.npmjs.org/@eslint-community/eslint-utils/-/eslint-utils-4.4.0.tgz attempt 3 failed with EACCES
2621 http fetch GET https://registry.npmjs.org/@babel/runtime/-/runtime-7.25.7.tgz attempt 3 failed with EACCES
2622 http fetch GET https://registry.npmjs.org/@alloc/quick-lru/-/quick-lru-5.2.0.tgz attempt 3 failed with EACCES
2623 http fetch GET https://registry.npmjs.org/@radix-ui/react-collection/-/react-collection-1.1.0.tgz attempt 3 failed with EACCES
2624 http fetch GET https://registry.npmjs.org/strip-ansi/-/strip-ansi-7.1.0.tgz attempt 3 failed with EACCES
2625 http fetch GET https://registry.npmjs.org/ansi-styles/-/ansi-styles-6.2.1.tgz attempt 3 failed with EACCES
2626 http fetch GET https://registry.npmjs.org/ansi-regex/-/ansi-regex-6.1.0.tgz attempt 3 failed with EACCES
2627 http fetch GET https://registry.npmjs.org/emoji-regex/-/emoji-regex-8.0.0.tgz attempt 3 failed with EACCES
2628 http fetch GET https://registry.npmjs.org/string-width/-/string-width-4.2.3.tgz attempt 3 failed with EACCES
2629 http fetch GET https://registry.npmjs.org/minimatch/-/minimatch-9.0.5.tgz attempt 3 failed with EACCES
2630 http fetch GET https://registry.npmjs.org/strip-ansi/-/strip-ansi-7.1.0.tgz attempt 3 failed with EACCES
2631 http fetch GET https://registry.npmjs.org/emoji-regex/-/emoji-regex-8.0.0.tgz attempt 3 failed with EACCES
2632 http fetch GET https://registry.npmjs.org/ansi-regex/-/ansi-regex-6.1.0.tgz attempt 3 failed with EACCES
2633 http fetch GET https://registry.npmjs.org/glob/-/glob-10.4.5.tgz attempt 3 failed with EACCES
2634 http fetch GET https://registry.npmjs.org/brace-expansion/-/brace-expansion-2.0.1.tgz attempt 3 failed with EACCES
2635 http fetch GET https://registry.npmjs.org/lilconfig/-/lilconfig-3.1.2.tgz attempt 3 failed with EACCES
2636 http fetch GET https://registry.npmjs.org/zod/-/zod-3.21.4.tgz attempt 3 failed with EACCES
2637 http fetch GET https://registry.npmjs.org/postcss/-/postcss-8.4.14.tgz attempt 3 failed with EACCES
2638 http fetch GET https://registry.npmjs.org/glob-parent/-/glob-parent-5.1.2.tgz attempt 3 failed with EACCES
2639 http fetch GET https://registry.npmjs.org/semver/-/semver-6.3.1.tgz attempt 3 failed with EACCES
2640 http fetch GET https://registry.npmjs.org/semver/-/semver-6.3.1.tgz attempt 3 failed with EACCES
2641 http fetch GET https://registry.npmjs.org/doctrine/-/doctrine-2.1.0.tgz attempt 3 failed with EACCES
2642 http fetch GET https://registry.npmjs.org/debug/-/debug-3.2.7.tgz attempt 3 failed with EACCES
2643 http fetch GET https://registry.npmjs.org/debug/-/debug-3.2.7.tgz attempt 3 failed with EACCES
2644 http fetch GET https://registry.npmjs.org/debug/-/debug-3.2.7.tgz attempt 3 failed with EACCES
2645 http fetch GET https://registry.npmjs.org/eslint-import-resolver-typescript/-/eslint-import-resolver-typescript-3.6.3.tgz attempt 3 failed with EACCES
2646 http fetch GET https://registry.npmjs.org/resolve/-/resolve-2.0.0-next.5.tgz attempt 3 failed with EACCES
2647 http fetch GET https://registry.npmjs.org/doctrine/-/doctrine-2.1.0.tgz attempt 3 failed with EACCES
2648 http fetch GET https://registry.npmjs.org/react-remove-scroll/-/react-remove-scroll-2.5.5.tgz attempt 3 failed with EACCES
2649 http fetch GET https://registry.npmjs.org/@radix-ui/react-use-layout-effect/-/react-use-layout-effect-1.0.1.tgz attempt 3 failed with EACCES
2650 http fetch GET https://registry.npmjs.org/@radix-ui/react-use-controllable-state/-/react-use-controllable-state-1.0.1.tgz attempt 3 failed with EACCES
2651 http fetch GET https://registry.npmjs.org/@radix-ui/react-use-escape-keydown/-/react-use-escape-keydown-1.0.3.tgz attempt 3 failed with EACCES
2652 http fetch GET https://registry.npmjs.org/@radix-ui/react-use-callback-ref/-/react-use-callback-ref-1.0.1.tgz attempt 3 failed with EACCES
2653 http fetch GET https://registry.npmjs.org/@radix-ui/react-slot/-/react-slot-1.0.2.tgz attempt 3 failed with EACCES
2654 http fetch GET https://registry.npmjs.org/@radix-ui/react-primitive/-/react-primitive-1.0.3.tgz attempt 3 failed with EACCES
2655 http fetch GET https://registry.npmjs.org/@radix-ui/react-presence/-/react-presence-1.0.1.tgz attempt 3 failed with EACCES
2656 http fetch GET https://registry.npmjs.org/@radix-ui/react-id/-/react-id-1.0.1.tgz attempt 3 failed with EACCES
2657 http fetch GET https://registry.npmjs.org/@radix-ui/react-portal/-/react-portal-1.0.4.tgz attempt 3 failed with EACCES
2658 http fetch GET https://registry.npmjs.org/@radix-ui/react-focus-scope/-/react-focus-scope-1.0.4.tgz attempt 3 failed with EACCES
2659 http fetch GET https://registry.npmjs.org/@radix-ui/react-focus-guards/-/react-focus-guards-1.0.1.tgz attempt 3 failed with EACCES
2660 http fetch GET https://registry.npmjs.org/@radix-ui/react-dialog/-/react-dialog-1.0.5.tgz attempt 3 failed with EACCES
2661 http fetch GET https://registry.npmjs.org/@radix-ui/react-dismissable-layer/-/react-dismissable-layer-1.0.5.tgz attempt 3 failed with EACCES
2662 http fetch GET https://registry.npmjs.org/@radix-ui/react-compose-refs/-/react-compose-refs-1.0.1.tgz attempt 3 failed with EACCES
2663 http fetch GET https://registry.npmjs.org/@radix-ui/react-context/-/react-context-1.0.1.tgz attempt 3 failed with EACCES
2664 http fetch GET https://registry.npmjs.org/glob-parent/-/glob-parent-5.1.2.tgz attempt 3 failed with EACCES
2665 http fetch GET https://registry.npmjs.org/clsx/-/clsx-2.0.0.tgz attempt 3 failed with EACCES
2666 http fetch GET https://registry.npmjs.org/@radix-ui/primitive/-/primitive-1.0.1.tgz attempt 3 failed with EACCES
2667 http fetch GET https://registry.npmjs.org/minimatch/-/minimatch-9.0.3.tgz attempt 3 failed with EACCES
2668 http fetch GET https://registry.npmjs.org/brace-expansion/-/brace-expansion-2.0.1.tgz attempt 3 failed with EACCES
2669 http fetch GET https://registry.npmjs.org/@radix-ui/react-context/-/react-context-1.1.0.tgz attempt 3 failed with EACCES
2670 http fetch GET https://registry.npmjs.org/@radix-ui/react-context/-/react-context-1.1.0.tgz attempt 3 failed with EACCES
2671 http fetch GET https://registry.npmjs.org/@radix-ui/react-context/-/react-context-1.1.0.tgz attempt 3 failed with EACCES
2672 http fetch GET https://registry.npmjs.org/@radix-ui/react-context/-/react-context-1.1.0.tgz attempt 3 failed with EACCES
2673 http fetch GET https://registry.npmjs.org/@radix-ui/react-context/-/react-context-1.1.0.tgz attempt 3 failed with EACCES
2674 http fetch GET https://registry.npmjs.org/strip-ansi/-/strip-ansi-7.1.0.tgz attempt 3 failed with EACCES
2675 http fetch GET https://registry.npmjs.org/ansi-regex/-/ansi-regex-6.1.0.tgz attempt 3 failed with EACCES
2676 http fetch GET https://registry.npmjs.org/@types/d3-path/-/d3-path-3.1.0.tgz attempt 3 failed with EACCES
2677 warn cleanup Failed to remove some directories [
2677 warn cleanup   [
2677 warn cleanup     '\\\\?\\C:\\Users\\Admin\\Downloads\\project\\node_modules',
2677 warn cleanup     [Error: EPERM: operation not permitted, rmdir 'C:\Users\Admin\Downloads\project\node_modules\@radix-ui\react-collection\node_modules'] {
2677 warn cleanup       errno: -4048,
2677 warn cleanup       code: 'EPERM',
2677 warn cleanup       syscall: 'rmdir',
2677 warn cleanup       path: 'C:\\Users\\Admin\\Downloads\\project\\node_modules\\@radix-ui\\react-collection\\node_modules'
2677 warn cleanup     }
2677 warn cleanup   ],
2677 warn cleanup   [
2677 warn cleanup     '\\\\?\\C:\\Users\\Admin\\Downloads\\project\\node_modules\\@radix-ui',
2677 warn cleanup     [Error: EPERM: operation not permitted, rmdir 'C:\Users\Admin\Downloads\project\node_modules\@radix-ui\react-roving-focus\node_modules'] {
2677 warn cleanup       errno: -4048,
2677 warn cleanup       code: 'EPERM',
2677 warn cleanup       syscall: 'rmdir',
2677 warn cleanup       path: 'C:\\Users\\Admin\\Downloads\\project\\node_modules\\@radix-ui\\react-roving-focus\\node_modules'
2677 warn cleanup     }
2677 warn cleanup   ]
2677 warn cleanup ]
2678 verbose type system
2679 verbose stack FetchError: request to https://registry.npmjs.org/zod/-/zod-3.23.8.tgz failed, reason: 
2679 verbose stack     at ClientRequest.<anonymous> (C:\Program Files\nodejs\node_modules\npm\node_modules\minipass-fetch\lib\index.js:130:14)
2679 verbose stack     at ClientRequest.emit (node:events:509:20)
2679 verbose stack     at emitErrorEvent (node:_http_client:112:11)
2679 verbose stack     at _destroy (node:_http_client:1146:9)
2679 verbose stack     at onSocketNT (node:_http_client:1167:5)
2679 verbose stack     at process.processTicksAndRejections (node:internal/process/task_queues:91:21)
2680 error code EACCES
2681 error errno EACCES
2682 error FetchError: request to https://registry.npmjs.org/zod/-/zod-3.23.8.tgz failed, reason: 
2682 error     at ClientRequest.<anonymous> (C:\Program Files\nodejs\node_modules\npm\node_modules\minipass-fetch\lib\index.js:130:14)
2682 error     at ClientRequest.emit (node:events:509:20)
2682 error     at emitErrorEvent (node:_http_client:112:11)
2682 error     at _destroy (node:_http_client:1146:9)
2682 error     at onSocketNT (node:_http_client:1167:5)
2682 error     at process.processTicksAndRejections (node:internal/process/task_queues:91:21) {
2682 error   code: 'EACCES',
2682 error   errno: 'EACCES',
2682 error   type: 'system'
2682 error }
2683 error
2683 error The operation was rejected by your operating system.
2683 error It's possible that the file was already in use (by a text editor or antivirus), or that you lack permissions to access it.
2683 error
2683 error If you believe this might be a permissions issue, please double-check the permissions of the file and its containing directories, or try running the command again as root/Administrator.
2684 silly unfinished npm timer reify 1784064602167
2685 silly unfinished npm timer reify:unpack 1784064602569
2686 silly unfinished npm timer reifyNode:node_modules/zod 1784064602570
2687 silly unfinished npm timer reifyNode:node_modules/yocto-queue 1784064602570
2688 silly unfinished npm timer reifyNode:node_modules/yaml 1784064602570
2689 silly unfinished npm timer reifyNode:node_modules/ws 1784064602570
2690 silly unfinished npm timer reifyNode:node_modules/wrappy 1784064602570
2691 silly unfinished npm timer reifyNode:node_modules/wrap-ansi-cjs 1784064602570
2692 silly unfinished npm timer reifyNode:node_modules/wrap-ansi-cjs/node_modules/string-width 1784064602570
2693 silly unfinished npm timer reifyNode:node_modules/wrap-ansi-cjs/node_modules/emoji-regex 1784064602570
2694 silly unfinished npm timer reifyNode:node_modules/wrap-ansi 1784064602570
2695 silly unfinished npm timer reifyNode:node_modules/wrap-ansi/node_modules/strip-ansi 1784064602570
2696 silly unfinished npm timer reifyNode:node_modules/wrap-ansi/node_modules/ansi-styles 1784064602570
2697 silly unfinished npm timer reifyNode:node_modules/wrap-ansi/node_modules/ansi-regex 1784064602570
2698 silly unfinished npm timer reifyNode:node_modules/word-wrap 1784064602570
2699 silly unfinished npm timer reifyNode:node_modules/which-typed-array 1784064602570
2700 silly unfinished npm timer reifyNode:node_modules/which-collection 1784064602570
2701 silly unfinished npm timer reifyNode:node_modules/which-builtin-type 1784064602570
2702 silly unfinished npm timer reifyNode:node_modules/which-boxed-primitive 1784064602570
2703 silly unfinished npm timer reifyNode:node_modules/which 1784064602570
2704 silly unfinished npm timer reifyNode:node_modules/whatwg-url 1784064602570
2705 silly unfinished npm timer reifyNode:node_modules/webidl-conversions 1784064602570
2706 silly unfinished npm timer reifyNode:node_modules/watchpack 1784064602570
2707 silly unfinished npm timer reifyNode:node_modules/victory-vendor 1784064602570
2708 silly unfinished npm timer reifyNode:node_modules/vaul 1784064602570
2709 silly unfinished npm timer reifyNode:node_modules/util-deprecate 1784064602570
2710 silly unfinished npm timer reifyNode:node_modules/use-sidecar 1784064602570
2711 silly unfinished npm timer reifyNode:node_modules/use-callback-ref 1784064602570
2712 silly unfinished npm timer reifyNode:node_modules/uri-js 1784064602570
2713 silly unfinished npm timer reifyNode:node_modules/update-browserslist-db 1784064602570
2714 silly unfinished npm timer reifyNode:node_modules/unbox-primitive 1784064602570
2715 silly unfinished npm timer reifyNode:node_modules/typescript 1784064602570
2716 silly unfinished npm timer reifyNode:node_modules/typed-array-length 1784064602570
2717 silly unfinished npm timer reifyNode:node_modules/typed-array-byte-offset 1784064602570
2718 silly unfinished npm timer reifyNode:node_modules/typed-array-byte-length 1784064602570
2719 silly unfinished npm timer reifyNode:node_modules/typed-array-buffer 1784064602570
2720 silly unfinished npm timer reifyNode:node_modules/type-fest 1784064602570
2721 silly unfinished npm timer reifyNode:node_modules/type-check 1784064602570
2722 silly unfinished npm timer reifyNode:node_modules/tslib 1784064602570
2723 silly unfinished npm timer reifyNode:node_modules/tsconfig-paths 1784064602570
2724 silly unfinished npm timer reifyNode:node_modules/ts-interface-checker 1784064602570
2725 silly unfinished npm timer reifyNode:node_modules/ts-api-utils 1784064602570
2726 silly unfinished npm timer reifyNode:node_modules/tr46 1784064602570
2727 silly unfinished npm timer reifyNode:node_modules/to-regex-range 1784064602570
2728 silly unfinished npm timer reifyNode:node_modules/tiny-invariant 1784064602570
2729 silly unfinished npm timer reifyNode:node_modules/thenify-all 1784064602570
2730 silly unfinished npm timer reifyNode:node_modules/thenify 1784064602570
2731 silly unfinished npm timer reifyNode:node_modules/text-table 1784064602570
2732 silly unfinished npm timer reifyNode:node_modules/tapable 1784064602570
2733 silly unfinished npm timer reifyNode:node_modules/tailwindcss-animate 1784064602570
2734 silly unfinished npm timer reifyNode:node_modules/tailwindcss 1784064602570
2735 silly unfinished npm timer reifyNode:node_modules/tailwind-merge 1784064602570
2736 silly unfinished npm timer reifyNode:node_modules/supports-preserve-symlinks-flag 1784064602570
2737 silly unfinished npm timer reifyNode:node_modules/supports-color 1784064602570
2738 silly unfinished npm timer reifyNode:node_modules/sucrase 1784064602570
2739 silly unfinished npm timer reifyNode:node_modules/sucrase/node_modules/minimatch 1784064602570
2740 silly unfinished npm timer reifyNode:node_modules/sucrase/node_modules/glob 1784064602570
2741 silly unfinished npm timer reifyNode:node_modules/sucrase/node_modules/brace-expansion 1784064602570
2742 silly unfinished npm timer reifyNode:node_modules/styled-jsx 1784064602570
2743 silly unfinished npm timer reifyNode:node_modules/strip-json-comments 1784064602570
2744 silly unfinished npm timer reifyNode:node_modules/strip-bom 1784064602570
2745 silly unfinished npm timer reifyNode:node_modules/strip-ansi-cjs 1784064602570
2746 silly unfinished npm timer reifyNode:node_modules/strip-ansi 1784064602570
2747 silly unfinished npm timer reifyNode:node_modules/string.prototype.trimstart 1784064602570
2748 silly unfinished npm timer reifyNode:node_modules/string.prototype.trimend 1784064602570
2749 silly unfinished npm timer reifyNode:node_modules/string.prototype.trim 1784064602570
2750 silly unfinished npm timer reifyNode:node_modules/string.prototype.repeat 1784064602570
2751 silly unfinished npm timer reifyNode:node_modules/string.prototype.matchall 1784064602570
2752 silly unfinished npm timer reifyNode:node_modules/string.prototype.includes 1784064602570
2753 silly unfinished npm timer reifyNode:node_modules/string-width-cjs 1784064602570
2754 silly unfinished npm timer reifyNode:node_modules/string-width-cjs/node_modules/emoji-regex 1784064602570
2755 silly unfinished npm timer reifyNode:node_modules/string-width 1784064602570
2756 silly unfinished npm timer reifyNode:node_modules/string-width/node_modules/strip-ansi 1784064602570
2757 silly unfinished npm timer reifyNode:node_modules/string-width/node_modules/ansi-regex 1784064602570
2758 silly unfinished npm timer reifyNode:node_modules/streamsearch 1784064602570
2759 silly unfinished npm timer reifyNode:node_modules/stop-iteration-iterator 1784064602570
2760 silly unfinished npm timer reifyNode:node_modules/source-map-js 1784064602570
2761 silly unfinished npm timer reifyNode:node_modules/sonner 1784064602570
2762 silly unfinished npm timer reifyNode:node_modules/slash 1784064602570
2763 silly unfinished npm timer reifyNode:node_modules/signal-exit 1784064602570
2764 silly unfinished npm timer reifyNode:node_modules/side-channel 1784064602570
2765 silly unfinished npm timer reifyNode:node_modules/shebang-regex 1784064602570
2766 silly unfinished npm timer reifyNode:node_modules/shebang-command 1784064602570
2767 silly unfinished npm timer reifyNode:node_modules/set-function-name 1784064602570
2768 silly unfinished npm timer reifyNode:node_modules/set-function-length 1784064602570
2769 silly unfinished npm timer reifyNode:node_modules/semver 1784064602570
2770 silly unfinished npm timer reifyNode:node_modules/scheduler 1784064602570
2771 silly unfinished npm timer reifyNode:node_modules/safe-regex-test 1784064602570
2772 silly unfinished npm timer reifyNode:node_modules/safe-array-concat 1784064602570
2773 silly unfinished npm timer reifyNode:node_modules/run-parallel 1784064602571
2774 silly unfinished npm timer reifyNode:node_modules/rimraf 1784064602571
2775 silly unfinished npm timer reifyNode:node_modules/reusify 1784064602571
2776 silly unfinished npm timer reifyNode:node_modules/resolve-pkg-maps 1784064602571
2777 silly unfinished npm timer reifyNode:node_modules/resolve-from 1784064602571
2778 silly unfinished npm timer reifyNode:node_modules/resolve 1784064602571
2779 silly unfinished npm timer reifyNode:node_modules/regexp.prototype.flags 1784064602571
2780 silly unfinished npm timer reifyNode:node_modules/regenerator-runtime 1784064602571
2781 silly unfinished npm timer reifyNode:node_modules/reflect.getprototypeof 1784064602571
2782 silly unfinished npm timer reifyNode:node_modules/recharts-scale 1784064602571
2783 silly unfinished npm timer reifyNode:node_modules/recharts 1784064602571
2784 silly unfinished npm timer reifyNode:node_modules/readdirp 1784064602571
2785 silly unfinished npm timer reifyNode:node_modules/read-cache 1784064602571
2786 silly unfinished npm timer reifyNode:node_modules/react-transition-group 1784064602571
2787 silly unfinished npm timer reifyNode:node_modules/react-style-singleton 1784064602571
2788 silly unfinished npm timer reifyNode:node_modules/react-smooth 1784064602571
2789 silly unfinished npm timer reifyNode:node_modules/react-resizable-panels 1784064602571
2790 silly unfinished npm timer reifyNode:node_modules/react-remove-scroll-bar 1784064602571
2791 silly unfinished npm timer reifyNode:node_modules/react-remove-scroll 1784064602571
2792 silly unfinished npm timer reifyNode:node_modules/react-is 1784064602571
2793 silly unfinished npm timer reifyNode:node_modules/react-hook-form 1784064602571
2794 silly unfinished npm timer reifyNode:node_modules/react-dom 1784064602571
2795 silly unfinished npm timer reifyNode:node_modules/react-day-picker 1784064602571
2796 silly unfinished npm timer reifyNode:node_modules/react 1784064602571
2797 silly unfinished npm timer reifyNode:node_modules/queue-microtask 1784064602571
2798 silly unfinished npm timer reifyNode:node_modules/punycode 1784064602571
2799 silly unfinished npm timer reifyNode:node_modules/prop-types 1784064602571
2800 silly unfinished npm timer reifyNode:node_modules/prelude-ls 1784064602571
2801 silly unfinished npm timer reifyNode:node_modules/postcss-value-parser 1784064602571
2802 silly unfinished npm timer reifyNode:node_modules/postcss-selector-parser 1784064602571
2803 silly unfinished npm timer reifyNode:node_modules/postcss-nested 1784064602571
2804 silly unfinished npm timer reifyNode:node_modules/postcss-load-config 1784064602571
2805 silly unfinished npm timer reifyNode:node_modules/postcss-load-config/node_modules/lilconfig 1784064602571
2806 silly unfinished npm timer reifyNode:node_modules/postcss-js 1784064602571
2807 silly unfinished npm timer reifyNode:node_modules/postcss-import 1784064602571
2808 silly unfinished npm timer reifyNode:node_modules/postcss 1784064602571
2809 silly unfinished npm timer reifyNode:node_modules/possible-typed-array-names 1784064602571
2810 silly unfinished npm timer reifyNode:node_modules/pirates 1784064602571
2811 silly unfinished npm timer reifyNode:node_modules/pify 1784064602571
2812 silly unfinished npm timer reifyNode:node_modules/picomatch 1784064602571
2813 silly unfinished npm timer reifyNode:node_modules/picocolors 1784064602571
2814 silly unfinished npm timer reifyNode:node_modules/path-type 1784064602571
2815 silly unfinished npm timer reifyNode:node_modules/path-scurry 1784064602571
2816 silly unfinished npm timer reifyNode:node_modules/path-parse 1784064602571
2817 silly unfinished npm timer reifyNode:node_modules/path-key 1784064602571
2818 silly unfinished npm timer reifyNode:node_modules/path-is-absolute 1784064602571
2819 silly unfinished npm timer reifyNode:node_modules/path-exists 1784064602571
2820 silly unfinished npm timer reifyNode:node_modules/parent-module 1784064602571
2821 silly unfinished npm timer reifyNode:node_modules/package-json-from-dist 1784064602571
2822 silly unfinished npm timer reifyNode:node_modules/p-locate 1784064602571
2823 silly unfinished npm timer reifyNode:node_modules/p-limit 1784064602571
2824 silly unfinished npm timer reifyNode:node_modules/optionator 1784064602571
2825 silly unfinished npm timer reifyNode:node_modules/once 1784064602571
2826 silly unfinished npm timer reifyNode:node_modules/object.values 1784064602571
2827 silly unfinished npm timer reifyNode:node_modules/object.groupby 1784064602571
2828 silly unfinished npm timer reifyNode:node_modules/object.fromentries 1784064602571
2829 silly unfinished npm timer reifyNode:node_modules/object.entries 1784064602571
2830 silly unfinished npm timer reifyNode:node_modules/object.assign 1784064602571
2831 silly unfinished npm timer reifyNode:node_modules/object-keys 1784064602571
2832 silly unfinished npm timer reifyNode:node_modules/object-is 1784064602571
2833 silly unfinished npm timer reifyNode:node_modules/object-inspect 1784064602571
2834 silly unfinished npm timer reifyNode:node_modules/object-hash 1784064602571
2835 silly unfinished npm timer reifyNode:node_modules/object-assign 1784064602571
2836 silly unfinished npm timer reifyNode:node_modules/normalize-range 1784064602571
2837 silly unfinished npm timer reifyNode:node_modules/normalize-path 1784064602571
2838 silly unfinished npm timer reifyNode:node_modules/node-releases 1784064602571
2839 silly unfinished npm timer reifyNode:node_modules/next-themes 1784064602571
2840 silly unfinished npm timer reifyNode:node_modules/next 1784064602571
2841 silly unfinished npm timer reifyNode:node_modules/next/node_modules/zod 1784064602571
2842 silly unfinished npm timer reifyNode:node_modules/next/node_modules/postcss 1784064602571
2843 silly unfinished npm timer reifyNode:node_modules/natural-compare 1784064602571
2844 silly unfinished npm timer reifyNode:node_modules/nanoid 1784064602571
2845 silly unfinished npm timer reifyNode:node_modules/mz 1784064602571
2846 silly unfinished npm timer reifyNode:node_modules/ms 1784064602571
2847 silly unfinished npm timer reifyNode:node_modules/minipass 1784064602571
2848 silly unfinished npm timer reifyNode:node_modules/minimist 1784064602571
2849 silly unfinished npm timer reifyNode:node_modules/minimatch 1784064602571
2850 silly unfinished npm timer reifyNode:node_modules/micromatch 1784064602571
2851 silly unfinished npm timer reifyNode:node_modules/merge2 1784064602571
2852 silly unfinished npm timer reifyNode:node_modules/lucide-react 1784064602571
2853 silly unfinished npm timer reifyNode:node_modules/lru-cache 1784064602571
2854 silly unfinished npm timer reifyNode:node_modules/loose-envify 1784064602571
2855 silly unfinished npm timer reifyNode:node_modules/lodash.merge 1784064602571
2856 silly unfinished npm timer reifyNode:node_modules/lodash 1784064602571
2857 silly unfinished npm timer reifyNode:node_modules/locate-path 1784064602571
2858 silly unfinished npm timer reifyNode:node_modules/lines-and-columns 1784064602571
2859 silly unfinished npm timer reifyNode:node_modules/lilconfig 1784064602571
2860 silly unfinished npm timer reifyNode:node_modules/levn 1784064602571
2861 silly unfinished npm timer reifyNode:node_modules/language-tags 1784064602571
2862 silly unfinished npm timer reifyNode:node_modules/language-subtag-registry 1784064602571
2863 silly unfinished npm timer reifyNode:node_modules/keyv 1784064602571
2864 silly unfinished npm timer reifyNode:node_modules/jsx-ast-utils 1784064602571
2865 silly unfinished npm timer reifyNode:node_modules/json5 1784064602571
2866 silly unfinished npm timer reifyNode:node_modules/json-stable-stringify-without-jsonify 1784064602571
2867 silly unfinished npm timer reifyNode:node_modules/json-schema-traverse 1784064602571
2868 silly unfinished npm timer reifyNode:node_modules/json-buffer 1784064602571
2869 silly unfinished npm timer reifyNode:node_modules/js-yaml 1784064602571
2870 silly unfinished npm timer reifyNode:node_modules/js-tokens 1784064602571
2871 silly unfinished npm timer reifyNode:node_modules/jiti 1784064602571
2872 silly unfinished npm timer reifyNode:node_modules/jackspeak 1784064602571
2873 silly unfinished npm timer reifyNode:node_modules/iterator.prototype 1784064602571
2874 silly unfinished npm timer reifyNode:node_modules/isexe 1784064602571
2875 silly unfinished npm timer reifyNode:node_modules/isarray 1784064602571
2876 silly unfinished npm timer reifyNode:node_modules/is-weakset 1784064602571
2877 silly unfinished npm timer reifyNode:node_modules/is-weakref 1784064602571
2878 silly unfinished npm timer reifyNode:node_modules/is-weakmap 1784064602571
2879 silly unfinished npm timer reifyNode:node_modules/is-typed-array 1784064602571
2880 silly unfinished npm timer reifyNode:node_modules/is-symbol 1784064602571
2881 silly unfinished npm timer reifyNode:node_modules/is-string 1784064602571
2882 silly unfinished npm timer reifyNode:node_modules/is-shared-array-buffer 1784064602571
2883 silly unfinished npm timer reifyNode:node_modules/is-set 1784064602571
2884 silly unfinished npm timer reifyNode:node_modules/is-regex 1784064602571
2885 silly unfinished npm timer reifyNode:node_modules/is-path-inside 1784064602571
2886 silly unfinished npm timer reifyNode:node_modules/is-number-object 1784064602571
2887 silly unfinished npm timer reifyNode:node_modules/is-number 1784064602571
2888 silly unfinished npm timer reifyNode:node_modules/is-negative-zero 1784064602572
2889 silly unfinished npm timer reifyNode:node_modules/is-map 1784064602572
2890 silly unfinished npm timer reifyNode:node_modules/is-glob 1784064602572
2891 silly unfinished npm timer reifyNode:node_modules/is-generator-function 1784064602572
2892 silly unfinished npm timer reifyNode:node_modules/is-fullwidth-code-point 1784064602572
2893 silly unfinished npm timer reifyNode:node_modules/is-finalizationregistry 1784064602572
2894 silly unfinished npm timer reifyNode:node_modules/is-extglob 1784064602572
2895 silly unfinished npm timer reifyNode:node_modules/is-date-object 1784064602572
2896 silly unfinished npm timer reifyNode:node_modules/is-data-view 1784064602572
2897 silly unfinished npm timer reifyNode:node_modules/is-core-module 1784064602572
2898 silly unfinished npm timer reifyNode:node_modules/is-callable 1784064602572
2899 silly unfinished npm timer reifyNode:node_modules/is-bun-module 1784064602572
2900 silly unfinished npm timer reifyNode:node_modules/is-boolean-object 1784064602572
2901 silly unfinished npm timer reifyNode:node_modules/is-binary-path 1784064602572
2902 silly unfinished npm timer reifyNode:node_modules/is-bigint 1784064602572
2903 silly unfinished npm timer reifyNode:node_modules/is-async-function 1784064602572
2904 silly unfinished npm timer reifyNode:node_modules/is-array-buffer 1784064602572
2905 silly unfinished npm timer reifyNode:node_modules/is-arguments 1784064602572
2906 silly unfinished npm timer reifyNode:node_modules/invariant 1784064602572
2907 silly unfinished npm timer reifyNode:node_modules/internmap 1784064602572
2908 silly unfinished npm timer reifyNode:node_modules/internal-slot 1784064602572
2909 silly unfinished npm timer reifyNode:node_modules/input-otp 1784064602572
2910 silly unfinished npm timer reifyNode:node_modules/inherits 1784064602572
2911 silly unfinished npm timer reifyNode:node_modules/inflight 1784064602572
2912 silly unfinished npm timer reifyNode:node_modules/imurmurhash 1784064602572
2913 silly unfinished npm timer reifyNode:node_modules/import-fresh 1784064602572
2914 silly unfinished npm timer reifyNode:node_modules/ignore 1784064602572
2915 silly unfinished npm timer reifyNode:node_modules/hasown 1784064602572
2916 silly unfinished npm timer reifyNode:node_modules/has-tostringtag 1784064602572
2917 silly unfinished npm timer reifyNode:node_modules/has-symbols 1784064602572
2918 silly unfinished npm timer reifyNode:node_modules/has-proto 1784064602572
2919 silly unfinished npm timer reifyNode:node_modules/has-property-descriptors 1784064602572
2920 silly unfinished npm timer reifyNode:node_modules/has-flag 1784064602572
2921 silly unfinished npm timer reifyNode:node_modules/has-bigints 1784064602572
2922 silly unfinished npm timer reifyNode:node_modules/graphemer 1784064602572
2923 silly unfinished npm timer reifyNode:node_modules/graceful-fs 1784064602572
2924 silly unfinished npm timer reifyNode:node_modules/gopd 1784064602572
2925 silly unfinished npm timer reifyNode:node_modules/globby 1784064602572
2926 silly unfinished npm timer reifyNode:node_modules/globalthis 1784064602572
2927 silly unfinished npm timer reifyNode:node_modules/globals 1784064602572
2928 silly unfinished npm timer reifyNode:node_modules/glob-to-regexp 1784064602572
2929 silly unfinished npm timer reifyNode:node_modules/glob-parent 1784064602572
2930 silly unfinished npm timer reifyNode:node_modules/glob 1784064602572
2931 silly unfinished npm timer reifyNode:node_modules/get-tsconfig 1784064602572
2932 silly unfinished npm timer reifyNode:node_modules/get-symbol-description 1784064602572
2933 silly unfinished npm timer reifyNode:node_modules/get-nonce 1784064602572
2934 silly unfinished npm timer reifyNode:node_modules/get-intrinsic 1784064602572
2935 silly unfinished npm timer reifyNode:node_modules/functions-have-names 1784064602572
2936 silly unfinished npm timer reifyNode:node_modules/function.prototype.name 1784064602572
2937 silly unfinished npm timer reifyNode:node_modules/function-bind 1784064602572
2938 silly unfinished npm timer reifyNode:node_modules/fs.realpath 1784064602572
2939 silly unfinished npm timer reifyNode:node_modules/fraction.js 1784064602572
2940 silly unfinished npm timer reifyNode:node_modules/foreground-child 1784064602572
2941 silly unfinished npm timer reifyNode:node_modules/for-each 1784064602572
2942 silly unfinished npm timer reifyNode:node_modules/flatted 1784064602572
2943 silly unfinished npm timer reifyNode:node_modules/flat-cache 1784064602572
2944 silly unfinished npm timer reifyNode:node_modules/find-up 1784064602572
2945 silly unfinished npm timer reifyNode:node_modules/fill-range 1784064602572
2946 silly unfinished npm timer reifyNode:node_modules/file-entry-cache 1784064602572
2947 silly unfinished npm timer reifyNode:node_modules/fastq 1784064602572
2948 silly unfinished npm timer reifyNode:node_modules/fast-levenshtein 1784064602572
2949 silly unfinished npm timer reifyNode:node_modules/fast-json-stable-stringify 1784064602572
2950 silly unfinished npm timer reifyNode:node_modules/fast-glob 1784064602572
2951 silly unfinished npm timer reifyNode:node_modules/fast-glob/node_modules/glob-parent 1784064602572
2952 silly unfinished npm timer reifyNode:node_modules/fast-equals 1784064602572
2953 silly unfinished npm timer reifyNode:node_modules/fast-deep-equal 1784064602572
2954 silly unfinished npm timer reifyNode:node_modules/eventemitter3 1784064602572
2955 silly unfinished npm timer reifyNode:node_modules/esutils 1784064602572
2956 silly unfinished npm timer reifyNode:node_modules/estraverse 1784064602572
2957 silly unfinished npm timer reifyNode:node_modules/esrecurse 1784064602572
2958 silly unfinished npm timer reifyNode:node_modules/esquery 1784064602572
2959 silly unfinished npm timer reifyNode:node_modules/espree 1784064602572
2960 silly unfinished npm timer reifyNode:node_modules/eslint-visitor-keys 1784064602572
2961 silly unfinished npm timer reifyNode:node_modules/eslint-scope 1784064602572
2962 silly unfinished npm timer reifyNode:node_modules/eslint-plugin-react-hooks 1784064602572
2963 silly unfinished npm timer reifyNode:node_modules/eslint-plugin-react 1784064602572
2964 silly unfinished npm timer reifyNode:node_modules/eslint-plugin-react/node_modules/semver 1784064602572
2965 silly unfinished npm timer reifyNode:node_modules/eslint-plugin-react/node_modules/resolve 1784064602572
2966 silly unfinished npm timer reifyNode:node_modules/eslint-plugin-react/node_modules/doctrine 1784064602572
2967 silly unfinished npm timer reifyNode:node_modules/eslint-plugin-jsx-a11y 1784064602572
2968 silly unfinished npm timer reifyNode:node_modules/eslint-plugin-import 1784064602572
2969 silly unfinished npm timer reifyNode:node_modules/eslint-plugin-import/node_modules/semver 1784064602572
2970 silly unfinished npm timer reifyNode:node_modules/eslint-plugin-import/node_modules/doctrine 1784064602572
2971 silly unfinished npm timer reifyNode:node_modules/eslint-plugin-import/node_modules/debug 1784064602572
2972 silly unfinished npm timer reifyNode:node_modules/eslint-module-utils 1784064602572
2973 silly unfinished npm timer reifyNode:node_modules/eslint-module-utils/node_modules/debug 1784064602572
2974 silly unfinished npm timer reifyNode:node_modules/eslint-import-resolver-node 1784064602572
2975 silly unfinished npm timer reifyNode:node_modules/eslint-import-resolver-node/node_modules/debug 1784064602572
2976 silly unfinished npm timer reifyNode:node_modules/eslint-config-next 1784064602572
2977 silly unfinished npm timer reifyNode:node_modules/eslint-config-next/node_modules/eslint-import-resolver-typescript 1784064602572
2978 silly unfinished npm timer reifyNode:node_modules/eslint 1784064602572
2979 silly unfinished npm timer reifyNode:node_modules/escape-string-regexp 1784064602572
2980 silly unfinished npm timer reifyNode:node_modules/escalade 1784064602572
2981 silly unfinished npm timer reifyNode:node_modules/es-to-primitive 1784064602572
2982 silly unfinished npm timer reifyNode:node_modules/es-shim-unscopables 1784064602572
2983 silly unfinished npm timer reifyNode:node_modules/es-set-tostringtag 1784064602572
2984 silly unfinished npm timer reifyNode:node_modules/es-object-atoms 1784064602572
2985 silly unfinished npm timer reifyNode:node_modules/es-iterator-helpers 1784064602572
2986 silly unfinished npm timer reifyNode:node_modules/es-get-iterator 1784064602572
2987 silly unfinished npm timer reifyNode:node_modules/es-errors 1784064602572
2988 silly unfinished npm timer reifyNode:node_modules/es-define-property 1784064602572
2989 silly unfinished npm timer reifyNode:node_modules/es-abstract 1784064602572
2990 silly unfinished npm timer reifyNode:node_modules/enhanced-resolve 1784064602572
2991 silly unfinished npm timer reifyNode:node_modules/emoji-regex 1784064602572
2992 silly unfinished npm timer reifyNode:node_modules/embla-carousel-reactive-utils 1784064602572
2993 silly unfinished npm timer reifyNode:node_modules/embla-carousel-react 1784064602572
2994 silly unfinished npm timer reifyNode:node_modules/embla-carousel 1784064602572
2995 silly unfinished npm timer reifyNode:node_modules/electron-to-chromium 1784064602572
2996 silly unfinished npm timer reifyNode:node_modules/eastasianwidth 1784064602572
2997 silly unfinished npm timer reifyNode:node_modules/dom-helpers 1784064602572
2998 silly unfinished npm timer reifyNode:node_modules/doctrine 1784064602572
2999 silly unfinished npm timer reifyNode:node_modules/dlv 1784064602572
3000 silly unfinished npm timer reifyNode:node_modules/dir-glob 1784064602572
3001 silly unfinished npm timer reifyNode:node_modules/didyoumean 1784064602573
3002 silly unfinished npm timer reifyNode:node_modules/detect-node-es 1784064602573
3003 silly unfinished npm timer reifyNode:node_modules/define-properties 1784064602573
3004 silly unfinished npm timer reifyNode:node_modules/define-data-property 1784064602573
3005 silly unfinished npm timer reifyNode:node_modules/deep-is 1784064602573
3006 silly unfinished npm timer reifyNode:node_modules/deep-equal 1784064602573
3007 silly unfinished npm timer reifyNode:node_modules/decimal.js-light 1784064602573
3008 silly unfinished npm timer reifyNode:node_modules/debug 1784064602573
3009 silly unfinished npm timer reifyNode:node_modules/date-fns 1784064602573
3010 silly unfinished npm timer reifyNode:node_modules/data-view-byte-offset 1784064602573
3011 silly unfinished npm timer reifyNode:node_modules/data-view-byte-length 1784064602573
3012 silly unfinished npm timer reifyNode:node_modules/data-view-buffer 1784064602573
3013 silly unfinished npm timer reifyNode:node_modules/damerau-levenshtein 1784064602573
3014 silly unfinished npm timer reifyNode:node_modules/d3-timer 1784064602573
3015 silly unfinished npm timer reifyNode:node_modules/d3-time-format 1784064602573
3016 silly unfinished npm timer reifyNode:node_modules/d3-time 1784064602573
3017 silly unfinished npm timer reifyNode:node_modules/d3-shape 1784064602573
3018 silly unfinished npm timer reifyNode:node_modules/d3-scale 1784064602573
3019 silly unfinished npm timer reifyNode:node_modules/d3-path 1784064602573
3020 silly unfinished npm timer reifyNode:node_modules/d3-interpolate 1784064602573
3021 silly unfinished npm timer reifyNode:node_modules/d3-format 1784064602573
3022 silly unfinished npm timer reifyNode:node_modules/d3-ease 1784064602573
3023 silly unfinished npm timer reifyNode:node_modules/d3-color 1784064602573
3024 silly unfinished npm timer reifyNode:node_modules/d3-array 1784064602573
3025 silly unfinished npm timer reifyNode:node_modules/csstype 1784064602573
3026 silly unfinished npm timer reifyNode:node_modules/cssesc 1784064602573
3027 silly unfinished npm timer reifyNode:node_modules/cross-spawn 1784064602573
3028 silly unfinished npm timer reifyNode:node_modules/concat-map 1784064602573
3029 silly unfinished npm timer reifyNode:node_modules/commander 1784064602573
3030 silly unfinished npm timer reifyNode:node_modules/color-name 1784064602573
3031 silly unfinished npm timer reifyNode:node_modules/color-convert 1784064602573
3032 silly unfinished npm timer reifyNode:node_modules/cmdk 1784064602573
3033 silly unfinished npm timer reifyNode:node_modules/cmdk/node_modules/react-remove-scroll 1784064602573
3034 silly unfinished npm timer reifyNode:node_modules/cmdk/node_modules/@radix-ui/react-use-layout-effect 1784064602573
3035 silly unfinished npm timer reifyNode:node_modules/cmdk/node_modules/@radix-ui/react-use-escape-keydown 1784064602573
3036 silly unfinished npm timer reifyNode:node_modules/cmdk/node_modules/@radix-ui/react-use-controllable-state 1784064602573
3037 silly unfinished npm timer reifyNode:node_modules/cmdk/node_modules/@radix-ui/react-use-callback-ref 1784064602573
3038 silly unfinished npm timer reifyNode:node_modules/cmdk/node_modules/@radix-ui/react-slot 1784064602573
3039 silly unfinished npm timer reifyNode:node_modules/cmdk/node_modules/@radix-ui/react-primitive 1784064602573
3040 silly unfinished npm timer reifyNode:node_modules/cmdk/node_modules/@radix-ui/react-presence 1784064602573
3041 silly unfinished npm timer reifyNode:node_modules/cmdk/node_modules/@radix-ui/react-portal 1784064602573
3042 silly unfinished npm timer reifyNode:node_modules/cmdk/node_modules/@radix-ui/react-id 1784064602573
3043 silly unfinished npm timer reifyNode:node_modules/cmdk/node_modules/@radix-ui/react-focus-scope 1784064602573
3044 silly unfinished npm timer reifyNode:node_modules/cmdk/node_modules/@radix-ui/react-focus-guards 1784064602573
3045 silly unfinished npm timer reifyNode:node_modules/cmdk/node_modules/@radix-ui/react-dismissable-layer 1784064602573
3046 silly unfinished npm timer reifyNode:node_modules/cmdk/node_modules/@radix-ui/react-dialog 1784064602573
3047 silly unfinished npm timer reifyNode:node_modules/cmdk/node_modules/@radix-ui/react-context 1784064602573
3048 silly unfinished npm timer reifyNode:node_modules/cmdk/node_modules/@radix-ui/react-compose-refs 1784064602573
3049 silly unfinished npm timer reifyNode:node_modules/cmdk/node_modules/@radix-ui/primitive 1784064602573
3050 silly unfinished npm timer reifyNode:node_modules/clsx 1784064602573
3051 silly unfinished npm timer reifyNode:node_modules/client-only 1784064602573
3052 silly unfinished npm timer reifyNode:node_modules/class-variance-authority 1784064602573
3053 silly unfinished npm timer reifyNode:node_modules/class-variance-authority/node_modules/clsx 1784064602573
3054 silly unfinished npm timer reifyNode:node_modules/chokidar 1784064602573
3055 silly unfinished npm timer reifyNode:node_modules/chokidar/node_modules/glob-parent 1784064602573
3056 silly unfinished npm timer reifyNode:node_modules/chalk 1784064602573
3057 silly unfinished npm timer reifyNode:node_modules/caniuse-lite 1784064602573
3058 silly unfinished npm timer reifyNode:node_modules/camelcase-css 1784064602573
3059 silly unfinished npm timer reifyNode:node_modules/callsites 1784064602573
3060 silly unfinished npm timer reifyNode:node_modules/call-bind 1784064602573
3061 silly unfinished npm timer reifyNode:node_modules/busboy 1784064602573
3062 silly unfinished npm timer reifyNode:node_modules/browserslist 1784064602573
3063 silly unfinished npm timer reifyNode:node_modules/braces 1784064602573
3064 silly unfinished npm timer reifyNode:node_modules/brace-expansion 1784064602573
3065 silly unfinished npm timer reifyNode:node_modules/binary-extensions 1784064602573
3066 silly unfinished npm timer reifyNode:node_modules/balanced-match 1784064602573
3067 silly unfinished npm timer reifyNode:node_modules/axobject-query 1784064602573
3068 silly unfinished npm timer reifyNode:node_modules/axe-core 1784064602573
3069 silly unfinished npm timer reifyNode:node_modules/available-typed-arrays 1784064602573
3070 silly unfinished npm timer reifyNode:node_modules/autoprefixer 1784064602573
3071 silly unfinished npm timer reifyNode:node_modules/ast-types-flow 1784064602573
3072 silly unfinished npm timer reifyNode:node_modules/arraybuffer.prototype.slice 1784064602573
3073 silly unfinished npm timer reifyNode:node_modules/array.prototype.tosorted 1784064602573
3074 silly unfinished npm timer reifyNode:node_modules/array.prototype.flatmap 1784064602573
3075 silly unfinished npm timer reifyNode:node_modules/array.prototype.flat 1784064602573
3076 silly unfinished npm timer reifyNode:node_modules/array.prototype.findlastindex 1784064602573
3077 silly unfinished npm timer reifyNode:node_modules/array.prototype.findlast 1784064602573
3078 silly unfinished npm timer reifyNode:node_modules/array-union 1784064602573
3079 silly unfinished npm timer reifyNode:node_modules/array-includes 1784064602573
3080 silly unfinished npm timer reifyNode:node_modules/array-buffer-byte-length 1784064602573
3081 silly unfinished npm timer reifyNode:node_modules/aria-query 1784064602573
3082 silly unfinished npm timer reifyNode:node_modules/aria-hidden 1784064602573
3083 silly unfinished npm timer reifyNode:node_modules/argparse 1784064602573
3084 silly unfinished npm timer reifyNode:node_modules/arg 1784064602574
3085 silly unfinished npm timer reifyNode:node_modules/anymatch 1784064602574
3086 silly unfinished npm timer reifyNode:node_modules/any-promise 1784064602574
3087 silly unfinished npm timer reifyNode:node_modules/ansi-styles 1784064602574
3088 silly unfinished npm timer reifyNode:node_modules/ansi-regex 1784064602574
3089 silly unfinished npm timer reifyNode:node_modules/ajv 1784064602574
3090 silly unfinished npm timer reifyNode:node_modules/acorn-jsx 1784064602574
3091 silly unfinished npm timer reifyNode:node_modules/acorn 1784064602574
3092 silly unfinished npm timer reifyNode:node_modules/@typescript-eslint/visitor-keys 1784064602574
3093 silly unfinished npm timer reifyNode:node_modules/@typescript-eslint/typescript-estree 1784064602574
3094 silly unfinished npm timer reifyNode:node_modules/@typescript-eslint/typescript-estree/node_modules/minimatch 1784064602574
3095 silly unfinished npm timer reifyNode:node_modules/@typescript-eslint/typescript-estree/node_modules/brace-expansion 1784064602574
3096 silly unfinished npm timer reifyNode:node_modules/@typescript-eslint/types 1784064602574
3097 silly unfinished npm timer reifyNode:node_modules/@typescript-eslint/scope-manager 1784064602574
3098 silly unfinished npm timer reifyNode:node_modules/@typescript-eslint/parser 1784064602574
3099 silly unfinished npm timer reifyNode:node_modules/@types/ws 1784064602574
3100 silly unfinished npm timer reifyNode:node_modules/@types/scheduler 1784064602574
3101 silly unfinished npm timer reifyNode:node_modules/@types/react-dom 1784064602574
3102 silly unfinished npm timer reifyNode:node_modules/@types/react 1784064602574
3103 silly unfinished npm timer reifyNode:node_modules/@types/prop-types 1784064602574
3104 silly unfinished npm timer reifyNode:node_modules/@types/phoenix 1784064602574
3105 silly unfinished npm timer reifyNode:node_modules/@types/node 1784064602574
3106 silly unfinished npm timer reifyNode:node_modules/@types/json5 1784064602574
3107 silly unfinished npm timer reifyNode:node_modules/@types/d3-timer 1784064602574
3108 silly unfinished npm timer reifyNode:node_modules/@types/d3-time 1784064602574
3109 silly unfinished npm timer reifyNode:node_modules/@types/d3-shape 1784064602574
3110 silly unfinished npm timer reifyNode:node_modules/@types/d3-scale 1784064602574
3111 silly unfinished npm timer reifyNode:node_modules/@types/d3-path 1784064602574
3112 silly unfinished npm timer reifyNode:node_modules/@types/d3-interpolate 1784064602574
3113 silly unfinished npm timer reifyNode:node_modules/@types/d3-ease 1784064602574
3114 silly unfinished npm timer reifyNode:node_modules/@types/d3-color 1784064602574
3115 silly unfinished npm timer reifyNode:node_modules/@types/d3-array 1784064602574
3116 silly unfinished npm timer reifyNode:node_modules/@swc/helpers 1784064602574
3117 silly unfinished npm timer reifyNode:node_modules/@supabase/supabase-js 1784064602574
3118 silly unfinished npm timer reifyNode:node_modules/@supabase/storage-js 1784064602574
3119 silly unfinished npm timer reifyNode:node_modules/@supabase/realtime-js 1784064602574
3120 silly unfinished npm timer reifyNode:node_modules/@supabase/postgrest-js 1784064602574
3121 silly unfinished npm timer reifyNode:node_modules/@supabase/node-fetch 1784064602574
3122 silly unfinished npm timer reifyNode:node_modules/@supabase/functions-js 1784064602574
3123 silly unfinished npm timer reifyNode:node_modules/@supabase/auth-js 1784064602574
3124 silly unfinished npm timer reifyNode:node_modules/@rushstack/eslint-patch 1784064602574
3125 silly unfinished npm timer reifyNode:node_modules/@rtsao/scc 1784064602574
3126 silly unfinished npm timer reifyNode:node_modules/@radix-ui/rect 1784064602574
3127 silly unfinished npm timer reifyNode:node_modules/@radix-ui/react-visually-hidden 1784064602574
3128 silly unfinished npm timer reifyNode:node_modules/@radix-ui/react-use-size 1784064602574
3129 silly unfinished npm timer reifyNode:node_modules/@radix-ui/react-use-rect 1784064602574
3130 silly unfinished npm timer reifyNode:node_modules/@radix-ui/react-use-previous 1784064602574
3131 silly unfinished npm timer reifyNode:node_modules/@radix-ui/react-use-layout-effect 1784064602574
3132 silly unfinished npm timer reifyNode:node_modules/@radix-ui/react-use-escape-keydown 1784064602574
3133 silly unfinished npm timer reifyNode:node_modules/@radix-ui/react-use-controllable-state 1784064602574
3134 silly unfinished npm timer reifyNode:node_modules/@radix-ui/react-use-callback-ref 1784064602574
3135 silly unfinished npm timer reifyNode:node_modules/@radix-ui/react-tooltip 1784064602574
3136 silly unfinished npm timer reifyNode:node_modules/@radix-ui/react-toggle-group 1784064602574
3137 silly unfinished npm timer reifyNode:node_modules/@radix-ui/react-toggle-group/node_modules/@radix-ui/react-context 1784064602574
3138 silly unfinished npm timer reifyNode:node_modules/@radix-ui/react-toggle 1784064602574
3139 silly unfinished npm timer reifyNode:node_modules/@radix-ui/react-toast 1784064602574
3140 silly unfinished npm timer reifyNode:node_modules/@radix-ui/react-tabs 1784064602574
3141 silly unfinished npm timer reifyNode:node_modules/@radix-ui/react-switch 1784064602574
3142 silly unfinished npm timer reifyNode:node_modules/@radix-ui/react-slot 1784064602574
3143 silly unfinished npm timer reifyNode:node_modules/@radix-ui/react-slider 1784064602574
3144 silly unfinished npm timer reifyNode:node_modules/@radix-ui/react-separator 1784064602574
3145 silly unfinished npm timer reifyNode:node_modules/@radix-ui/react-select 1784064602574
3146 silly unfinished npm timer reifyNode:node_modules/@radix-ui/react-scroll-area 1784064602574
3147 silly unfinished npm timer reifyNode:node_modules/@radix-ui/react-roving-focus 1784064602574
3148 silly unfinished npm timer reifyNode:node_modules/@radix-ui/react-roving-focus/node_modules/@radix-ui/react-context 1784064602574
3149 silly unfinished npm timer reifyNode:node_modules/@radix-ui/react-radio-group 1784064602574
3150 silly unfinished npm timer reifyNode:node_modules/@radix-ui/react-progress 1784064602574
3151 silly unfinished npm timer reifyNode:node_modules/@radix-ui/react-progress/node_modules/@radix-ui/react-context 1784064602574
3152 silly unfinished npm timer reifyNode:node_modules/@radix-ui/react-primitive 1784064602574
3153 silly unfinished npm timer reifyNode:node_modules/@radix-ui/react-presence 1784064602574
3154 silly unfinished npm timer reifyNode:node_modules/@radix-ui/react-portal 1784064602574
3155 silly unfinished npm timer reifyNode:node_modules/@radix-ui/react-popper 1784064602574
3156 silly unfinished npm timer reifyNode:node_modules/@radix-ui/react-popper/node_modules/@radix-ui/react-context 1784064602574
3157 silly unfinished npm timer reifyNode:node_modules/@radix-ui/react-popover 1784064602574
3158 silly unfinished npm timer reifyNode:node_modules/@radix-ui/react-navigation-menu 1784064602574
3159 silly unfinished npm timer reifyNode:node_modules/@radix-ui/react-menubar 1784064602574
3160 silly unfinished npm timer reifyNode:node_modules/@radix-ui/react-menu 1784064602574
3161 silly unfinished npm timer reifyNode:node_modules/@radix-ui/react-label 1784064602574
3162 silly unfinished npm timer reifyNode:node_modules/@radix-ui/react-id 1784064602574
3163 silly unfinished npm timer reifyNode:node_modules/@radix-ui/react-hover-card 1784064602574
3164 silly unfinished npm timer reifyNode:node_modules/@radix-ui/react-focus-scope 1784064602574
3165 silly unfinished npm timer reifyNode:node_modules/@radix-ui/react-focus-guards 1784064602574
3166 silly unfinished npm timer reifyNode:node_modules/@radix-ui/react-dropdown-menu 1784064602574
3167 silly unfinished npm timer reifyNode:node_modules/@radix-ui/react-dismissable-layer 1784064602574
3168 silly unfinished npm timer reifyNode:node_modules/@radix-ui/react-direction 1784064602574
3169 silly unfinished npm timer reifyNode:node_modules/@radix-ui/react-dialog 1784064602574
3170 silly unfinished npm timer reifyNode:node_modules/@radix-ui/react-context-menu 1784064602574
3171 silly unfinished npm timer reifyNode:node_modules/@radix-ui/react-context 1784064602574
3172 silly unfinished npm timer reifyNode:node_modules/@radix-ui/react-compose-refs 1784064602574
3173 silly unfinished npm timer reifyNode:node_modules/@radix-ui/react-collection 1784064602574
3174 silly unfinished npm timer reifyNode:node_modules/@radix-ui/react-collection/node_modules/@radix-ui/react-context 1784064602574
3175 silly unfinished npm timer reifyNode:node_modules/@radix-ui/react-collapsible 1784064602574
3176 silly unfinished npm timer reifyNode:node_modules/@radix-ui/react-checkbox 1784064602574
3177 silly unfinished npm timer reifyNode:node_modules/@radix-ui/react-avatar 1784064602575
3178 silly unfinished npm timer reifyNode:node_modules/@radix-ui/react-aspect-ratio 1784064602575
3179 silly unfinished npm timer reifyNode:node_modules/@radix-ui/react-arrow 1784064602575
3180 silly unfinished npm timer reifyNode:node_modules/@radix-ui/react-alert-dialog 1784064602575
3181 silly unfinished npm timer reifyNode:node_modules/@radix-ui/react-accordion 1784064602575
3182 silly unfinished npm timer reifyNode:node_modules/@radix-ui/primitive 1784064602575
3183 silly unfinished npm timer reifyNode:node_modules/@radix-ui/number 1784064602575
3184 silly unfinished npm timer reifyNode:node_modules/@nolyfill/is-core-module 1784064602575
3185 silly unfinished npm timer reifyNode:node_modules/@nodelib/fs.walk 1784064602575
3186 silly unfinished npm timer reifyNode:node_modules/@nodelib/fs.stat 1784064602575
3187 silly unfinished npm timer reifyNode:node_modules/@nodelib/fs.scandir 1784064602575
3188 silly unfinished npm timer reifyNode:node_modules/@next/swc-wasm-nodejs 1784064602575
3189 silly unfinished npm timer reifyNode:node_modules/@next/eslint-plugin-next 1784064602575
3190 silly unfinished npm timer reifyNode:node_modules/@next/env 1784064602575
3191 silly unfinished npm timer reifyNode:node_modules/@netlify/plugin-nextjs 1784064602575
3192 silly unfinished npm timer reifyNode:node_modules/@jridgewell/trace-mapping 1784064602575
3193 silly unfinished npm timer reifyNode:node_modules/@jridgewell/sourcemap-codec 1784064602575
3194 silly unfinished npm timer reifyNode:node_modules/@jridgewell/set-array 1784064602575
3195 silly unfinished npm timer reifyNode:node_modules/@jridgewell/resolve-uri 1784064602575
3196 silly unfinished npm timer reifyNode:node_modules/@jridgewell/gen-mapping 1784064602575
3197 silly unfinished npm timer reifyNode:node_modules/@isaacs/cliui 1784064602575
3198 silly unfinished npm timer reifyNode:node_modules/@isaacs/cliui/node_modules/strip-ansi 1784064602575
3199 silly unfinished npm timer reifyNode:node_modules/@isaacs/cliui/node_modules/ansi-regex 1784064602575
3200 silly unfinished npm timer reifyNode:node_modules/@humanwhocodes/object-schema 1784064602575
3201 silly unfinished npm timer reifyNode:node_modules/@humanwhocodes/module-importer 1784064602575
3202 silly unfinished npm timer reifyNode:node_modules/@humanwhocodes/config-array 1784064602575
3203 silly unfinished npm timer reifyNode:node_modules/@hookform/resolvers 1784064602575
3204 silly unfinished npm timer reifyNode:node_modules/@floating-ui/utils 1784064602575
3205 silly unfinished npm timer reifyNode:node_modules/@floating-ui/react-dom 1784064602575
3206 silly unfinished npm timer reifyNode:node_modules/@floating-ui/dom 1784064602575
3207 silly unfinished npm timer reifyNode:node_modules/@floating-ui/core 1784064602575
3208 silly unfinished npm timer reifyNode:node_modules/@eslint/js 1784064602575
3209 silly unfinished npm timer reifyNode:node_modules/@eslint/eslintrc 1784064602575
3210 silly unfinished npm timer reifyNode:node_modules/@eslint-community/regexpp 1784064602575
3211 silly unfinished npm timer reifyNode:node_modules/@eslint-community/eslint-utils 1784064602575
3212 silly unfinished npm timer reifyNode:node_modules/@babel/runtime 1784064602575
3213 silly unfinished npm timer reifyNode:node_modules/@alloc/quick-lru 1784064602575
3214 verbose cwd C:\Users\Admin\Downloads\project
3215 verbose os Windows_NT 10.0.19045
3216 verbose node v26.5.0
3217 verbose npm  v11.17.0
3218 verbose exit 1
3219 verbose code 1
3220 error A complete log of this run can be found in: C:\Users\Admin\Downloads\project\.npm-cache\_logs\2026-07-14T21_29_59_600Z-debug-0.log
